0.027250603311032212,0.06145694897291121
0.02725114696208472,0.06145826076553673
0.027251745188749982,0.06145956397656893
0.027252300758122877,0.06146087994698446
0.027252860074082813,0.061462203006506066
0.02725344666848567,0.06146351839776698
0.027253980664433172,0.06146482772571016
0.02725452546796865,0.061466133208428864
0.027255063205563687,0.06146743183466363
0.02725564805052752,0.061468743126395164
0.02725620826783172,0.06147005159454866
0.027256770488094204,0.06147135697830275
0.027257310907677884,0.06147266658457318
0.02725785803171414,0.06147397570887314
0.02725842395045458,0.061475288499009184
0.027258996640276534,0.061476607762158686
0.027259541644690632,0.061477926612700906
0.027260094723340206,0.06147924314094777
0.02726065235863591,0.06148055314454248
0.02726120353747806,0.06148186201684802
0.02726175887158805,0.06148316732069925
0.02726230937752458,0.061484471072989044
0.027262886661725466,0.06148579223006012
0.0272634438852513,0.06148712993457084
0.027263970674200097,0.06148845879214537
0.02726451400105369,0.0614897751732284
0.02726508634712317,0.061491082686302656
0.027265650992633075,0.06149239350304658
0.027266216590678766,0.06149370474063287
0.027266755010566995,0.06149502008181218
0.027267279241342327,0.06149633035894908
0.027267832558165936,0.06149764079566922
0.02726837210431375,0.06149894459688032
0.027268939872245795,0.061500263848754955
0.027269483649389414,0.06150156978995325
0.027270055642742735,0.061502871854036134
0.027270603156093656,0.06150418332442664
0.027271162145696845,0.06150550316034764
0.02727170961588933,0.06150682059296053
0.02727223772087395,0.06150813066237282
0.027272772652299077,0.061509440451459896
0.027273311738519698,0.0615107496814723
0.027273863586924033,0.061512068263278374
0.027274424776481718,0.06151338637738002
0.027274994686135173,0.061514695340366576
0.027275576496826867,0.061515998908489244
0.02727615456355853,0.06151733785362312
0.027276686564576505,0.061518663554354314
0.027277237587262554,0.061519976011249033
0.027277799040893128,0.061521290247810834
0.02727836114764358,0.06152259466564902
0.02727890558683474,0.06152391212839892
0.027279468454426373,0.06152521742137862
0.027280025066690028,0.061526525497329954
0.027280577982456575,0.061527833088102835
0.027281102674058186,0.06152914502732498
0.027281677400658566,0.0615304590782757
0.027282242106074328,0.06153176370079205
0.027282819038106074,0.06153307711966016
0.027283413504316845,0.06153440654630371
0.027284000780049444,0.06153573130622425
0.027284564539797607,0.06153706514844404
0.02728510936612452,0.061538383655268536
0.027285685950549143,0.06153971501080191
0.027286249657754183,0.061541039049495816
0.027286779159964525,0.06154235833007382
0.027287315564413966,0.06154366566014624
0.02728788496984455,0.06154498408531317
0.027288475435086154,0.06154631063483751
0.027289018778031263,0.061547630420627275
0.02728957182932859,0.061548941584052774
0.02729014156601238,0.061550269899218635
0.027290703655002455,0.06155157946344392
0.027291234128158093,0.06155288847714302
0.027291829334954026,0.06155420768225339
0.027292379017950355,0.06155552405298459
0.027292935810573585,0.0615568334844282
0.02729351736993943,0.061558147059264434
0.02729407102730015,0.06155946906402998
0.02729461583596128,0.0615607848892431
0.027295171620902114,0.06156210420598074
0.027295735452655803,0.061563429238787326
0.027296278953695643,0.061564743937212785
0.027296830539484354,0.061566052224152124
0.027297377477069035,0.061567362718570995
0.02729793169793847,0.06156867170521796
0.027298485533748973,0.06156997899369321
0.027299023441732226,0.06157129171938269
0.027299577204253855,0.06157260320394731
0.027300154355821338,0.061573923713508005
0.02730070211846923,0.061575236777635656
0.02730127214081636,0.061576542705570225
0.027301828225045927,0.06157786709063606
0.027302407014528976,0.06157918598385903
0.027302964810049915,0.061580501367009544
0.02730351252030276,0.06158181688586095
0.02730406167597413,0.06158312746865069
0.027304599615419603,0.06158444046206035
0.02730514014770284,0.06158575544995737
0.02730568195386661,0.06158706341319764
0.027306233858317305,0.06158836804850365
0.027306811206275067,0.061589686687374856
0.02730738814494106,0.06159099176337135
0.027307970058422143,0.06159230067903698
0.027308526412288273,0.061593616027222686
0.027309057830465708,0.061594923959191306
0.027309618366030602,0.06159622623046013
0.027310180305817416,0.06159754813763929
0.02731072058468588,0.06159887108115525
0.02731127667691917,0.06160019109071069
0.027311827778594158,0.06160151505617684
0.027312376448246342,0.06160282449230281
0.027312934749474965,0.06160413341415116
0.027313485231287432,0.06160543484082681
0.02731408377713726,0.06160675639885349
0.027314670805844155,0.06160806751338288
0.02731527814013794,0.061609395150592716
0.027315827689152347,0.06161072158964598
0.027316373333635693,0.06161204252203056
0.02731694556241869,0.06161336177478571
0.02731750214068844,0.061614678901561803
0.027318061317426034,0.06161600422280278
0.027318635112511633,0.0616173111634033
0.027319196134018134,0.0616186215935266
0.027319750530871392,0.0616199318322892
0.02732033324966235,0.061621248080101165
0.027320897303457325,0.06162256286869561
0.027321419604860037,0.061623886532324645
0.027321935110311238,0.06162519660001409
0.027322475990413583,0.061626508425538185
0.027323031429413475,0.061627831715480474
0.027323574782614587,0.061629154617402926
0.027324121224139603,0.061630461156792826
0.027324686061282147,0.061631763870452994
0.0273252432084575,0.061633076383538765
0.02732580240929379,0.0616343912242584
0.027326373358488046,0.06163569703543481
0.0273269470598501,0.06163700333196498
0.027327512674065538,0.06163832016955639
0.02732807168120112,0.06163963755072355
0.027328609738330734,0.06164094487573102
0.027329175389989885,0.06164225503461396
0.02732976359428714,0.06164356607198718
0.02733034947514633,0.06164488056882922
0.027330914081175647,0.061646198394969876
0.027331457093636102,0.06164750959645926
0.027332023746605677,0.0616488202283747
0.027332613579956866,0.06165014827888893
0.027333167025011276,0.0616514869125373
0.027333724767482775,0.061652805566127844
0.027334251477328528,0.061654114807064286
0.027334812439594305,0.06165542763852472
0.027335386311132845,0.061656731007652565
0.027335917175826813,0.06165804846687595
0.027336454334454335,0.06165937101124952
0.027336997371709276,0.06166069191201451
0.027337554194377986,0.061662017120069246
0.027338137227388093,0.061663336702575955
0.027338689031424848,0.061664652462749436
0.02733927133189598,0.06166597183838729
0.027339826046593865,0.061667289986260254
0.027340375168195458,0.06166859603793173
0.027340912705776377,0.06166990222217128
0.02734146609803112,0.06167121143777177
0.027342019832206438,0.06167251412332031
0.02734255653834254,0.06167382968203494
0.02734310717280007,0.061675138409671315
0.02734364649339449,0.061676444205550296
0.027344196921405023,0.06167775090502836
0.027344743150162387,0.061679062208036095
0.02734527720290264,0.06168036989537584
0.027345822712965026,0.061681673585824326
0.027346364603788045,0.06168298544919815
0.027346916993039774,0.06168430016120707
0.027347489716120166,0.061685612046431415
0.027348032541248374,0.061686918586870254
0.02734860695332235,0.061688227943349494
0.02734916897311089,0.061689545859614836
0.027349716395197787,0.06169085654219142
0.027350271090710587,0.06169215749147883
0.027350819908207646,0.06169346479752269
0.027351371945228367,0.061694774861851265
0.02735193860340819,0.06169608299786156
0.027352476357909272,0.061697399028465605
0.027353031243185985,0.06169870916912934
0.027353587262947232,0.06170002842567501
0.02735415272238384,0.06170134633672952
0.027354734881738188,0.06170266192604246
0.027355304788043183,0.06170400313084523
0.027355893420466584,0.061705358142036926
0.02735645362735037,0.0617066824975564
0.027357021665737724,0.06170801658108105
0.027357596231405282,0.0617093339126924
0.027358183693828322,0.06171067663199581
0.027358735091644396,0.06171200598017812
0.027359284085641672,0.061713321126382836
0.027359820736819168,0.061714623063430674
0.02736041163638185,0.06171593691766619
0.027360966334347037,0.061717262792663985
0.027361536455834723,0.06171857794503577
0.0273621029690488,0.061719895686643156
0.02736265718017536,0.06172122888291498
0.02736320886573755,0.06172256950670374
0.027363796296692194,0.06172390099288039
0.027364383654107663,0.06172522679549686
0.02736494868621768,0.06172654260019106
0.027365501460913447,0.06172784874235204
0.02736608112713744,0.06172916197985567
0.027366651046672644,0.06173047839554002
0.027367198838174484,0.061731789541083715
0.027367746926967654,0.061733106475237776
0.027368298968899515,0.06173443113097554
0.02736884203182162,0.06173575595664382
0.027369385568086144,0.061737067475026164
0.027369946123052324,0.06173837981097885
0.02737052774432329,0.06173968836527466
0.02737107520771022,0.0617409989493628
0.027371621496197207,0.06174230815859427
0.027372183570844796,0.06174361789236138
0.02737275325913384,0.06174494714919199
0.027373294447225582,0.061746266365185876
0.027373823162197913,0.06174757442307466
0.027374351881545994,0.06174888136794654
0.027374888604172642,0.06175019022900696
0.027375434642456384,0.06175149700156901
0.027375976855129575,0.06175280431410812
0.027376542953159957,0.06175411476794168
0.027377102454108765,0.061755438090367765
0.027377666932883488,0.06175675355571586
0.027378229714396476,0.061758059939010734
0.02737880820106152,0.06175937801272746
0.027379371654044762,0.06176069399391104
0.027379922729845713,0.06176200388552566
0.027380471273041038,0.06176330956312426
0.02738101175863504,0.06176461536077227
0.02738157313255593,0.06176592841835249
0.02738214376156338,0.06176723461346867
0.027382728004565496,0.061768560352937874
0.02738327562023113,0.06176988894030633
0.027383822548121342,0.061771207332384614
0.02738440693641979,0.06177252498275254
0.02738495907204988,0.061773841396634444
0.027385506607794416,0.0617751558439853
0.02738605768208946,0.06177646649492219
0.02738659937576951,0.061777781530153786
0.027387135632368345,0.061779091397678676
0.02738767599048282,0.06178039879627806
0.02738824205340816,0.06178171030804813
0.027388793143472215,0.06178301731372804
0.02738934396754418,0.06178432992482119
0.027389906273733014,0.061785634824987556
0.02739047381748795,0.06178694271465379
0.02739105358952036,0.06178825211538286
0.027391602807495738,0.061789570117856685
0.027392154243153485,0.06179088392072296
0.02739274065634366,0.06179220504792293
0.027393297128169583,0.061793524774096165
0.027393877469501393,0.061794854308798164
0.027394443482344683,0.06179617787110303
0.027394988013075924,0.0617974893793799
0.02739552945566584,0.06179879984840053
0.027396071279725057,0.061800115858337334
0.02739658853931859,0.06180142496060548
0.027397142816534242,0.0618027362704241
0.02739770816021088,0.06180404067423717
0.027398256817298877,0.06180535827822797
0.02739882872848025,0.061806663109491455
0.027399382656038446,0.06180798506091556
0.027399936459671356,0.061809302051234805
0.02740048080954044,0.061810613768039535
0.02740106619067642,0.061811931816046495
0.02740160440627941,0.06181324216879869
0.027402134765216815,0.06181455084579046
0.027402703188233624,0.06181586800966432
0.027403256661276743,0.06181719881374881
0.027403826257821354,0.06181850625407015
0.027404364351017202,0.06181981765884115
0.027404892217960816,0.061821125099093543
0.027405425071904632,0.06182245106797879
0.0274059416148921,0.061823765187164814
0.02740649445707667,0.06182507512567692
0.027407058713733126,0.06182639009747293
0.027407616625953035,0.06182772527580915
0.02740815921878982,0.06182905322990884
0.02740873358903112,0.061830371237399095
0.027409269020039706,0.061831686129474095
0.027409835865289736,0.06183299884918059
0.027410411769455384,0.06183430433002579
0.0274109720190506,0.06183561437897667
0.027411512600938742,0.0618369336370429
0.027412053524687355,0.06183826243223234
0.027412600135351226,0.061839577810375634
0.027413154030682813,0.06184088728101289
0.02741372551092068,0.06184220315221134
0.027414277896343875,0.06184351478025274
0.02741484988157647,0.06184483888149528
0.027415409888861597,0.061846144742848996
0.027415972906765465,0.06184745725220919
0.027416526417494327,0.061848781213950654
0.02741707329106316,0.06185010267035884
0.027417644352259657,0.061851406967792566
0.0274182054659715,0.06185271917613666
0.027418755145631343,0.06185402608885482
0.0274193185033966,0.061855343976707
0.027419887566109746,0.06185665212408076
0.027420466286519896,0.06185795975249353
0.02742100895542357,0.06185927119615997
0.027421567256722817,0.06186058903225666
0.027422113225755385,0.06186190136815284
0.027422680150897077,0.06186321476434553
0.027423251184670094,0.061864532038671594
0.027423818431032004,0.06186585108515785
0.027424375519863084,0.06186716421198335
0.02742494244320251,0.061868474506694526
0.02742549731114048,0.06186978747379179
0.02742605055507366,0.06187109000559732
0.027426628347128293,0.06187241515487607
0.027427212414273344,0.06187375056431432
0.02742778482354724,0.061875083289058996
0.027428324940860282,0.06187640983605913
0.027428859497574384,0.061877726449742654
0.02742940142793293,0.06187903617001045
0.027429952146479072,0.061880358415983605
0.027430497294340425,0.0618816892883719
0.027431055883571365,0.06188301174351485
0.027431639667728394,0.061884335810807656
0.027432193492717097,0.06188566074429369
0.0274327366552118,0.061886975439213954
0.027433277198555123,0.06188828580026362
0.02743383353568854,0.06188959581674236
0.027434362058019898,0.06189091047441464
0.027434909832648097,0.06189223135708888
0.027435457991165896,0.06189354543583181
0.027436029359615727,0.061894855164973395
0.027436586329504686,0.06189617300271877
0.027437145275270955,0.06189747467115403
0.02743768306995345,0.061898786086381996
0.02743823475506993,0.06190009385238304
0.027438779565504987,0.061901406595731956
0.027439335533541276,0.06190271671791536
0.027439910082549104,0.06190404417027762
0.027440503634348967,0.06190535122583407
0.02744107510689872,0.06190665773913406
0.027441631251410123,0.061907972932203514
0.027442207130991852,0.06190929410819668
0.027442752627596545,0.0619106284484372
0.027443302496423197,0.061911943353280874
0.027443845900171654,0.06191326048387824
0.027444375343213978,0.061914571375655814
0.027444899049429705,0.061915883015989936
0.027445421019177005,0.061917195239769796
0.02744596580860871,0.06191850369352647
0.027446515162956875,0.06191982104142679
0.02744709438675727,0.06192112565352892
0.027447632615986428,0.06192244260919211
0.02744816921938059,0.06192375304842379
0.027448715747954516,0.061925064663874485
0.027449275600808218,0.06192637104743426
0.027449837693108575,0.06192767696970014
0.02745039274654229,0.06192898637202937
0.027450992908774133,0.06193030238138453
0.027451569417402913,0.06193161025451499
0.027452135715650347,0.061932914234275716
0.02745266930636253,0.06193422439399532
0.027453220921168434,0.06193552923155832
0.0274537820151856,0.06193683919616755
0.027454322366615658,0.06193815156891502
0.02745486714620926,0.061939460532197566
0.0274554132306309,0.06194076437102092
0.02745598667832161,0.06194209225720815
0.02745654566204267,0.061943416269808704
0.02745709876216422,0.06194472774248305
0.02745768062420821,0.06194604409695481
0.027458253298583382,0.06194737307042908
0.02745880637685949,0.06194868689280797
0.027459366126530674,0.06195000630287617
0.027459926954949823,0.06195132197998943
0.027460476454012978,0.0619526360197179
0.02746104504719475,0.06195395081315758
0.027461610082056775,0.06195526193371548
0.027462170991876186,0.061956567435459076
0.027462713137728814,0.06195787194900815
0.02746327864362383,0.06195918733331862
0.027463828291153708,0.061960513648497195
0.027464375050512635,0.06196182814658746
0.027464957182704072,0.061963154088905514
0.02746552567714379,0.061964476785578926
0.027466096815344176,0.06196580001736418
0.02746664738602536,0.0619671230271126
0.02746720629672421,0.061968437883790806
0.027467753684235152,0.06196974791833221
0.027468295928382624,0.06197105739251796
0.02746885259722376,0.0619723618893393
0.02746940391696849,0.06197366841158891
0.027469994496192945,0.061974994707648556
0.027470572996708173,0.061976322195757216
0.027471147988621214,0.061977639780464666
0.027471707959472846,0.061978956660796225
0.027472247761730184,0.06198026918467903
0.027472800597546143,0.06198157633230028
0.027473368376368296,0.06198287731176977
0.02747393102201448,0.061984208908303806
0.027474530223692686,0.06198552897849041
0.027475116038750302,0.06198684775807062
0.02747567931635307,0.061988176250121096
0.02747626595751093,0.06198950403026848
0.027476850577302758,0.06199082922143884
0.02747743733811822,0.061992144900232304
0.027478007604592666,0.06199346720993948
0.02747856575739069,0.06199478577474482
0.02747911605456485,0.06199609861025979
0.027479663488291672,0.06199741580906204
0.027480205336148186,0.06199872830152742
0.027480767815053486,0.062000040437557136
0.027481327336570216,0.06200136238761056
0.02748188485358602,0.062002672710771645
0.027482443121635336,0.06200398975635446
0.027483042271591054,0.062005299321247875
0.02748358252508376,0.062006630002116814
0.027484123484159156,0.06200795657803615
0.02748470560828019,0.062009282383925224
0.027485279962848413,0.06201061302928157
0.027485830541427766,0.06201193583016806
0.027486350630516507,0.06201324605782299
0.02748694858884905,0.06201458141665839
0.02748750413811009,0.062015890673268625
0.027488070022850628,0.062017202653323444
0.027488619450160984,0.06201851743399123
0.027489174848700698,0.06201983630434538
0.027489748176724366,0.06202115529341701
0.027490271387234408,0.062022472501276016
0.027490817900522796,0.06202378043053036
0.027491378387570722,0.0620250941406687
0.02749194592406988,0.062026398856987575
0.027492503104092528,0.06202770771867894
0.027493035867567142,0.06202901479378864
0.027493591801005787,0.06203031696253014
0.027494169899602308,0.06203165334283822
0.027494717629485146,0.06203297713646172
0.02749526109715031,0.06203428918057785
0.027495841610527774,0.06203560399018382
0.02749638468465404,0.06203692641016001
0.027496909575637662,0.06203823623744498
0.027497442617994125,0.06203954692275215
0.027497974588484422,0.062040849523029906
0.027498516944993612,0.0620421609386379
0.027499088146632544,0.06204346560372309
0.02749966011042089,0.062044780157817114
0.027500240267207834,0.06204610332682681
0.02750080973415034,0.062047422566042676
0.027501399976092716,0.0620487387904638
0.02750194929757732,0.062050071975875865
0.027502488376704645,0.06205139448129282
0.02750303770410481,0.06205271663188838
0.027503601154840546,0.062054039418517726
0.027504160655682133,0.062055333006560076
0.027504728485639868,0.06205666205468785
0.027505278636169278,0.062057994256509263
0.027505835733832418,0.06205931232956485
0.02750639950569231,0.06206062916350841
0.027506976794423474,0.0620619498632653
0.027507530060788127,0.06206324347889314
0.027508109686850163,0.06206456153016526
0.02750867146996673,0.06206587873156255
0.027509213993438086,0.06206719512974279
0.027509771844525258,0.06206850168891942
0.027510334554056007,0.06206981453024407
0.027510920308205733,0.06207112592800301
0.027511479566246805,0.06207244759406538
0.0275120367697064,0.062073784455173975
0.027512565781520962,0.062075098177127974
0.02751313748811647,0.06207640318259433
0.027513684077640196,0.06207771933064887
0.027514249541508523,0.06207903168329432
0.02751478579456204,0.0620803428656852
0.027515329253482143,0.06208164777056113
0.027515887136239037,0.06208295796026553
0.027516449407037485,0.06208426924690935
0.027517003488042882,0.06208557674771176
0.02751754866085561,0.06208688428220588
0.02751812672013304,0.06208821098207851
0.027518692307424722,0.06208954547078405
0.027519273135044722,0.06209087568888272
0.027519834162789567,0.062092180992909474
0.02752036848588596,0.06209349019799015
0.027520918967078395,0.06209480030670911
0.027521461697789268,0.062096115481547254
0.027522028759689177,0.06209741747754527
0.027522574804951766,0.06209872742992628
0.027523122063160155,0.06210004712775585
0.027523709251029357,0.062101373942335836
0.027524288436835645,0.062102694526969926
0.02752482469620847,0.0621040079905496
0.02752537920337285,0.06210531870255054
0.02752595194178535,0.06210662996530791
0.02752650271627656,0.062107944497001744
0.027527046724680024,0.062109255749614456
0.027527638293971687,0.062110562326045615
0.027528168315527096,0.06211188467673168
0.027528710511231264,0.06211320804584963
0.0275292643384991,0.06211451585970207
0.027529846887540912,0.062115827633073994
0.027530369760370446,0.06211713289176357
0.027530888640866613,0.06211844340410311
0.02753145047479534,0.06211974703814127
0.02753202880206229,0.0621210636090318
0.02753262209119732,0.06212238298866568
0.027533177334730444,0.06212370997433758
0.027533747526629127,0.06212502193807312
0.02753431466266333,0.062126339937487396
0.02753485422874781,0.06212765515966623
0.02753538244667872,0.06212896831515258
0.027535938415835126,0.06213027080551026
0.027536493703647108,0.062131589084228334
0.027537059377401613,0.06213290305850483
0.02753760520341446,0.062134214183200864
0.027538149151337232,0.06213551753150537
0.027538724756095673,0.06213682271333654
0.027539271340914467,0.06213814002412943
0.027539810729073466,0.06213945855575975
0.02754039059651417,0.06214076740394081
0.027540922049206926,0.06214208871014293
0.027541461084664126,0.06214339942951208
0.027541973716794274,0.06214471048694814
0.027542498888066563,0.06214602808465375
0.027543043155342117,0.06214733412901707
0.027543586223344074,0.06214864303827827
0.027544123289335587,0.06214995310262883
0.027544675421394535,0.06215125788378173
0.027545240653102238,0.06215256485805265
0.02754577666620016,0.062153871897434265
0.02754633063759354,0.062155177193224165
0.027546899492289195,0.06215650402164119
0.027547482971957443,0.062157828727934405
0.027548036232834833,0.06215915296524732
0.02754859126589962,0.06216046755662985
0.02754917254114117,0.06216177647157073
0.027549725156824093,0.06216309155763766
0.027550287844827492,0.06216439458297962
0.027550829323877327,0.062165717999644765
0.027551362109281954,0.06216703372289323
0.02755191651555533,0.06216835324251524
0.027552465839918522,0.06216966845690752
0.02755303041018224,0.062170982795951346
0.027553572868045148,0.06217229647226585
0.027554123769636674,0.06217361192519488
0.027554673613453123,0.06217492280675707
0.02755522440352015,0.062176224994891394
0.027555780602619317,0.06217753818888372
0.027556326922721378,0.06217885906389997
0.027556872325615184,0.062180176693183764
0.027557438384574542,0.062181484450158586
0.02755799817841137,0.062182795439231664
0.02755855054098831,0.06218410823110265
0.027559104329083123,0.0621854130040308
0.027559652736407148,0.06218672567996153
0.027560213101867015,0.06218803648641136
0.02756076955004534,0.06218934398811593
0.027561305331778446,0.0621906562708201
0.02756185156905032,0.062191963340399115
0.027562401484860624,0.06219327388823259
0.02756293891376123,0.06219460312332237
0.02756348382082993,0.062195936784296246
0.027564053576460842,0.06219726251881197
0.027564611354031904,0.06219858440967896
0.027565166402307925,0.0621998959971134
0.02756573170816823,0.062201214353868384
0.02756630471504716,0.06220252049277286
0.02756684406228449,0.062203838044445625
0.027567419351043107,0.06220516436061907
0.027567970121630203,0.062206479849155616
0.027568530330303653,0.062207801517591754
0.02756909032550539,0.06220911321513145
0.02756964344272221,0.062210453493914075
0.027570199665906778,0.06221178334900146
0.027570771010963432,0.062213105199704466
0.02757134789645975,0.06221442698072821
0.027571924915948925,0.0622157459624848
0.027572486003513447,0.0622170574357257
0.027573024054811046,0.062218365847359736
0.027573576205309147,0.06221967074979906
0.02757412097288492,0.06222099053450714
0.027574672472065298,0.062222293634181414
0.02757524880129443,0.06222359568356561
0.02757581602120858,0.062224913269540716
0.02757636652090284,0.06222621673480089
0.027576942584762745,0.062227536637836534
0.027577511562795767,0.062228864782636006
0.02757805169895869,0.0622301748799623
0.027578585329986027,0.062231481433085545
0.02757913708476324,0.06223280322490232
0.027579686524336816,0.06223412330250189
0.02758024586812438,0.062235436819323864
0.027580807693824136,0.0622367520299949
0.027581379872837708,0.06223807327478614
0.02758194736777718,0.06223939232673348
0.02758250792872355,0.06224072013056614
0.027583079462303497,0.062242044938601526
0.02758361977621321,0.062243360039826556
0.027584163520189664,0.06224466162438813
0.02758473665572171,0.06224597827069811
0.027585289486812464,0.06224728839881244
0.02758585375650162,0.062248599017826534
0.027586403339209614,0.06224992355713177
0.02758693542843675,0.06225123326461557
0.027587469498604494,0.062252538947426994
0.027588013438504838,0.0622538479564152
0.027588557027296665,0.0622551467307515
0.027589102486816175,0.06225646767538462
0.027589636276945606,0.06225778862700582
0.02759018170640634,0.06225909915157202
0.027590713156211658,0.06226041171487484
0.027591286591100772,0.06226172905720173
0.02759183450293068,0.06226303871363914
0.02759237012838882,0.062264348383438306
0.02759292417846912,0.06226566324671201
0.027593468206391067,0.062266987818213826
0.027594023844028176,0.06226830174546627
0.027594568435624772,0.062269614304424015
0.027595106285313198,0.062270933739734136
0.027595643639606843,0.06227224889671279
0.027596204500231286,0.06227355005999702
0.027596764530532655,0.06227486984116859
0.02759733893088727,0.06227618317230643
0.027597896707998004,0.0622775041737641
0.027598461746148176,0.06227881337903163
0.0275990075174333,0.062280130921189114
0.027599571432928807,0.06228144345084041
0.027600140546091875,0.06228275816352413
0.02760070369705539,0.062284073207453994
0.027601274525394542,0.06228538178026388
0.02760181581295504,0.06228669565155176
0.027602393748898196,0.06228800899466436
0.027602953318138876,0.062289333699215965
0.027603506341708647,0.06229063794704326
0.027604073739527904,0.06229195585062286
0.027604630064695393,0.06229327891685876
0.027605172011745158,0.06229459168473428
0.02760571820695458,0.06229590300863441
0.027606285500337363,0.06229722012805716
0.027606843339295667,0.06229854314068839
0.02760736310916817,0.062299853016659745
0.027607892365586778,0.06230116607466285
0.027608452510502438,0.06230246746751633
0.027609023657076764,0.062303783079207364
0.02760958225048618,0.06230508916768118
0.027610137960302247,0.06230639585754949
0.027610709491181343,0.062307718351337305
0.027611288471633508,0.06230903583408198
0.027611841920821528,0.06231034423974069
0.027612368635834786,0.062311650995550805
0.027612938870403586,0.062312976021056565
0.027613529735888112,0.062314312968202556
0.027614101625278664,0.06231562114186573
0.02761462123321011,0.06231694097299867
0.027615152817717925,0.062318258393689985
0.02761571413564287,0.062319573150327545
0.027616260767736323,0.062320886392091435
0.027616815073963658,0.06232220357495677
0.027617362943028106,0.062323516309169213
0.027617906230429062,0.06232482624053315
0.02761847768314525,0.06232613601281822
0.02761901372125175,0.06232746443829906
0.027619542800653263,0.062328777864860574
0.02762013661912098,0.06233010162011743
0.027620715027960693,0.06233142400822134
0.027621260534175934,0.062332740857195645
0.027621798113335816,0.06233405252809909
0.02762232233086538,0.062335356303316436
0.027622863297147554,0.06233667466175652
0.027623435131362048,0.06233799943126894
0.0276240120488839,0.06233932385425389
0.027624554784705144,0.062340659899446815
0.0276251049795474,0.06234198089617515
0.02762566555256525,0.06234330614838668
0.02762622767031296,0.06234462054176815
0.027626802700676772,0.062345942008330324
0.027627348745192445,0.06234726430347326
0.027627899606557413,0.062348578703568136
0.02762844907665339,0.06234989152582271
0.027628994764861498,0.062351200055145495
0.027629548586567132,0.062352521638229796
0.027630094517950732,0.0623538443099132
0.027630641474873124,0.06235517324481654
0.027631215494842015,0.06235650881106847
0.027631800996808065,0.06235785002158245
0.027632352704523397,0.06235916674109887
0.027632896399237897,0.06236047137893663
0.027633435371507073,0.06236178224485711
0.027634007200680655,0.062363093023553695
0.027634554971764133,0.06236439779142555
0.027635102063351527,0.06236570687951226
0.027635659763745213,0.06236701728775762
0.02763622920472293,0.06236832297411554
0.02763678315169593,0.062369627716800546
0.027637337037841617,0.06237093883458156
0.027637889074797264,0.062372250035510834
0.027638485905223206,0.06237357662628018
0.02763903941421149,0.06237489910525851
0.027639611235498962,0.062376232652720076
0.027640189963904743,0.062377560211041905
0.02764073575155082,0.06237888194519703
0.027641292432410064,0.06238019898006264
0.02764185360901948,0.062381509631090126
0.027642406123978044,0.06238281726538519
0.02764295558199413,0.062384130334661836
0.02764353083286185,0.06238544343819552
0.02764409269864851,0.06238675394438897
0.02764466856366181,0.062388076983129204
0.027645234321501552,0.06238939570002289
0.02764577972206725,0.06239070749063369
0.027646339115996746,0.062392040620835476
0.027646865736037626,0.06239336348712787
0.02764739679429508,0.06239467628676665
0.02764794589666769,0.06239598118469292
0.027648521844285248,0.06239729347288592
0.027649082707817033,0.062398614862569146
0.027649659742941438,0.062399926430281694
0.027650181387740794,0.062401238601263675
0.027650746098942733,0.06240254726939476
0.027651325272022353,0.062403852018606654
0.027651893378779505,0.06240518737150069
0.027652445873449283,0.06240651784395124
0.027653010098991584,0.06240783395736216
0.027653530460906697,0.062409143375595666
0.02765405529708259,0.062410465857735686
0.02765459923427034,0.06241177128843434
0.027655131104769637,0.062413088368732494
0.027655676251773786,0.06241439915426028
0.02765621870193609,0.06241570827475118
0.027656766136767597,0.06241701100511121
0.027657306581153007,0.06241831903963824
0.027657870570715504,0.06241965353836565
0.027658420844595064,0.062420970380252516
0.027658990011381557,0.06242227439746362
0.027659536193699194,0.06242359887710425
0.02766008051292139,0.06242491454163768
0.027660625116535664,0.0624262291572969
0.027661178206342868,0.06242753527131795
0.02766171954345309,0.06242884343968946
0.02766229610063599,0.062430171756874486
0.02766286003696332,0.062431481444286785
0.027663430383447193,0.06243279617405073
0.027663999122129246,0.06243412201250942
0.027664542377836,0.062435451767533734
0.027665088414529762,0.062436775460847804
0.02766563961921588,0.06243809800954314
0.027666204785353116,0.062439410719105526
0.02766679866197612,0.06244072990719096
0.02766736946824737,0.062442050919396475
0.027667924259953083,0.062443367712055275
0.027668477348638212,0.062444676296599666
0.027669034312714197,0.06244598328268025
0.027669586345113087,0.06244728466028371
0.02767014296482015,0.062448595531053974
0.027670698994361462,0.0624498985629397
0.027671228544742354,0.0624512143639977
0.027671765609659116,0.0624525282037266
0.027672360422152903,0.06245384960676659
0.027672915230016235,0.062455178178421056
0.027673470325492194,0.0624564975719073
0.027674043009670843,0.062457800528903706
0.02767459955612933,0.06245911085353861
0.02767514562918047,0.06246042119167072
0.027675715449323485,0.06246173660543097
0.027676277862156484,0.06246305441683775
0.027676805125753767,0.06246437183367781
0.02767737236951738,0.06246568447199019
0.027677926241560916,0.06246699292677482
0.027678468171173698,0.062468295893094994
0.027678993547531325,0.06246960844795957
0.027679528611251183,0.06247092300778401
0.027680079786549877,0.06247224756488812
0.027680653649865133,0.062473567706272326
0.027681221540273998,0.062474882540690335
0.027681803114775402,0.06247620065055315
0.02768235907234655,0.06247751119684497
0.02768291046293947,0.06247882152831652
0.02768348571622266,0.062480134206713056
0.02768403549858331,0.062481456027725146
0.02768461590268481,0.06248277770374144
0.027685173385628523,0.0624840929080972
0.027685732620001485,0.062485398180969653
0.027686264047467116,0.062486712879396555
0.0276868309738829,0.0624880192294921
0.02768737517623629,0.062489337031224945
0.02768790612259936,0.062490647357043794
0.027688466043496188,0.062491972258788664
0.027689012884330108,0.06249328766671025
0.02768954044866312,0.06249459373876354
0.027690091448267798,0.062495904236331334
0.027690645556585167,0.06249720997212882
0.02769122444634338,0.06249852003429324
0.02769179237348582,0.06249984449478374
0.027692327605292805,0.0625011683468607
0.027692875193783287,0.06250248291457894
0.0276934543601368,0.0625037976361218
0.027694009144114934,0.06250512014177045
0.027694547252822804,0.06250642994842148
0.027695054195474453,0.0625077395605419
0.027695569333025957,0.0625090484286519
0.02769610258632088,0.06251035527537374
0.027696636637043387,0.0625116668242719
0.02769719112092983,0.06251297578697668
0.0276977432750357,0.06251429246219808
0.027698319804186647,0.06251559960636666
0.02769887599795326,0.0625169196561648
0.02769944683812149,0.06251823811977009
0.027700030969621786,0.06251955785077346
0.027700613008612082,0.06252088195595862
0.027701200378502905,0.06252219106436863
0.027701738994375835,0.06252351004028589
0.027702283946660092,0.06252481694665402
0.02770285284719351,0.06252614162757231
0.027703395957450375,0.0625274555954124
0.02770396208362906,0.06252875564346394
0.027704489887951753,0.06253006354239343
0.027705062980228803,0.06253138524460244
0.027705618881781788,0.0625327204995243
0.027706196553023102,0.06253403499166743
0.027706735652238176,0.06253536116542724
0.027707273515068603,0.06253667053117773
0.02770780831526297,0.0625379769445693
0.027708373516590293,0.06253928414935173
0.027708940592892084,0.06254060037181353
0.027709507112692572,0.06254192412962667
0.027710056759780208,0.0625432565312064
0.027710603859639873,0.06254457183035222
0.027711156925824265,0.06254588181102994
0.027711694962669856,0.06254719112137064
0.02771223151287129,0.0625484971218927
0.027712765276116713,0.0625498165090177
0.02771330200878723,0.0625511304765124
0.0277138483986151,0.06255244149317496
0.02771439038695976,0.06255375014708409
0.027714937155105465,0.06255506212612638
0.027715502494747205,0.06255638815279752
0.027716061975576356,0.06255770622228929
0.027716642081635656,0.06255901870173686
0.027717205778650833,0.06256033194846056
0.027717743607055118,0.06256165705350725
0.02771827154249759,0.06256296374778281
0.027718832283645134,0.06256427915459739
0.027719388411115778,0.06256559648364479
0.027719943898416463,0.06256691379642099
0.027720507448343423,0.06256824897126945
0.027721064617308513,0.06256957428436993
0.02772161791079074,0.06257088488081486
0.027722231103414277,0.06257220580037248
0.027722779339432888,0.06257352829025808
0.027723321962345032,0.06257484166011995
0.027723890974521964,0.06257615278531004
0.02772447403387271,0.06257745712408791
0.02772505590393938,0.06257878412181317
0.027725643155561266,0.06258010300198669
0.027726201775609444,0.06258142275696921
0.02772677083601631,0.06258274538711783
0.02772734442465577,0.06258407546932365
0.027727883573607698,0.06258539490266235
0.027728444171421895,0.06258671617517342
0.02772900392531917,0.06258803376157795
0.027729565152507796,0.06258935043712088
0.027730119541769988,0.06259066701461724
0.027730673452133092,0.06259197760322222
0.027731241842530854,0.06259329802283009
0.027731791657543498,0.0625946196088083
0.02773235635226566,0.06259593663542695
0.027732941035149228,0.06259727041911023
0.027733476553765554,0.06259858925056139
0.027734025553237382,0.06259989697924795
0.027734568527292225,0.06260120652536938
0.027735131814166425,0.06260251818544016
0.027735685235388968,0.0626038487563998
0.02773626293882489,0.06260516204641342
0.02773684627736167,0.06260648447668149
0.027737409863680215,0.06260781076133981
0.027737985705082985,0.0626091214044513
0.027738505657825777,0.06261043242504549
0.027739079358744173,0.0626117476017517
0.02773963571047909,0.0626130585940281
0.027740213972808403,0.06261436315538715
0.027740805041195943,0.06261568657742289
0.027741367523307484,0.06261702278023018
0.02774191204025879,0.06261834461631344
0.02774247262430557,0.06261964947356724
0.02774302077197391,0.06262097003336164
0.02774359620208869,0.06262229842531275
0.027744150534397355,0.06262362259456966
0.027744702082343975,0.06262493768588528
0.027745255174301445,0.06262624656068483
0.027745815261656842,0.06262755359118899
0.02774638458270791,0.06262887380848803
0.027746952432995783,0.06263019463589314
0.027747507914037017,0.06263149981284721
0.02774807607349747,0.06263281990798264
0.027748623702162453,0.06263413571576781
0.027749185385201713,0.0626354399791419
0.027749737653654363,0.06263675943981584
0.02775030888372461,0.06263806640530256
0.0277508594200854,0.06263938989937212
0.027751414341497513,0.06264070317195725
0.02775195111501831,0.0626420071441881
0.027752485448431036,0.06264331701877113
0.027753030931566725,0.06264462409960736
0.02775357730584424,0.0626459376769557
0.027754142925913286,0.0626472794253804
0.027754686570186718,0.06264860780688142
0.027755253403538252,0.06264993510720795
0.027755797823362655,0.06265125998782162
0.0277563952698498,0.0626525764445307
0.027756984708539045,0.06265388717171072
0.027757523888142926,0.06265520680401371
0.027758077022364755,0.06265651731796995
0.027758664793677293,0.06265781792160086
0.02775920656963002,0.06265913227163777
0.027759745768220448,0.06266045095617889
0.027760283131803384,0.06266176800458723
0.027760858854372197,0.06266308384408703
0.027761419360346554,0.06266440895501313
0.027762005673075837,0.06266573277165977
0.027762578667293078,0.06266707345442923
0.027763132122378506,0.06266839626561893
0.02776370244680934,0.06266971646202446
0.02776424392839076,0.06267104064780193
0.027764803721522097,0.06267237074547805
0.027765328114548293,0.06267368020393749
0.02776587875402424,0.06267498679114902
0.027766442766125193,0.06267629976026778
0.02776701485889417,0.062677608965366
0.027767570429730187,0.06267892341199444
0.0277681340325079,0.06268024462199828
0.027768706749560973,0.06268157291906928
0.02776926213884663,0.06268291287949324
0.027769829653972428,0.06268423116973942
0.027770374566892173,0.06268554909502633
0.027770919759211074,0.06268685846507394
0.02777148742293009,0.06268816719818215
0.02777204007488121,0.06268948026624432
0.027772583817804897,0.0626907868141281
0.027773142041408544,0.06269209847980395
0.02777372673148895,0.06269342423612123
0.027774263659465143,0.0626947418442928
0.02777480182714588,0.06269606046933607
0.02777533782537424,0.06269736092616407
0.02777588162542842,0.06269867147146857
0.02777643925487039,0.06269998670247368
0.02777699704979729,0.06270130696781817
0.027777535780770635,0.06270261985898373
0.027778073224455926,0.06270392916046896
0.02777861619395902,0.06270523781886839
0.02777916399295767,0.06270654938581344
0.027779712263410958,0.06270785174787152
0.02778025413043954,0.06270916076866584
0.027780811185753776,0.06271047445274569
0.02778136801361039,0.06271179162838625
0.027781919458394325,0.06271310027848276
0.027782463416306497,0.06271441077096418
0.027783037410164607,0.06271571915311547
0.027783606464664726,0.06271702430088633
0.027784169322036867,0.06271833179396125
0.027784730729459778,0.06271965062405016
0.027785285888475147,0.06272095954632717
0.027785839100044868,0.06272227911877892
0.027786398499797485,0.06272357656567962
0.027786967712936053,0.06272489307414475
0.02778752381696209,0.0627262023415508
0.02778808580244177,0.06272751278758226
0.027788647941216216,0.06272881959126175
0.027789224867832432,0.06273014107141184
0.027789763649942067,0.06273146324521572
0.02779034061399914,0.06273278480237932
0.027790895302263044,0.06273411184683697
0.027791461088252006,0.06273542932611198
0.02779203994093364,0.06273675946344714
0.027792554700734107,0.0627380847515655
0.02779307735932733,0.06273940618933971
0.027793631307368324,0.06274071410349868
0.02779421633630623,0.06274202868624135
0.02779474982752693,0.06274335647174611
0.027795276897365287,0.06274467302340214
0.027795828719780313,0.0627459907663086
0.027796413505708495,0.06274731746972084
0.02779698677782015,0.06274863873804015
0.027797543059686375,0.06274996038126579
0.02779806387961503,0.06275127435001415
0.02779863260529976,0.06275258775442172
0.027799204685823406,0.06275388951484162
0.027799767337881462,0.06275520125664058
0.027800305389873103,0.06275650861844362
0.027800870186726348,0.06275781741552788
0.027801430058533166,0.06275913688684309
0.02780201029394938,0.0627604666748297
0.027802570632349033,0.06276179789892988
0.027803134695144338,0.06276313033076575
0.02780371479358995,0.0627644550932932
0.027804253757262642,0.06276578561132373
0.02780480055817526,0.06276711142379854
0.02780534025938089,0.06276842549543438
0.027805897559184806,0.06276973719863777
0.027806429322292797,0.06277105476864586
0.027806968839102067,0.06277236965215294
0.027807530136038802,0.062773680530269
0.027808110723871224,0.06277501281710662
0.02780865277943205,0.06277634339192883
0.02780921397298454,0.06277766049476052
0.027809746654233733,0.06277897835279611
0.027810270077355717,0.06278028796250423
0.027810804056033867,0.06278159552460338
0.027811384585133533,0.06278291880739251
0.027811917877340664,0.06278423818214673
0.027812460709202888,0.06278554791363944
0.027813009060881633,0.06278685960935515
0.02781355877326505,0.06278816869859238
0.027814118271250354,0.06278948682629848
0.027814655893205503,0.06279081052845237
0.02781520255322295,0.06279212635667464
0.027815776896412722,0.06279345013738391
0.02781634146656052,0.0627947605265593
0.02781690439755409,0.06279606634201884
0.02781746768537835,0.06279739228789583
0.027818050651771134,0.06279873020742799
0.027818632629781057,0.06280006757249357
0.027819223491854658,0.06280138661966472
0.0278197933486021,0.06280270946922462
0.027820339258359486,0.06280403922720534
0.027820867635684213,0.06280535455866076
0.027821446108874104,0.06280666536012125
0.02782201445594175,0.0628079733218696
0.027822589750850446,0.06280927934850966
0.02782313685094684,0.06281060654072668
0.027823700407771462,0.06281194190858652
0.027824259620664787,0.06281327276448323
0.027824822345820274,0.06281458715536758
0.02782539537522559,0.06281589622987338
0.027825920622775904,0.06281720950487923
0.027826473051441786,0.06281852379006825
0.027827048971706694,0.06281983262772894
0.02782761025147369,0.06282113946835155
0.027828176222105733,0.06282244371197432
0.027828712218735646,0.06282376493092845
0.02782923195520265,0.06282507749999433
0.02782974951894082,0.0628263838335067
0.027830285110994613,0.06282770268448368
0.027830834132959906,0.0628290190096793
0.02783139081155038,0.06283033031655139
0.02783194843335343,0.06283163976535933
0.027832526010378666,0.06283294612009338
0.02783310191776267,0.06283426144725801
0.027833664468228048,0.06283558243075504
0.027834227708241663,0.06283691433640337
0.02783480696723932,0.06283824169090535
0.027835373520038703,0.06283957379845484
0.0278359116845973,0.06284088961530088
0.027836437987680235,0.0628422072666478
0.027836989060174594,0.06284352139896954
0.027837548812570986,0.06284483030152088
0.027838086792152772,0.06284614513501319
0.027838647914233905,0.06284745729882368
0.02783922459316937,0.06284879561504175
0.027839795750638024,0.06285012535908097
0.027840358380503263,0.06285143985455521
0.027840915776598765,0.0628527685196214
0.027841475645711655,0.06285408353356314
0.027842027900654043,0.06285539949273089
0.027842575085151422,0.06285670767673368
0.0278431594209384,0.06285802181698363
0.027843720676202416,0.0628593367763266
0.027844266521474134,0.06286064426102234
0.027844833914697956,0.06286195624638125
0.027845379211556137,0.06286326247668661
0.02784592885896138,0.06286456870404933
0.027846466687663843,0.06286588396332249
0.027847015876101583,0.06286719430844057
0.027847560961931986,0.06286851052130593
0.027848118752921674,0.06286982275767394
0.027848713965167568,0.06287114164535224
0.027849251570197103,0.06287245998475688
0.027849834210374624,0.06287378414180345
0.027850366923814387,0.06287511105785326
0.02785090156465095,0.0628764399962396
0.027851444863977268,0.06287775880152657
0.027852005702908786,0.06287907189211184
0.027852568969294916,0.06288038050270806
0.027853129957566142,0.0628817009345356
0.027853678606202775,0.06288301649990291
0.02785424906521597,0.06288432947515155
0.02785478535284161,0.06288564491228943
0.02785534839935766,0.06288696075017908
0.02785591734687716,0.06288827168799505
0.027856471956082846,0.06288958278112589
0.027857044448072313,0.06289088507332585
0.02785758017287014,0.06289219272607183
0.02785809980903399,0.06289350133190974
0.027858626389840768,0.06289481400637043
0.02785917956014615,0.06289612215392726
0.027859735114147813,0.06289743568736894
0.027860282266461173,0.06289875665400801
0.027860827441165595,0.06290006973881723
0.027861388843174878,0.06290138174462412
0.027861962156946918,0.06290268145030886
0.027862519821331838,0.06290399905352229
0.02786308212517921,0.06290530207718825
0.027863654525156448,0.06290661297420175
0.027864239096877436,0.06290793328660194
0.027864835754639078,0.0629092534854826
0.027865392397243158,0.06291056151873009
0.02786596219365034,0.06291187726141323
0.02786650491928709,0.06291319824346076
0.027867022306427416,0.06291451673212578
0.02786755040085996,0.0629158288858016
0.0278680984693125,0.06291713586217773
0.027868645180009144,0.06291844520244683
0.027869192608432694,0.06291975741070455
0.027869771802873297,0.06292106407448572
0.027870344386656837,0.06292237503863751
0.027870899938014504,0.06292368679384042
0.027871432885813438,0.06292499265238738
0.027871998732778916,0.0629263008115768
0.027872530578762517,0.0629276109187995
0.027873081902767105,0.06292892092126723
0.027873638305680154,0.06293022726630404
0.02787420861361789,0.06293154676022383
0.02787478101355266,0.06293287676165626
0.027875314488745792,0.06293419237625875
0.027875869212042714,0.0629355103340834
0.02787640201555766,0.06293681146315533
0.0278769497698073,0.06293812347080341
0.027877536381162818,0.06293944152884257
0.027878109189227868,0.06294077717462299
0.027878671526002985,0.06294209686241403
0.027879223372017967,0.06294340924359199
0.02787977468476223,0.06294472379933347
0.02788032882014342,0.06294605698231226
0.027880867982528673,0.06294737530690775
0.027881415855213074,0.06294869775717793
0.02788198670954005,0.06295002078768985
0.027882556045416076,0.0629513670099392
0.02788312471310761,0.06295269410344828
0.02788368898703665,0.06295401578175686
0.027884233466865097,0.06295534185318707
0.027884787728747695,0.06295665170681208
0.027885336779405925,0.06295795638760582
0.027885877707966453,0.06295926903575921
0.027886437930832342,0.06296058268427085
0.027886992801304966,0.06296188830621863
0.027887553552308264,0.0629631939798555
0.027888101575146165,0.06296451667982295
0.02788867415818548,0.06296581941547852
0.027889228856984513,0.0629671240749774
0.027889787366627963,0.06296843032846378
0.02789033854497,0.06296976236243912
0.027890897050479882,0.06297107956859027
0.027891430424859823,0.06297239514774777
0.027891992960504083,0.06297370924197387
0.027892561046943765,0.06297502598437932
0.027893114447410786,0.06297634627414594
0.027893673862907364,0.06297765807490019
0.027894238205214833,0.06297896648464774
0.02789481256837255,0.06298027368912407
0.027895369296611766,0.0629815819829338
0.02789592995151667,0.06298288402060082
0.027896465946490256,0.06298420219369116
0.027897002421965744,0.06298551781953199
0.0278975644078214,0.06298683035727226
0.027898115628830364,0.06298813606244358
0.02789867426759103,0.06298944694514697
0.027899228080499036,0.06299075926023578
0.027899762497401462,0.0629920730910275
0.027900309207622653,0.06299340360810846
0.027900857717326283,0.06299473172386183
0.027901410638640045,0.06299604629711397
0.02790199163901705,0.0629973835414257
0.02790252931106929,0.06299872097151638
0.027903087320495096,0.0630000526043808
0.027903647931536296,0.06300136952937507
0.02790421925500136,0.06300267966857187
0.027904800250196787,0.06300399925047984
0.027905360709871027,0.06300533662071262
0.027905914235541396,0.0630066563280175
0.027906457498204723,0.06300797110436662
0.02790703264612926,0.06300928311193998
0.027907591099967044,0.06301061461666568
0.02790813461696723,0.06301193315220466
0.02790870799790765,0.06301325854028383
0.027909273732591125,0.06301459454316682
0.027909833940473125,0.06301592842120818
0.027910406395825746,0.06301728296281661
0.02791095813577213,0.06301859889178263
0.027911503303823818,0.06301990531261115
0.02791207269049445,0.06302122547191202
0.02791263164881426,0.0630225392495537
0.027913183424309346,0.06302384727999355
0.027913742151329968,0.06302516084065402
0.027914321315673937,0.06302648744020045
0.02791488791992011,0.06302781234360155
0.027915465502698883,0.06302911832522695
0.027916017074964883,0.0630304312045813
0.027916549712529826,0.0630317384808633
0.02791711263997701,0.06303304351521322
0.027917664027581487,0.0630343535922977
0.027918220706338218,0.06303567577847236
0.027918763326972768,0.06303699773360527
0.02791931812531992,0.06303830434336888
0.02791990619601445,0.0630396254464779
0.02792046489913602,0.06304095521971531
0.027921027007268825,0.06304226998037044
0.027921582311082604,0.06304358722648107
0.027922120117595817,0.06304490723471323
0.02792266629156373,0.06304621846316061
0.0279232154171382,0.06304754061723872
0.027923802521730698,0.06304885447552666
0.027924344028998058,0.06305017563661974
0.027924897354275766,0.06305149600749727
0.02792542480038472,0.06305281535734442
0.027925972164328988,0.06305412847438197
0.02792651440477832,0.06305543236791578
0.02792705898612105,0.06305674003556294
0.02792762533169023,0.06305805029124556
0.027928174169929168,0.06305935719089817
0.027928713155429663,0.0630606636717781
0.02792930208301317,0.06306197968420957
0.027929847272504804,0.06306330777129243
0.027930413326732517,0.06306463552895325
0.02793095161426362,0.06306596096026562
0.027931478097829962,0.06306728312387744
0.027932013238798556,0.0630686097322889
0.02793256575969197,0.0630699263576392
0.027933094295059774,0.06307123840833251
0.027933659672384245,0.06307254004549978
0.02793420342154547,0.06307385010255973
0.027934738218670666,0.0630751580111506
0.02793535057542401,0.06307647644654302
0.027935906458133833,0.06307780405037944
0.027936451492648964,0.06307911892767559
0.027937004315984407,0.06308043925789508
0.027937552911691393,0.06308175123950066
0.027938137602308954,0.06308307978484484
0.027938673095891167,0.06308439015804301
0.027939226882243193,0.06308569897162097
0.02793978537732733,0.06308701424330987
0.027940351365265903,0.06308832495025873
0.02794092646164363,0.06308964189379274
0.02794148779852723,0.06309097045435486
0.02794205486223654,0.06309228565289515
0.02794262080623891,0.06309359874085152
0.027943181631165714,0.06309491515565457
0.027943737910434002,0.0630962219316884
0.027944284495051458,0.06309753422539888
0.027944847317665944,0.06309885290723938
0.02794538287389685,0.06310017186274985
0.027945935368888467,0.06310147089297569
0.027946469231043047,0.06310278077939557
0.0279470238024669,0.06310408635508691
0.027947578650274918,0.06310540064666637
0.02794812300355687,0.06310670992935008
0.027948665757147467,0.0631080179212552
0.027949222140173896,0.06310933090555215
0.027949791930799772,0.06311065840267693
0.027950355434194663,0.0631119748424045
0.02795092516330154,0.06311330072335697
0.02795149344435005,0.06311462148005709
0.02795202453788985,0.06311593757116718
0.027952546270182704,0.0631172554822712
0.02795309985037442,0.06311856155992823
0.02795363549659284,0.06311987906818461
0.027954185794568348,0.06312118575079262
0.02795474444346846,0.06312249700392114
0.027955290525884732,0.06312381073658724
0.027955875405788755,0.06312513176194767
0.02795642897572087,0.06312646290713608
0.0279569978571005,0.063127781721239
0.02795753750325633,0.06312908704783715
0.027958108724888603,0.06313040031371275
0.027958662660885522,0.06313171955306929
0.027959225039044938,0.06313303551493454
0.027959788808976982,0.06313434237030668
0.027960355655443622,0.06313564742164257
0.027960936588261667,0.0631369508016909
0.02796146960242496,0.06313826485186091
0.027962003426880516,0.06313957761526645
0.027962542148355862,0.06314088273841434
0.027963088710225625,0.06314219363117057
0.02796363031797787,0.06314350615708297
0.027964183729520517,0.06314482438731517
0.02796474575289852,0.06314615706100757
0.027965289901985546,0.06314747202142523
0.027965829205990833,0.06314879076597835
0.02796641563123123,0.06315009761873924
0.02796698388289237,0.06315140963595034
0.02796755191181846,0.0631527189133515
0.02796810767151542,0.06315402786909252
0.02796868179544197,0.06315533130401318
0.02796921928252802,0.06315664020162659
0.027969766258890513,0.06315795069106511
0.027970312737032543,0.06315926089396007
0.027970876683695717,0.06316056693663907
0.02797141022318042,0.06316189498522484
0.027971936660320787,0.06316320954966304
0.027972480833780927,0.06316452058717337
0.027973053110444915,0.06316584399642033
0.027973628929035238,0.06316717099010383
0.027974181576372978,0.06316848781137074
0.027974737038763034,0.06316980418428764
0.027975290294221966,0.06317110760487432
0.027975837550359373,0.06317242045114768
0.02797641055610693,0.06317373775038682
0.027976967416049353,0.06317506229307379
0.0279775090965598,0.06317636846580554
0.027978083420288305,0.06317768704015303
0.027978634080658427,0.06317900228076001
0.027979214789183804,0.06318033024604164
0.027979801975557814,0.06318164788400982
0.02798035727691152,0.0631829620297274
0.02798094090303993,0.06318428303091983
0.02798153796148954,0.06318560169862386
0.02798210444081911,0.06318691173077684
0.02798263823925666,0.06318822488328113
0.02798319821091537,0.06318953959725737
0.027983754744684078,0.06319083453767804
0.02798429084676496,0.0631921537441954
0.02798483991288915,0.0631934556908158
0.02798537897481565,0.0631947619237796
0.02798594164473539,0.06319606847098524
0.027986458575749176,0.06319738214932202
0.027986997482541104,0.0631986897896819
0.027987538939979753,0.06320000088680344
0.02798810783830248,0.06320132176868054
0.027988644664153337,0.06320264927112418
0.02798921488274321,0.06320396241604531
0.027989749759826585,0.06320527573365342
0.027990291709997075,0.06320658943073854
0.027990852099496172,0.06320791280456917
0.027991398050544264,0.06320923610350249
0.0279919526929812,0.06321055561301614
0.027992511642030204,0.06321186895241437
0.02799305378021881,0.06321317647158231
0.02799360529033698,0.0632144843293373
0.027994185208867872,0.06321581517956698
0.027994761981572566,0.06321714425994418
0.027995317514492468,0.0632184643569016
0.027995840182535453,0.06321977127654943
0.027996389100910665,0.06322108685954408
0.02799691987300154,0.06322239865834933
0.027997475038161093,0.0632237008208556
0.027998016879924134,0.06322502827373011
0.027998575146248275,0.06322635772036311
0.02799913322382923,0.06322768247663424
0.02799968340374008,0.06322899445194807
0.028000257167815013,0.06323031149956837
0.028000823130359218,0.06323163746035032
0.028001384611354374,0.06323294986690997
0.028001932718827616,0.06323425979859465
0.028002498762105255,0.06323556914800066
0.028003081744682676,0.06323688680959705
0.028003649942965017,0.06323820118533818
0.028004220198781057,0.06323953366333879
0.028004770556753128,0.06324084923231632
0.028005328856087253,0.06324215636930897
0.02800590605723248,0.06324347107255113
0.028006464054322985,0.06324479521082016
0.02800704656670429,0.06324612530130358
0.028007601001807214,0.06324744309515107
0.028008174626670004,0.06324876932650114
0.02800869363916174,0.06325009938737924
0.028009211825688746,0.06325141378378007
0.028009749538483106,0.06325272452022224
0.02801029528220196,0.06325403601804125
0.028010839444799332,0.06325534823774481
0.0280114331876513,0.06325666095629734
0.0280120003819148,0.06325798426711537
0.02801255076612276,0.06325929465630109
0.0280131202434106,0.06326062902357499
0.028013660894636944,0.06326194920236572
0.028014214985383423,0.06326326818798178
0.02801475834291768,0.06326457036989208
0.028015328346001067,0.06326588322669657
0.02801592788454678,0.06326719288649374
0.028016510675309636,0.0632685134866976
0.02801704608802756,0.06326983059462388
0.028017610359518594,0.06327115511156667
0.0280181543585845,0.0632724899842747
0.028018686682933377,0.06327380907594393
0.02801924406082891,0.0632751132323448
0.02801978570026452,0.0632764303675244
0.02802034422876075,0.063277752484453
0.028020905656242073,0.06327906722913168
0.028021456800533973,0.06328037825973154
0.028022040073276147,0.06328171380552805
0.028022574368377517,0.06328303030987481
0.02802312148192644,0.06328434158227902
0.02802365543234142,0.06328565134260677
0.02802421750389726,0.0632869616165459
0.028024801242330144,0.06328826527129328
0.028025338213135687,0.0632895778439434
0.02802587544361962,0.06329088756682066
0.02802642658068144,0.06329219868407643
0.02802698000898496,0.06329352381386077
0.02802750869481775,0.06329484116319295
0.028028068308743423,0.06329614877244161
0.02802860493931532,0.06329745353816374
0.028029168907851884,0.06329876820929758
0.028029746356715457,0.0633000768192955
0.02803033157336908,0.06330139776100907
0.028030910538195494,0.06330273841960565
0.028031467978498315,0.06330406224327212
0.02803202688496198,0.06330538788222151
0.028032613367997367,0.06330671676335353
0.028033168748377427,0.06330804175750704
0.028033707615118503,0.06330935273106164
0.028034253959736424,0.06331066028759957
0.028034804119269605,0.06331196388563876
0.02803534737663696,0.06331327784398
0.028035934467187315,0.06331459676816709
0.028036471922939663,0.06331591565311867
0.028037007874861755,0.06331723484198426
0.028037582191007604,0.06331855593707714
0.02803813413180746,0.06331988038574887
0.028038696779998554,0.06332119559099403
0.028039223772782076,0.06332250422426444
0.02803976630383434,0.06332381582790758
0.02804036170263008,0.06332514178742132
0.028040942691421933,0.06332646364362426
0.0280415125676335,0.06332779177610381
0.028042062261554368,0.06332910506121492
0.028042634858585366,0.06333043476044764
0.02804318060960538,0.06333175786249212
0.028043730169193787,0.06333307421009293
0.02804428973607459,0.06333438211492193
0.02804486441446137,0.06333570083655793
0.02804541067256605,0.06333701777480305
0.028045965366614148,0.06333834832089358
0.02804651865034477,0.06333967212327851
0.028047076604637372,0.06334100126703546
0.02804762902051977,0.06334232448684207
0.028048192644701972,0.06334364831512007
0.028048745837683214,0.06334497505447279
0.028049299460354213,0.06334629157209837
0.028049862286449775,0.06334760124625793
0.028050432623791477,0.06334890568255647
0.028050998221524057,0.06335022307340121
0.0280515688757612,0.06335155812594129
0.028052113602347883,0.06335289403649536
0.028052658974749886,0.06335421446784084
0.028053224602181695,0.06335554664752263
0.028053783304675478,0.0633568534040756
0.028054334837611924,0.06335816537017647
0.028054861901916667,0.06335947087721727
0.028055427500433272,0.06336079643903669
0.028055988739056154,0.06336210434752754
0.02805654299221473,0.06336342391496874
0.028057103992198962,0.06336473780446938
0.028057649752843347,0.06336605411582164
0.028058198252933708,0.06336736704722779
0.02805875485756909,0.06336867652814815
0.02805931478791593,0.06336999033244473
0.028059863009722227,0.0633712978966483
0.02806039899313148,0.06337260346128792
0.028060987578459942,0.06337391807387982
0.02806151549885716,0.0633752319543388
0.028062056192854262,0.06337654239294188
0.028062620851074305,0.06337785519021055
0.02806317029805039,0.0633791712181897
0.02806372700208601,0.06338049867398554
0.028064258903190586,0.06338182878629306
0.028064775341368295,0.0633831398431779
0.028065326552292783,0.06338445215030497
0.02806587090004732,0.06338575699168636
0.028066415959746793,0.0633870703773235
0.028067004901350556,0.06338837249304519
0.028067547634908083,0.06338969218825352
0.028068089577565014,0.06339100218790039
0.02806866663923173,0.06339232219906288
0.028069221801223065,0.06339363504313189
0.028069769875773726,0.06339494994966399
0.02807030738361624,0.0633962634766132
0.028070838689579186,0.0633975708477198
0.02807135632535676,0.06339887695588031
0.028071882111102106,0.06340018423306804
0.028072429226755055,0.0634014986670175
0.02807300065377198,0.06340281997028918
0.028073572951941267,0.06340413838554149
0.02807413174207464,0.06340544705634477
0.028074680926516368,0.06340675520005967
0.028075229606684918,0.06340806494584683
0.028075808379634762,0.06340938306639021
0.028076359207826446,0.06341068069540867
0.02807691304894562,0.06341199142183207
0.028077491319692977,0.0634133054378333
0.02807804234021158,0.0634146176201893
0.028078617864378416,0.06341593814374413
0.028079201428965944,0.06341727969110067
0.028079768529069293,0.0634186156240446
0.028080312113056907,0.06341994782306903
0.028080856721359057,0.06342126585947028
0.02808139077395501,0.06342257223677439
0.028081942247648317,0.063423882136728
0.028082517417677907,0.06342519639222655
0.028083096631015103,0.06342651382191766
0.028083660176847117,0.06342781508597795
0.028084199246040414,0.06342911733664014
0.02808474736818163,0.06343042688824085
0.02808533304165642,0.06343175023922554
0.02808591132515241,0.06343307016815591
0.028086450367585294,0.0634343924736761
0.028087006966801872,0.0634357111138083
0.028087568678980976,0.06343703325682404
0.028088141070195333,0.06343835837640788
0.028088716879916403,0.06343967363865055
0.028089267185912967,0.0634409912976347
0.028089804435560112,0.06344230305679699
0.028090379317137232,0.06344361795063114
0.028090964548394326,0.06344492958805714
0.028091543691784418,0.06344624909263674
0.02809211212092451,0.06344757721248406
0.028092667394222295,0.06344889184947222
0.028093255779444673,0.06345022134312284
0.02809381450958494,0.06345155145678993
0.028094369141302616,0.06345286053625498
0.02809492155757788,0.06345417411736609
0.028095465359780164,0.06345547944982266
0.028096041236471705,0.06345680938683851
0.028096601202948185,0.06345813918288601
0.028097156116363917,0.06345945505651573
0.028097753823595167,0.06346077331339783
0.028098327603820417,0.06346209144322879
0.028098868894234477,0.06346341372005349
0.028099396283316397,0.06346472208577314
0.028099955075840358,0.06346603107950621
0.02810050391194062,0.06346734765855278
0.02810107279984586,0.06346867400060296
0.028101625267235003,0.06346998883856436
0.02810216116835411,0.06347131992463917
0.028102714881650323,0.06347262837108991
0.028103252183152336,0.06347394829559083
0.028103808603252747,0.06347526812468607
0.028104376554510924,0.06347658171387072
0.028104937382991288,0.06347791147645765
0.028105526476542686,0.06347924342678968
0.02810608265689442,0.06348057739033064
0.028106637742273136,0.06348190291410383
0.02810720034666271,0.06348322548851226
0.028107749435942922,0.06348454214405053
0.028108290099587763,0.06348585438722809
0.02810883790892954,0.06348715872581956
0.02810936949715627,0.06348846542422526
0.028109940481315362,0.06348977869842498
0.028110524126624112,0.06349108778205492
0.028111069579275005,0.06349239200508283
0.028111632460639593,0.06349371897298084
0.028112199717618122,0.06349503372715393
0.028112744139538598,0.0634963506504832
0.028113319905712933,0.06349767735455247
0.028113879718313847,0.06349899600154063
0.02811444617392736,0.06350030917609684
0.028114997717255077,0.0635016131409708
0.028115572194651994,0.06350293094008685
0.0281161192220951,0.06350423807829275
0.028116640437221438,0.06350554546388165
0.028117184207902157,0.06350685601508976
0.028117744482154913,0.06350816661776593
0.028118264883604527,0.06350947729841094
0.028118820268553224,0.06351079130884985
0.02811938490211581,0.06351211465587348
0.02811998868042917,0.06351343050401248
0.028120540663691282,0.0635147546830589
0.02812105162287183,0.06351606789990683
0.02812159278689881,0.0635173758267461
0.028122153812914552,0.06351868365438207
0.028122717666750743,0.06351999006837716
0.028123267897572274,0.06352130602644479
0.02812380924336992,0.06352261341025511
0.028124376043218186,0.06352391999516604
0.0281249413722226,0.0635252271275123
0.028125505526409605,0.06352655235667426
0.028126038075424256,0.06352787609114374
0.02812657975800821,0.06352919249127109
0.02812712223987153,0.06353050664406734
0.028127678556884583,0.06353181986375722
0.028128238745786696,0.06353312822788104
0.028128804336991053,0.06353443296967565
0.02812935057199098,0.06353574354389968
0.028129921616402334,0.06353705457312198
0.028130449524658846,0.06353835553357923
0.02813099454753007,0.06353966708061909
0.028131557510288868,0.06354098538638486
0.028132132616048453,0.06354230195479427
0.0281326697877574,0.0635436118501036
0.02813322755702516,0.0635449191863694
0.02813377084749734,0.06354623598428655
0.028134343536946466,0.06354754274347818
0.02813491983871158,0.06354885700176027
0.028135489715937614,0.0635501672349763
0.02813604117731626,0.06355147480168566
0.02813661028174745,0.06355279473702569
0.028137133930402944,0.06355412106628766
0.02813767933893531,0.06355545151264619
0.02813824211544677,0.06355677441559326
0.028138749551539888,0.06355808497627913
0.028139278520606784,0.06355939245760533
0.028139822404593284,0.06356070372355882
0.028140379325982567,0.06356200515219868
0.028140958703189098,0.06356331832808715
0.02814154603011715,0.0635646465459695
0.02814208849205528,0.06356595582728686
0.02814264317926829,0.06356726568135607
0.028143177941307274,0.06356857528354198
0.0281437379978262,0.06356989574748795
0.02814431518813762,0.06357121872113392
0.028144881901280713,0.06357255605482348
0.028145446368705695,0.06357391077421759
0.02814602154222484,0.06357524705587148
0.028146547374691855,0.06357657861782628
0.02814711009014209,0.06357790014618525
0.02814764697080213,0.06357920897109415
0.02814820582050323,0.0635805244702401
0.028148756486643695,0.06358184798375521
0.028149334407439566,0.06358316072899761
0.02814990616576618,0.06358448173173781
0.028150459109616124,0.0635857979475225
0.028151001353612176,0.06358711326243138
0.02815155336343711,0.06358842450532542
0.028152122820817915,0.06358973307716631
0.028152664102499336,0.06359104264598281
0.028153203777260785,0.06359235316483425
0.028153729095042906,0.06359366120641052
0.02815428281607761,0.06359496093325057
0.02815486259696985,0.06359628014367391
0.028155431598035616,0.06359761746779047
0.028156002246244802,0.06359895589361286
0.028156575929403127,0.06360027200851592
0.028157105025280627,0.06360158748823741
0.028157637124425122,0.06360289735496816
0.028158208252476058,0.06360420507771414
0.028158776500768784,0.06360551787958191
0.028159300492740333,0.06360683217744834
0.028159826490965628,0.0636081480552727
0.028160390759784007,0.06360946125213618
0.028160934481291006,0.0636107831371675
0.028161488737007342,0.06361209033285897
0.02816202468982068,0.06361340570484253
0.028162566533439695,0.06361470606929331
0.028163116056312915,0.0636160143809199
0.028163699077455195,0.06361733059339536
0.028164263606328746,0.06361865299162961
0.028164808862600685,0.06361997169799438
0.028165387535027606,0.06362129257452587
0.028165935401207348,0.06362260596152236
0.028166498194846387,0.063623926319746
0.028167035548737257,0.06362524237021216
0.028167590183966723,0.06362654998607498
0.028168163253623965,0.06362786391255626
0.028168730644231726,0.06362917789982869
0.028169286805618893,0.06363049251839947
0.02816982355707462,0.06363180363035792
0.028170413530400326,0.06363311118321402
0.02817098055655022,0.06363443112306388
0.028171523118174738,0.06363574445079478
0.02817207175868626,0.06363706072052167
0.02817263220346504,0.06363837505048708
0.02817317426755006,0.0636396999444776
0.028173706476066374,0.0636410191984319
0.0281742426633491,0.06364232806141068
0.02817478139894823,0.06364363522946159
0.02817534326401186,0.06364494769024254
0.028175870406259712,0.0636462572915899
0.028176424618123183,0.06364756412099792
0.02817699048494947,0.06364887600413283
0.02817752166669797,0.06365018329266903
0.028178069192824992,0.06365149032768525
0.028178629103581085,0.06365279340542873
0.02817917008893893,0.06365410837844121
0.028179697351364746,0.0636554119600593
0.02818022803214941,0.0636567235445159
0.02818081701628991,0.06365804998052982
0.028181382815334402,0.06365937056026971
0.028181924718286483,0.0636606825931133
0.02818247256644922,0.06366199509181958
0.028183045754548622,0.06366329793406689
0.028183586790511875,0.06366461009975655
0.028184133023396993,0.0636659202240869
0.028184691351835336,0.063667226279154
0.02818523922140484,0.0636685395143437
0.028185808986398997,0.0636698469482101
0.028186361108878247,0.06367115398761114
0.02818689749020019,0.06367246345010391
0.02818743156077126,0.06367376881002806
0.028188023020190328,0.0636750901675972
0.0281886059494888,0.06367643214111185
0.028189174075396187,0.06367775764546546
0.028189727631440786,0.0636790723357642
0.028190251328944274,0.06368038465711234
0.028190832455332396,0.06368169583417149
0.028191406609629335,0.0636830251467807
0.02819193959556522,0.06368434832861247
0.02819250653524842,0.06368567176413686
0.02819305815058444,0.06368698358737546
0.028193641732907754,0.06368830030786621
0.02819421603075037,0.06368960888451947
0.02819476093454716,0.06369091561665163
0.028195301834561495,0.06369223251958256
0.028195879192880136,0.06369353364182073
0.028196425801178024,0.06369484828709293
0.02819699880258482,0.06369617566397223
0.02819754428865956,0.06369751268486257
0.02819807375701261,0.06369881947579159
0.028198646029787347,0.06370013906871108
0.02819917803972094,0.0637014622789992
0.028199702067556787,0.06370277368402666
0.028200233659894505,0.06370408493946922
0.028200824376707193,0.0637054030147659
0.028201373424151244,0.06370671756034751
0.028201922137974747,0.06370802916229479
0.028202480654901496,0.06370933231313369
0.02820305103975984,0.06371064533956228
0.028203587664710067,0.06371195763662696
0.028204160179544704,0.0637132642250976
0.028204711880191705,0.06371457247419865
0.028205263368820954,0.06371587951136748
0.028205827801966232,0.06371718875538501
0.028206367864377857,0.06371849747572411
0.028206923533601325,0.06371981363103374
0.02820749454344111,0.0637211358904729
0.028208061511601407,0.06372245884025729
0.028208597214818387,0.06372378129264755
0.02820917326247857,0.06372509614070987
0.028209751283914605,0.0637264109952741
0.02821030982228573,0.06372773034925994
0.028210863352421595,0.0637290487059392
0.02821140026210188,0.06373035348781964
0.028211954048131163,0.06373167990470674
0.028212515027229004,0.06373301934406461
0.028213045783454085,0.06373433845018639
0.028213579419025275,0.06373565478331289
0.02821411622509952,0.06373697296231962
0.02821468728479881,0.06373829344870674
0.028215251948320544,0.06373963233303104
0.028215830820263674,0.06374095991460871
0.02821636897389404,0.06374227848991265
0.028216912385556084,0.06374358660314527
0.02821747428712086,0.06374489562948948
0.028218009288975457,0.06374620496695371
0.028218546952473306,0.06374751731024919
0.028219090177355632,0.06374881885075856
0.028219616524893923,0.06375013046834366
0.028220168483936214,0.06375145485933931
0.028220715294761223,0.0637527741510141
0.02822125622661603,0.06375409043070646
0.028221814142938062,0.06375540002345415
0.028222378230308556,0.06375670486139995
0.028222974050971683,0.06375801933437997
0.028223531850408407,0.063759357780798
0.028224117145636288,0.06376069225960523
0.02822467503547943,0.06376201432579942
0.028225238193413577,0.06376332880352886
0.028225801271001646,0.06376463855882919
0.028226360704052725,0.06376595561016685
0.02822691238209181,0.06376726754182782
0.028227450286796574,0.06376859063819063
0.02822801472260776,0.06376989497963403
0.028228570826710805,0.06377121037131761
0.028229170488827754,0.06377253825183982
0.028229735196811587,0.06377385664183788
0.028230266638459386,0.06377517066476068
0.028230826255837754,0.06377647709901768
0.028231358640514667,0.06377778565794667
0.02823192817857359,0.06377909770800283
0.028232460374640417,0.06378040862735279
0.028233009727715294,0.06378172381869873
0.02823355084672645,0.06378303515592354
0.02823410553474613,0.06378433877546763
0.028234644334067693,0.06378565053644958
0.02823517133722188,0.06378695940862456
0.02823569769964561,0.06378826931141535
0.02823627370352673,0.06378958949902724
0.02823683917619646,0.06379093108512224
0.028237395838109358,0.06379226149600414
0.028237971408280216,0.06379357135372798
0.0282385321598555,0.06379488560534874
0.028239091002248487,0.06379619346835996
0.02823966597299235,0.0637975020903846
0.028240229138787265,0.06379881467747184
0.028240758700110627,0.06380012615231645
0.02824131171624117,0.06380143853901332
0.02824183750312184,0.06380276648572958
0.028242370452522744,0.06380408196640186
0.028242935360022745,0.06380538557012239
0.028243479421373924,0.06380670260561794
0.028244012097350835,0.06380801155244686
0.028244582512715957,0.06380932094618996
0.028245125515333397,0.06381063702258793
0.02824564895391808,0.06381195536503426
0.02824618130637195,0.06381326310820745
0.028246736079829596,0.06381457307995986
0.028266473478023135,0.06368804418987073
0.028291309881956675,0.06347661871137167
0.02832109237067082,0.06319181281935404
0.028356163418492272,0.06284272871248009
0.028396804556846414,0.06243957767923369
0.028442321419413177,0.06199092612840795
0.028491858641806755,0.06150375298100874
0.028545300168881155,0.060984065911929286
0.02860185839321258,0.060436867289264784
0.028661290868824907,0.05986639037245889
0.02872253609838603,0.05927617520434314
0.028785432079343864,0.05866931082210192
0.028849651161225773,0.05804833828809297
0.028914939410185525,0.057415453044115106
0.028981096687983265,0.05677250179667592
0.02904801544280443,0.05612105369162668
0.029115556354132516,0.055462409986318684
0.02918366572643559,0.05479770464192546
0.02925222303129918,0.0541278526173643
0.029321149511964795,0.05345367154377456
0.029390393179367993,0.05277583069980896
0.029459931890770882,0.052094900973078895
0.02952970626002556,0.051411350894847385
0.02959966087260031,0.05072559426662138
0.029669811632022605,0.05003796906453106
0.029740050933366763,0.04934876160445545
0.029810420317632882,0.04865823452856988
0.029880911826711196,0.04796656851303871
0.02995149622238928,0.04727395316118177
0.030022167283308268,0.0465805384222181
0.030092868880417123,0.04588643994838015
0.0301635839818426,0.04519177762895987
0.030234376411132954,0.04449663089926692
0.030305218474272783,0.04380106394281824
0.030376045955251174,0.04310516055946445
0.030446912176310292,0.0424089580299305
0.030517803827999387,0.04171251244777596
0.030588729153624608,0.0410158593975708
0.030659664128668898,0.04031903358596867
0.03073060422930378,0.039622049083471444
0.03080153760319533,0.038924942097757764
0.030872472981119226,0.038227737754883195
0.030943398553627335,0.03753044087693691
0.031014361230569457,0.03683308217539605
0.03108533521636045,0.036135652638598525
0.031156264351718657,0.03543817250019854
0.03122721835966441,0.034740645865138586
0.031298172908830066,0.034043081386943674
0.03136916279462204,0.03334549999005931
0.03144009736442667,0.032647880478533176
0.03151104401286575,0.03195024384623213
0.03158201268909823,0.03125258509340134
0.031652982261089604,0.03055491505631358
0.03172396285127706,0.029857240531381612
0.03179491621927502,0.02915954058695569
0.03186586584560522,0.028461837607874574
0.03193681236669371,0.02776412504651582
0.0320077801644983,0.027066414673261985
0.03207873619979176,0.02636869364575334
0.03214966559926073,0.025670978567761016
0.03222062896589427,0.024973261629625654
0.03229161666559131,0.024275531836054465
0.03236256052068906,0.023577789373616986
0.03243350106293354,0.022880054834541808
0.03250444291656095,0.022182332918122438
0.03257539962025949,0.02148460058723245
0.032646345813644034,0.020786862797094963
0.032717286840459325,0.02008912693929643
0.03278822411297877,0.019391388428912082
0.03285916592108272,0.018693652713779763
0.03293009171007735,0.017995917893640745
0.033001025911475926,0.017298186442503805
0.03307198316127631,0.016600447968845522
0.033142901437197156,0.015902712717438483
0.0332138277680767,0.015204986960513645
0.033284766226740384,0.014507256583443096
0.03335567430225424,0.01380951863898694
0.03342659953837973,0.013111789778616156
0.033497519462014846,0.012414064551115933
0.03356845612674032,0.011716336588756926
0.03363935597321206,0.011018602433753077
0.033710272030855,0.010320872366941902
0.03378119074522805,0.009623136325770276
0.03385210840901877,0.008925401296631108
0.033923019078731256,0.008227676897645808
0.033993943233939505,0.007529954659505789
0.034064827380694995,0.006832219336089018
0.03413574547069828,0.006134495482927993
0.03420666364576169,0.005436773764102343
0.034277564697167445,0.004739047124226237
0.03434845103183416,0.0040413230123875765
0.03441933717456533,0.0033436002042495083
0.0344902310499408,0.0026458689010434577
0.034561124998596246,0.001948149796168197
0.03463200010192115,0.0012504263236913227
0.034702876385415596,0.0005527024437398387
0.03477376845094035,-0.00014501876484929177
0.03484466410979421,-0.0008427317411632274
0.03491552588192619,-0.001540449988930992
0.034986392581933964,-0.0022381653411394087
0.03505726854533914,-0.002935877924993502
0.03512813580364807,-0.003633585771993242
0.03519903914756346,-0.004331289798479743
0.03526993584894121,-0.005029001873463668
0.03534083336056122,-0.005726708558495441
0.0354117154631267,-0.006424420505582895
0.03548259265252582,-0.0071221282971396516
0.035553431895300025,-0.007819838336372675
0.03562428062870569,-0.00851753652531051
0.03569517496022871,-0.009215237528455766
0.03576601577208727,-0.009912949225631906
0.035836839268201734,-0.010610643746419623
0.03590768960186476,-0.011308343786288533
0.03597854191798648,-0.012006040610133328
0.03604942897932256,-0.012703732823463265
0.036120270861202106,-0.013401439307091478
0.036191115108946015,-0.014099135629180859
0.036261954260313936,-0.014796830096274971
0.03633277700280384,-0.015494524943381216
0.03640361032837121,-0.016192214822140394
0.03647442802359098,-0.01688990869100826
0.03654524893329969,-0.01758760672173365
0.03661607749232186,-0.018285291672352932
0.036686908052933384,-0.018982976282710062
0.036757711885348904,-0.019680670601073813
0.03682852351372716,-0.020378350291051728
0.03689933898433648,-0.021076035131902593
0.036970143494150995,-0.02177371014045093
0.03704095882567193,-0.02247139715116575
0.037111774047243556,-0.023169077615677214
0.037182590263862725,-0.023866755325404942
0.03725338821788052,-0.02456443031710054
0.037324214024415325,-0.02526209890339315
0.03739499832434526,-0.025959782377851792
0.03746576947424969,-0.026657454509030343
0.03753656740958815,-0.027355125687118842
0.037607392674124995,-0.028052798332419138
0.03767818855441728,-0.02875047768602157
0.03774897456690687,-0.029448149843724014
0.03781976660853009,-0.030145820978031534
0.03789055623858352,-0.030843491645295096
0.03796131851716385,-0.03154115769933896
0.03803210205434425,-0.0322388171746002
0.03810289951694691,-0.03293647969365854
0.0381736734778733,-0.033634150041751854
0.038244457505927795,-0.034331814383152914
0.03831522898125107,-0.03502947947940416
0.0383859714465762,-0.03572714541948285
0.038456727843237865,-0.03642480490323563
0.03852750376267303,-0.03712245954929805
0.0385982773003595,-0.03782012440267302
0.038669026142305524,-0.03851778610850476
0.038739790821650105,-0.03921543664967453
0.03881054259271072,-0.039913098758216914
0.03888129549881508,-0.040610757181129165
0.03895206117080412,-0.04130841085088688
0.0390228139524013,-0.042006063987874986
0.039093543706716624,-0.04270372348070417
0.039164261202787765,-0.04340137595775817
0.039234982494806295,-0.04409902329773041
0.03930569675437422,-0.0447966670742197
0.03937643419464411,-0.04549430621601158
0.039447162446978545,-0.04619195216599603
0.03951787167772751,-0.046889584321822886
0.039588590523832456,-0.04758721506797914
0.03965930453279651,-0.048284853595791155
0.03973000928590743,-0.048982485799840214
0.0398007354742058,-0.049680113182707264
0.03987144577304437,-0.05037775227160035
0.03994214660366324,-0.05107538162932779
0.04001284640282496,-0.05177301285784397
0.0400835515801783,-0.052470639560649346
0.04015424810023757,-0.053168268172606115
0.040224945737172155,-0.05386590129342761
0.0402956400646705,-0.054563527032571835
0.04036634813880616,-0.055261160085555816
0.040437037083195154,-0.055958796053006465
0.0405077244505795,-0.056656423980849135
0.04057843526102914,-0.05735405474257871
0.040649112327643205,-0.058051692113958
0.04071980493896782,-0.05874931773415881
0.0407904572880282,-0.059446951530117365
0.04086110833400218,-0.06014457794997441
0.04093179094937813,-0.06084220176847133
0.0410024566526469,-0.0615398270369677
0.041073103320283466,-0.06223744693444322
0.041143771350942215,-0.06293506242972302
0.041214413801567984,-0.06363268214549
0.041285070748919295,-0.06433029934808931
0.041355736947582,-0.0650279143995689
0.0414263837612177,-0.06572553537643055
0.04149701811230411,-0.06642315822234235
0.04156764962092982,-0.06712077653701798
0.04163827918966288,-0.06781838407193419
0.04170890539248755,-0.06851598641544776
0.04177953588599345,-0.06921359678212824
0.04185015674318687,-0.06991120576370535
0.04192078329132097,-0.07060881314496503
0.041991358802762016,-0.07130641263508108
0.04206194131103848,-0.0720039936327811
0.04213255869664047,-0.07270158760836609
0.042203175904239665,-0.07339918196566908
0.04227377251911488,-0.07409677751557642
0.04234435350501105,-0.07479436303517062
0.04241493700952223,-0.07549194047360885
0.042485522058374955,-0.07618951925030892
0.04255608458630018,-0.07688709475055422
0.042626658777914175,-0.07758466852179702
0.04269725819738421,-0.07828224007148554
0.04276785029549768,-0.07897981208951377
0.04283841450680266,-0.0796773893810202
0.04290897145542649,-0.08037495939687433
0.04297955981883429,-0.08107252587296565
0.043050114856273844,-0.08177009452620954
0.04312066222629189,-0.08246765567097869
0.04319119970869914,-0.0831652213401376
0.04326172405875067,-0.0838627763603842
0.04333225120494176,-0.08456032163193339
0.04340278090468738,-0.08525787152363806
0.04347335486294096,-0.08595542094815722
0.0435439043775072,-0.0866529775802567
0.04361439479214481,-0.08735051540327854
0.0436849409745331,-0.08804805492781087
0.04375547207819394,-0.0887456028924094
0.04382596863510571,-0.08944314071431214
0.0438964884695774,-0.0901406817205811
0.04396698938553387,-0.09083821521430568
0.04403748411488581,-0.09153575019006965
0.04410800210566554,-0.092233282406473
0.04417850459238114,-0.09293081291701932
0.044249024150552985,-0.0936283465272888
0.04431954026295394,-0.09432587715941909
0.044390038201335316,-0.09502340085275574
0.04446052097883542,-0.09572093721147046
0.044531013125604466,-0.0964184665787926
0.04460147962479455,-0.09711599241425428
0.0446719414377431,-0.09781350569575487
0.04474245011224991,-0.09851102441132586
0.04481293989432088,-0.09920854140445534
0.044883416900682885,-0.09990604762148259
0.044953897716614954,-0.10060356730894093
0.04502435961039687,-0.10130108075069133
0.04509479519020729,-0.101998583619473
0.04516524074673095,-0.10269609083599884
0.045235727194958525,-0.10339359576468587
0.045306233679040006,-0.10409110531361676
0.04537671387318459,-0.10478861492736524
0.045447187297753544,-0.10548611521980045
0.04551762360774196,-0.10618362454126051
0.04558804236715018,-0.10688112179757481
0.04565847729445792,-0.10757862257293938
0.04572895578509857,-0.1082761187564204
0.04579942601633488,-0.10897361510334935
0.04586985315644761,-0.10967111051292389
0.045940265046951284,-0.1103686072643777
0.046010676549903054,-0.11106609948721236
0.04608109869447574,-0.11176359059312091
0.046151539178567194,-0.11246107407611006
0.04622193841721027,-0.1131585609681488
0.04629234732761554,-0.11385603896936691
0.04636275414155025,-0.11455352246594064
0.04643318189023474,-0.11525099460384658
0.046503596064059516,-0.11594846946769355
0.046574001971300794,-0.1166459464172841
0.046644394144584767,-0.11734342617888527
0.046714767255908424,-0.11804090082872165
0.04678515970537328,-0.11873836486734324
0.0468555761274054,-0.11943583461525586
0.04692596478820023,-0.12013330453476567
0.04699633128272246,-0.12083077346660176
0.047066716346538306,-0.12152823811832214
0.047137089669091733,-0.12222570009732026
0.04720746813095433,-0.1229231693398608
0.04727785535505985,-0.12362063033971393
0.04734822312086644,-0.12431807784056803
0.04741857135981126,-0.1250155337829617
0.04748891006954277,-0.12571298361594796
0.0475592720541701,-0.12641042761224763
0.047629648097556154,-0.1271078754443754
0.047700018321224946,-0.1278053288203853
0.04777037390102701,-0.12850278371555157
0.04784072743084086,-0.12920022876400983
0.047911064291374594,-0.1298976754650607
0.047981405778562025,-0.13059512811058627
0.04805173218680173,-0.13129257111186898
0.04812208109994563,-0.13199001064743177
0.048192442314420464,-0.13268745243581015
0.04826278628261671,-0.13338489220040184
0.048333129095760013,-0.1340823223937322
0.04840345764721815,-0.13477976205400888
0.04847378030912458,-0.13547719873838393
0.04854413782569858,-0.13617463044945044
0.048614450612561116,-0.1368720644729584
0.048684764937127506,-0.13756948723594076
0.04875511421092142,-0.1382669171672014
0.0488254715403197,-0.13896434588195816
0.04889580943604299,-0.13966177558842396
0.04896615170742569,-0.14035919948092823
0.04903647960932958,-0.14105663455383255
0.04910678276558546,-0.14175406002378255
0.04917706350860743,-0.1424514864467329
0.0492473398082694,-0.1431489034429978
0.049317636960573036,-0.14384632432695676
0.049387931383038874,-0.14454373967543166
0.04945824518255969,-0.14524115270766647
0.049528547446961974,-0.14593857056696224
0.04959881053229892,-0.14663598666744493
0.04966907403051127,-0.14733339465711948
0.049739356853761296,-0.14803080550152048
0.0498096456708577,-0.14872820814718546
0.049879940684904644,-0.14942560543682049
0.049950197121913384,-0.15012301833590658
0.05002048305605933,-0.15082041699172588
0.05009073361420194,-0.15151782187209317
0.05016095785897187,-0.15221521725821463
0.050231228774778494,-0.15291262146369233
0.05030152365561362,-0.15361001780713401
0.05037178120257674,-0.15430740551651645
0.0504420147106224,-0.15500479340638051
0.050512254854431726,-0.15570218504687872
0.05058249686756344,-0.15639957528552717
0.05065274318345403,-0.1570969550171546
0.05072297656249222,-0.15779434013107152
0.050793220820298426,-0.15849171895641834
0.050863466639675045,-0.1591890934800373
0.05093368024574049,-0.15988646792888006
0.0510039165837696,-0.1605838508907994
0.051074146655606084,-0.16128122715452264
0.05114439968026975,-0.16197860207929715
0.05121464111201221,-0.16267598542106743
0.051315312355952686,-0.163370715378939
0.051477110103880896,-0.1640669647995674
0.05165181557245713,-0.16477514573059193
0.051819042598237205,-0.16549403301376953
0.05198570873778516,-0.16622154488311902
0.05215352604462119,-0.16695615506247452
0.05232165897078801,-0.1676967091254179
0.05248962002462437,-0.16844227064587358
0.05266348044480504,-0.16919102943086917
0.05284282393554983,-0.1699440238188984
0.053015840090554184,-0.1707020789861211
0.0531773073791838,-0.17146454931023403
0.053319777625912945,-0.17223050451960364
0.053440577703676356,-0.1729975651791712
0.053539731976067456,-0.17376283722321406
0.05362409274185892,-0.17452311903595652
0.053692327551715685,-0.1752773299377407
0.05374828816201138,-0.17602377855368956
0.05379619485306303,-0.17676162291684372
0.05384147493110314,-0.17749053722411878
0.05388891983468286,-0.1782112100742812
0.05394365746876281,-0.17892467388335553
0.0540096276912973,-0.17963262022878856
0.054089342584896435,-0.18033706922571846
0.0541823227965999,-0.18104042827127598
0.05428480339937328,-0.18174474991974476
0.05439550816150587,-0.18245116775270565
0.05451133961374591,-0.18316067183624418
0.05463187351944401,-0.18387361180614714
0.05475215367374696,-0.18459047117206517
0.054872066550831364,-0.18531071531355536
0.054986663950051834,-0.18603446613051222
0.05509511416264115,-0.1867605301348011
0.055195399674806994,-0.18748804538637287
0.05529041689697564,-0.1882154470935925
0.05538162403535524,-0.1889419359032728
0.05547064075897437,-0.18966691741049624
0.055558215521181384,-0.1903903024780924
0.05564486399156976,-0.1911120577486929
0.05573051467173956,-0.19183233533243638
0.05581657696620651,-0.19255108380564112
0.055904127411941104,-0.1932685084767155
0.055993754014932645,-0.19398494527382892
0.05608572891218036,-0.19470076729314378
0.05617886226003965,-0.19541656099644145
0.056271457334249875,-0.19613258514947474
0.056364192083343145,-0.19684870961932377
0.05645643012975396,-0.19756502950884614
0.05654913337998929,-0.1982813795589825
0.05664137677156936,-0.1989978823467775
0.056733992213350126,-0.19971440033727628
0.05682605779648621,-0.20043103402455853
0.056918557669669176,-0.20114766585097976
0.05701051298065071,-0.20186440531601546
0.0571028841470618,-0.20258111388534406
0.057194686435964676,-0.2032979299300416
0.05728695040950803,-0.20401470344210693
0.05737867507092302,-0.20473157936735242
0.05747083585346714,-0.2054483924728795
0.05756230143283722,-0.20616528894134734
0.0576543458281146,-0.20688212708156684
0.05774584633056036,-0.207599045700681
0.057837841070011026,-0.20831590852728843
0.05792914807886568,-0.20903286545531385
0.058021001906672004,-0.20974973335377312
0.05811211395914656,-0.21046670685506885
0.0582038070550408,-0.21118359622389826
0.058294744328677234,-0.2119005811320005
0.05838629859832131,-0.2126174707762818
0.058477125793696044,-0.21333446298953895
0.05856861779981562,-0.2140513563461749
0.058659406592924956,-0.2147683464427953
0.05875078283880665,-0.2154852567129849
0.05884125031004833,-0.21620226410160504
0.05893246843194902,-0.2169191531264546
0.05902297642084167,-0.21763615333986686
0.059114133887757714,-0.2183530628824445
0.05920436266881246,-0.21907007122498967
0.059295343105358084,-0.21978697539187497
0.059385453607157745,-0.22050398669564997
0.059476312678208784,-0.22122088351963642
0.059566359830603724,-0.22193789216644288
0.059657124672542305,-0.2226547911903004
0.05974690193733023,-0.223371817837557
0.0598374941566536,-0.22408871852417722
0.05992713577800682,-0.22480572534081955
0.060017653812237615,-0.22552261659267192
0.06010734317335564,-0.22623962444535517
0.06019777450606088,-0.2269565126720826
0.06028706017564142,-0.22767354555633712
0.06037729397466712,-0.2283904251895199
0.06046662201209378,-0.2291074309782477
0.06055686786131846,-0.2298243174284501
0.060646088331961154,-0.23054134724760256
0.060736158888106434,-0.23125823650521615
0.06082504034168723,-0.23197527494966974
0.06091493239240116,-0.23269216858077846
0.06100383094747833,-0.23340920048393465
0.06109363699121337,-0.23412609049770317
0.0611822996060873,-0.23484311546561576
0.061271966740394215,-0.23556000845772873
0.06136052483596875,-0.23627703650577436
0.061450094427712834,-0.23699390699359635
0.061538456863312385,-0.23771094086002786
0.06162789193907972,-0.23842782804697193
0.06171617231783187,-0.23914484719313667
0.061805516207251165,-0.23986172356709168
0.061893695494104506,-0.2405787483295041
0.06198292187091661,-0.24129562329446475
0.06207099880493344,-0.24201264352454765
0.06216011438311808,-0.24272951895524641
0.06224811616189746,-0.24344653699347907
0.0623371583860374,-0.24416342435897465
0.06242501775050746,-0.24488044621406124
0.06251397596337217,-0.24559733708711629
0.06260178497896002,-0.24631437525836863
0.06269065244697652,-0.24703127341363207
0.06277827408328056,-0.2477483135253553
0.0628670127698365,-0.24846521645220343
0.06295454113477975,-0.24918226775399377
0.06304315648166955,-0.24989916453754957
0.06313054197453047,-0.25061621652029886
0.06321907878709958,-0.25133311722251084
0.06330639250256509,-0.25205017182288547
0.0633948083001578,-0.2527670802315246
0.06348203335344565,-0.253484137964188
0.06357037251615369,-0.254201063431588
0.06365748725486389,-0.2549181300724087
0.0637457019835683,-0.2556350693926992
0.06383263112362614,-0.25635215286260504
0.06392073965860316,-0.25706907606082663
0.06400758358082623,-0.2577861616540815
0.06409555983871494,-0.2585030880650776
0.06418231494201801,-0.2592201731784144
0.0642702263334106,-0.25993711143702436
0.06435689236500355,-0.26065418991148515
0.0644446977206202,-0.2613711479411628
0.06453121898881323,-0.26208825491059684
0.06461891311234305,-0.26280520687138653
0.0647053145201747,-0.2635223177447422
0.06479281579942608,-0.26423928441565525
0.06487912871759671,-0.26495638758468987
0.06496657755116772,-0.26567336523443663
0.06505274816791788,-0.2663904819284947
0.0651399337470285,-0.2671074478619867
0.06522597291532388,-0.26782456169831026
0.0653130672434471,-0.2685415331443538
0.0653989913273714,-0.2692586339272487
0.06548586340305712,-0.2699756115588834
0.06557172538442152,-0.2706927132502557
0.06565868999081417,-0.2714096843308462
0.06574441200969235,-0.27212679769403536
0.06583099816659709,-0.27284378693377265
0.06591656542860214,-0.2735608853890271
0.06600311712318674,-0.2742778728538885
0.06608859744451326,-0.2749949692246374
0.06617496941005227,-0.27571195781981495
0.06626032216899663,-0.27642906189094907
0.06634665401922576,-0.2771460420680254
0.06643193292214788,-0.27786315576134146
0.06651800036677459,-0.27858015040283324
0.06660314075235216,-0.27929724204940987
0.06668916472684647,-0.28001423445985263
0.06677417629683352,-0.2807313339496049
0.06685991930348589,-0.281448335652172
0.06694484705648096,-0.2821654267211119
0.0670306757416131,-0.28288241510750867
0.06711548604767073,-0.28359950792648747
0.0672009546899354,-0.28431651144393477
0.06728563044987484,-0.28503359474765
0.06737108087446765,-0.28575059405610026
0.06745563964000942,-0.2864676852179219
0.0675408551739286,-0.28718468497274807
0.06762531033814706,-0.2879017669097672
0.06771044680064713,-0.28861877186147367
0.06779479765916092,-0.28933586313845694
0.0678797147109237,-0.2900528611476687
0.0679639555874127,-0.2907699418147214
0.06804879950310748,-0.29148694598207814
0.06813293493928038,-0.29220402775398513
0.06821762197882728,-0.2929210233497632
0.06830167095046398,-0.293638099274395
0.06838632315730259,-0.29435509524018644
0.06847020749195695,-0.295072175163403
0.06855458510586201,-0.29578918772179497
0.06863834442140254,-0.2965062571397812
0.06872265256132512,-0.2972232608088522
0.06880631982567365,-0.2979403296402606
0.06889036694051695,-0.29865733838553843
0.06897392498838255,-0.29937440094212564
0.0690578962080634,-0.3000913948925261
0.06914135172449024,-0.30080845027668546
0.06922513904515155,-0.30152545422594557
0.0693084499781961,-0.3022424945672506
0.0693921970288228,-0.30295949535009736
0.06947534547506687,-0.30367655331501175
0.06955876779196878,-0.30439356303290166
0.06964184387517297,-0.30511060003573964
0.0697253762817657,-0.30582758122040743
0.06980827301087261,-0.3065446361474353
0.06989146556378192,-0.3072616293929915
0.06997432731806666,-0.30797864853812873
0.07005755945160011,-0.30869562590748967
0.07014016801013159,-0.3094126748622126
0.07022297234033825,-0.3101296644888826
0.07030559396281152,-0.31084666059686294
0.07038856320276911,-0.3115636301399436
0.07047092650067621,-0.31228066573549873
0.07055339817606238,-0.3129976390404269
0.07063585360057584,-0.3137146144989126
0.07071823051382647,-0.31443158856388953
0.07080036714840093,-0.31514858906129917
0.07088272667868054,-0.3158655392365949
0.07096489457904398,-0.31658249821785933
0.07104721965400922,-0.3172994538218782
0.07112901399209173,-0.31801646882316004
0.07121090868537902,-0.31873341141507283
0.07129279019559104,-0.31945034585459486
0.07137472987802201,-0.3201672739207817
0.07145634047383265,-0.3208842480662786
0.07153834655270869,-0.3216011669028007
0.07162014638188233,-0.3223180888115438
0.07170163314731941,-0.3230350544531323
0.07178286527835621,-0.32375202875204734
0.07186425410823177,-0.3244689485147051
0.0719458552539119,-0.3251858482593286
0.07202713079289724,-0.3259027857592224
0.0721087157181591,-0.3266196898956085
0.07218997072000621,-0.32733667983155457
0.07227142961978467,-0.32805363018744127
0.07235241558177355,-0.3287706611590626
0.07243380255167184,-0.32948762503835494
0.07251474686911552,-0.3302046775545615
0.07259611485565638,-0.33092166569950654
0.07267700003002817,-0.3316387348532265
0.07275816502639712,-0.3323557687943123
0.0728388367324697,-0.33307286869969155
0.07291985413949267,-0.3337898993376346
0.07300043482551347,-0.3345069959142606
0.073081359390626,-0.33522402769797877
0.07316189938800387,-0.3359411301200801
0.07324279799189783,-0.3366581770427569
0.07332318825153902,-0.337375297468261
0.07340397096638926,-0.3380923475203613
0.07348430133308873,-0.3388094852737874
0.07356495957757189,-0.33952656113000446
0.07364510227558287,-0.3402436957162158
0.07372566233045719,-0.3409607709225355
0.07380572466700414,-0.3416779262497035
0.07388619287615923,-0.3423950043904679
0.07396613950854482,-0.34311216465037053
0.07404643262554017,-0.3438292526866982
0.074126276185448,-0.3445464107676175
0.0742065420604601,-0.3452635011803368
0.07428622745408126,-0.3459806747836933
0.07436627973239408,-0.34669776895814275
0.07444589783958808,-0.34741493756602215
0.07452585738306877,-0.34813203604796794
0.07460531873275272,-0.3488492064643287
0.07468519002682766,-0.3495663017584636
0.07476454772846342,-0.3502834797631251
0.0748442562114742,-0.35100057724266864
0.07492350615010462,-0.35171775164730346
0.07500313349772483,-0.35243484707333084
0.07508232049615872,-0.35315201897625226
0.07516185301866124,-0.353869129916872
0.07524084685169624,-0.3545863127754588
0.07532029273753103,-0.35530342009070526
0.07539921864532861,-0.35602061791479445
0.07547851262753127,-0.35673773371326045
0.07555732630464171,-0.3574549264684066
0.07563650120127252,-0.35817204443039174
0.07571513823621252,-0.3588892448166402
0.07579419788469303,-0.3596063602394628
0.0758727460954156,-0.3603235547270278
0.07595172995606243,-0.36104067251874317
0.0760301922382989,-0.3617578733236546
0.07610905853849766,-0.36247500264194776
0.07618735122979024,-0.3631922099489677
0.07626607249429751,-0.3639093325813024
0.07634429266508433,-0.3646265301512447
0.07642292737416898,-0.3653436587472585
0.07650099513445038,-0.36606087587558356
0.0765794571220872,-0.36677800457570997
0.07665743968608744,-0.36749521132509
0.076735864328692,-0.3682123352395966
0.07681370444128116,-0.3689295521214626
0.07689197485965212,-0.3696466783680069
0.07696975307186052,-0.370363886347015
0.07704792167963989,-0.3710810199376685
0.07712554229612424,-0.37179824595168165
0.07720359309937053,-0.3725153813380072
0.07728113390564113,-0.37323259653600416
0.07735913309303352,-0.37394973787690133
0.07743654446737888,-0.37466697498980706
0.07751437612376202,-0.3753841216482534
0.07759166042939068,-0.3761013578486897
0.07766936549288915,-0.37681850401606454
0.07774659003701169,-0.37753573947896124
0.07782425033263406,-0.37825289498466685
0.07790126739757172,-0.3789701400508134
0.07797874538152035,-0.37968728917984196
0.07805566216304627,-0.3804045322222238
0.07813306123182222,-0.3811216845265115
0.0782098693132696,-0.3818389361352922
0.07828712771390126,-0.3825560887825551
0.07836387696958941,-0.3832733334114964
0.0784410684721338,-0.38399048369999567
0.07851768133559736,-0.3847077453552008
0.07859475148097518,-0.38542491153090197
0.07867124326221847,-0.38614216872002194
0.07874823455151783,-0.38685933122680716
0.0788246360550145,-0.38757660618384826
0.07890147633950312,-0.3882937800410322
0.07897772323878818,-0.38901105150709836
0.07905446831614303,-0.3897282317035913
0.07913064885345694,-0.39044550826352464
0.07920731025321683,-0.39116269295715445
0.07928335354023403,-0.39187997834243793
0.07935989904360172,-0.39259716330730954
0.0794358275767028,-0.3933144559990742
0.07951217074577865,-0.39403163425576093
0.07958796681267624,-0.39474891650058974
0.07966425087399272,-0.39546609415437484
0.07973995597668265,-0.396183374569959
0.07981609068734893,-0.39690056434097754
0.07989165149251135,-0.39761784670574385
0.07996771011204726,-0.3983350284731192
0.08004313119895715,-0.39905231516361395
0.08011904897643228,-0.399769489652004
0.08019441129030759,-0.4004867679387465
0.08027023733896936,-0.40120394683253013
0.08034547446024991,-0.40192124030151677
0.08042118229363651,-0.4026384276990296
0.08049628506436608,-0.40335570832815804
0.08057187199171488,-0.4040728992306283
0.08064683597761663,-0.4047901863143022
0.08072230381125298,-0.4055073747952571
0.08079719460555182,-0.40622465885946013
0.08087256596013936,-0.40694184191335303
0.08094730711229876,-0.4076591320215657
0.08102258234751347,-0.40837631232822325
0.08109722206165948,-0.4090936122913206
0.08117235319620734,-0.4098107958587257
0.08124687925996693,-0.4105280870576461
0.0813218991823919,-0.41124527771599884
0.08139629854780008,-0.4119625625065325
0.08147122239998096,-0.4126797585967181
0.08154554833570948,-0.4133970592801104
0.08162034858243442,-0.4141142547086205
0.08169450136084344,-0.4148315500611558
0.08176920362840877,-0.41554873715218277
0.08184324198691693,-0.41626603782986293
0.08191785091335921,-0.41698322398968524
0.08199182005003221,-0.41770052960898696
0.08206629563411978,-0.4184177203452357
0.08214012325578747,-0.41913502516692325
0.08221447784209297,-0.41985221694311803
0.08228818861806861,-0.4205695231806079
0.08236243930138787,-0.42128670905817567
0.08243606185994648,-0.42200401247470154
0.0825102054575539,-0.4227212101319753
0.08258369621556587,-0.4234385214820846
0.08265772934453111,-0.4241557062875656
0.08273109335498247,-0.4248730155718594
0.08280503962131693,-0.4255902053774935
0.08287831082798422,-0.42630752411644146
0.08295208938711232,-0.4270247113618725
0.08302523810088085,-0.4277420240074805
0.08309891859540522,-0.4284592187424957
0.08317192025414419,-0.4291765306790638
0.08324546700531005,-0.42989372586439456
0.08331833048641164,-0.4306110361278388
0.08339175416092308,-0.4313282185659645
0.08346453570438717,-0.43204552301615473
0.08353788570128912,-0.43276270617830603
0.08361054690634348,-0.43348000834061273
0.0836837853327648,-0.43419719342605756
0.0837563438087148,-0.434914505648593
0.08382944951893644,-0.4356317115178404
0.08390192246870429,-0.43634902310398216
0.08397495315207919,-0.43706621648112653
0.08404730652720085,-0.43778354525234264
0.08412022998247255,-0.43850075366958374
0.08419244638275397,-0.43921808263778783
0.08426526755898528,-0.4399352923609019
0.08433742591312776,-0.44065261934445654
0.08441018523582611,-0.4413698271084874
0.08448221271813161,-0.44208717193683167
0.08455474660723496,-0.4428043799197763
0.08462665025260238,-0.4435217056938596
0.08469914217820664,-0.4442389202079303
0.08477087551054374,-0.444956261682368
0.08484320737234977,-0.4456734643391854
0.08491491391934049,-0.44639079849355956
0.08498718863970608,-0.44710802147463824
0.08505874607018671,-0.44782537088395624
0.08513090405088669,-0.44854259404838714
0.08520233723419501,-0.44925993047089385
0.08527439522429252,-0.44997715456757104
0.08534566272912164,-0.450694502035768
0.08541755348241048,-0.4514117151942949
0.08548884128228934,-0.45212906338891745
0.08556068554556462,-0.4528462844144917
0.08563175658274826,-0.45356362401095307
0.08570344595259073,-0.45428083176704737
0.08577443322639046,-0.45499818531402414
0.0858460006491428,-0.45571540828823787
0.08591687100021214,-0.45643275558287155
0.08598838025299571,-0.4571499747560759
0.08605910786640829,-0.45786732985311607
0.08613043342248752,-0.45858454975256924
0.08620108776157179,-0.459301899977805
0.08627236493359977,-0.4600191179869175
0.0863428684238536,-0.4607364786385214
0.08641396720622141,-0.4614537024204426
0.08648437823466909,-0.4621710440683183
0.08655544569917446,-0.46288826551408124
0.086625757234163,-0.46360562756846624
0.08669668209819867,-0.46432284998561224
0.08676684792385066,-0.46504020361183473
0.08683762685511913,-0.46575742624640426
0.086907769996763,-0.4664747749316478
0.08697851809727611,-0.4671920002664852
0.08704842447620269,-0.4679093663801934
0.08711894037644552,-0.4686265962532481
0.08718880243202333,-0.46934393973692734
0.08725930151984308,-0.470061161663927
0.08732899825997714,-0.47077853331106867
0.0873992392310623,-0.4714957534810442
0.08746887900403164,-0.4722130893739501
0.08753916429736404,-0.4729303035196911
0.08760862356634078,-0.47364766125610214
0.08767850511774772,-0.4743649073902707
0.08774781352099195,-0.47508222618342344
0.08781703648709813,-0.47579947867172856
0.08788625441129974,-0.4765166735645059
0.08795539233585088,-0.4772338250536998
0.08802445393716775,-0.4779509377119271
0.08809344670566714,-0.4786680179189242
0.08816240192302081,-0.4793850622692838
0.08823130225151943,-0.48010207992774345
0.0883001682716486,-0.4808190842890536
0.08836898591036567,-0.4815360744410101
0.08843774057911982,-0.4822530469852965
0.08850641456661482,-0.4829700207572688
0.08857505804676098,-0.4836869718603012
0.08864360771598137,-0.484403916362654
0.08871209868135808,-0.4851208462802239
0.08878055420922909,-0.4858377781575224
0.08887458373230966,-0.4865508698377191
0.08903590712753538,-0.4872618608027821
0.08921095097135534,-0.48798495951867893
0.08937621725119826,-0.4887200358472248
0.08954079762859195,-0.48946480865823694
0.08970847232100461,-0.4902175894454549
0.08987755682608045,-0.4909769981778357
0.09005395137110013,-0.49173994803187204
0.09024068818895391,-0.4925083236179122
0.09042470043497665,-0.49328320295577466
0.09060579779202545,-0.49406469335076875
0.09077678225387543,-0.49485267174990755
0.09092326838032433,-0.4956457351164535
0.0910492941767313,-0.4964409673915172
0.09115607710295034,-0.4972353366669352
0.09123730467948278,-0.49802563696596847
0.09129979811682157,-0.4988091357627237
0.09134957112534918,-0.4995839103222549
0.091391949832876,-0.500348698423767
0.0914323406040783,-0.5011030545783596
0.09147546589006242,-0.5018475574699073
0.09152466349775032,-0.5025836927264957
0.09158842434650746,-0.5033123957865269
0.09166572967176277,-0.5040366342797142
0.09175823525347129,-0.5047587523899772
0.09185691505257776,-0.5054823882374126
0.09196590530668028,-0.5062077161623354
0.0920799222567778,-0.5069365813096889
0.09219746144259945,-0.5076693879777386
0.09231687307691616,-0.5084062417575466
0.09243412132831805,-0.5091472301642366
0.09254621330403932,-0.5098920443643611
0.09265420852329137,-0.5106396666313797
0.0927565820675682,-0.5113888980739375
0.09284980701749916,-0.5121385473124717
0.09293800163424767,-0.5128871329900858
0.09302334698738288,-0.5136342347444458
0.09310676381301082,-0.5143795689154651
0.093189287381113,-0.5151230423428029
0.09327193379421943,-0.5158646334026927
0.09335561342330621,-0.5166045354266586
0.09344039261914848,-0.5173431334386124
0.09352653602692064,-0.5180808113004373
0.09361403598128622,-0.518818069971977
0.09370333164692242,-0.5195549884145242
0.09379338744140275,-0.5202918833907271
0.09388350535213211,-0.5210290122367901
0.09397351797632382,-0.5217663859517401
0.09406346704014178,-0.5225039987028568
0.0941533417943308,-0.5232418078817647
0.0942430942802267,-0.5239797830968218
0.09433272083239105,-0.5247178974297263
0.09442221790502675,-0.5254561221324643
0.09451159785668094,-0.5261944561903272
0.09460087509252207,-0.52693286143735
0.09469003236033166,-0.527671359474119
0.0947790940055253,-0.528409900056864
0.09486808670117486,-0.5291485305959664
0.0949569526161503,-0.5298871930661605
0.0950457163342121,-0.530625893351775
0.0951343633888523,-0.5313646559083148
0.09522290069186884,-0.5321034387872058
0.09531132800922652,-0.5328422672580664
0.09539961341036388,-0.5335811087862903
0.09548780650492589,-0.5343199812864828
0.09557588659108908,-0.5350588650112996
0.09566384829350309,-0.5357977689113024
0.09575162391839392,-0.5365366780156143
0.0958393059356503,-0.5372756097509933
0.09592702726716873,-0.5380145379293946
0.09601470186394462,-0.5387534967808357
0.09610213088460522,-0.5394924754937198
0.09618947278259661,-0.5402314660959693
0.09627714174538007,-0.5409704436351762
0.0963651397764104,-0.5417094331584508
0.0964527411782604,-0.5424484437861904
0.0965397778733155,-0.5431874868720593
0.09662694833819101,-0.5439265183594929
0.09671668896963535,-0.544665477788176
0.096808270562178,-0.5454044180245099
0.09689679089466983,-0.5461435240516443
0.09698336087523315,-0.5468826559423736
0.09706963100761656,-0.5476217936311479
0.09715920648672445,-0.5483607983433545
0.09725042825959059,-0.5490998339188108
0.09733838260776155,-0.5498390237470168
0.09742437626214234,-0.5505782275653609
0.09751143144146784,-0.5513173568661882
0.09760168869601607,-0.552056440664073
0.09768912355315541,-0.5527956703281269
0.09777486753492229,-0.5535349097829657
0.09786371209920822,-0.5542740107201471
0.09795405352637723,-0.5550131410354822
0.09804106484416245,-0.5557524147622257
0.09812632904107929,-0.5564916878374635
0.09821468623649644,-0.5572308318033575
0.0983046017260405,-0.5579700067272174
0.09839114719250425,-0.5587093133869736
0.09847595880416621,-0.5594486085809629
0.09856402328009106,-0.5601877924272062
0.09865358534313493,-0.5609270051562506
0.09873965471433936,-0.5616663391178673
0.09882404662416741,-0.5624056812258883
0.09891170639690575,-0.5631449102177609
0.09900096630157608,-0.5638841416479519
0.09908667782877559,-0.5646235305842223
0.09917066734614279,-0.5653629234864326
0.09925801723642419,-0.5661021751224581
0.09934684256798733,-0.5668414564903561
0.09943197252743759,-0.5675808703162321
0.09951546659906671,-0.5683202778151032
0.0996024976504222,-0.5690595634505408
0.09969095459782773,-0.5697988830219466
0.09977560539080821,-0.5705383329308229
0.09985868268030694,-0.5712777626186011
0.09994539706745986,-0.5720170726822569
0.10003346301574202,-0.5727564149313846
0.10011767481870443,-0.5734958891354868
0.10020063606210455,-0.5742353329875071
0.10028725003231553,-0.574974668864141
0.10037493688943501,-0.5757140462981136
0.10045881746326717,-0.5764535347204913
0.10054493620782635,-0.5771928809960695
0.10063584630944415,-0.5779323069238793
0.1007200025174293,-0.5786720220167955
0.10080172092384967,-0.57941168153512
0.10088806843657,-0.5801511783449971
0.10097822849375726,-0.5808907131833851
0.1010617497533314,-0.5816305254051298
0.10114303394878882,-0.5823702579567837
0.1012291639062444,-0.58310982300929
0.10131904525091626,-0.5838494339801122
0.10140213452811288,-0.5845893073922859
0.10148299113733719,-0.5853291101745821
0.10156895659605217,-0.586068732571078
0.10165866864258306,-0.5868084141088816
0.10174140918486989,-0.587548357568901
0.10182192359838876,-0.588288213064697
0.10190742098992134,-0.5890279153800785
0.101996083414926,-0.5897676277545395
0.10207808572908783,-0.5905075879398082
0.1021594348967536,-0.5912474044945631
0.10224662215835409,-0.5919872070519394
0.10232856530014253,-0.5927271273264101
0.10241339306067383,-0.5934668419491171
0.10250201827496017,-0.5942066377449335
0.10258354443570994,-0.5949466693609707
0.10266419702589764,-0.5956865590954264
0.10275064428829822,-0.5964264403291024
0.10283189876833138,-0.5971664174920494
0.1029162583505128,-0.5979061938375863
0.10300425292446327,-0.5986460457571035
0.10308534748253376,-0.5993861069512862
0.10316902191852194,-0.6001259367306517
0.10325681376942121,-0.6008658619513498
0.10333765388969854,-0.6016059909581818
0.10342115329124862,-0.6023458750982531
0.10350858136965345,-0.6030858509690155
0.10358904203854968,-0.6038260122273738
0.10367230222287267,-0.6045659362063375
0.10375940221532026,-0.6053059476804405
0.10383953247963336,-0.6060461434755293
0.10392248743404836,-0.6067861021286469
0.10400932558534128,-0.6075261373786771
0.10408912408031748,-0.6082663635183351
0.1041718425745403,-0.6090063444039308
0.10425836084796856,-0.6097464229388602
0.10433782444626771,-0.6104866768566786
0.10442028558336021,-0.6112266804770184
0.1045064599289686,-0.6119667850674805
0.10458554410858932,-0.6127070554613647
0.10466772564424115,-0.6134470819348782
0.10475355731984362,-0.6141872052162821
0.10483230031717146,-0.6149274875110833
0.10491422389354145,-0.6156675422557021
0.10499975788103244,-0.6164076841372667
0.1050781409384504,-0.6171479786736576
0.10515984349518431,-0.6178880369391874
0.10524502971979649,-0.6186282096818334
0.10532307874775962,-0.6193685369050226
0.10540451623013442,-0.6201086232639949
0.10548936347637984,-0.6208488011638834
0.10556705748204423,-0.6215891343588971
0.10564826280326517,-0.6223292290947512
0.10573280398791153,-0.6230694471709498
0.10581017843682863,-0.6238098023634181
0.1058911076528862,-0.6245499206475819
0.10597530884066514,-0.6252901456256706
0.10605233114704649,-0.6260305160079229
0.10613300017546416,-0.6267706552454883
0.10621687389310949,-0.6275108990300741
0.10629357660939187,-0.628251290277235
0.10637401839908683,-0.6289914535559247
0.10645754452568151,-0.6297317327385356
0.10653386642310654,-0.6304721252302626
0.1066140685056246,-0.6312122970743093
0.10669726991815831,-0.631952592537831
0.10677326607800403,-0.6326930149204434
0.10685321749818227,-0.6334332080764661
0.10693609612496863,-0.6341735309429581
0.10701211333972215,-0.6349139537944354
0.10709265650423366,-0.6356542065323316
0.10717509540775837,-0.6363945833751153
0.10725109772784013,-0.6371350375089649
0.10733223177532204,-0.6378753530527652
0.10741420554610817,-0.6386157937985896
0.10749018391679342,-0.6393562879522161
0.1075715261608059,-0.6400967057972502
0.10764707822465802,-0.6408372222676829
0.10772800008077313,-0.641577662988162
0.10780516707687833,-0.6423181238010713
0.10788671994300778,-0.6430586307134175
0.10796205459228075,-0.6437992105996878
0.10804279718100003,-0.6445396929821967
0.108117707263183,-0.645280275579412
0.10819816216918447,-0.6460207850310803
0.10827533504413535,-0.6467613037421935
0.10835618729267245,-0.6475018706272204
0.10843087796772397,-0.6482425023372486
0.10851100132719882,-0.6489830576926598
0.10858527270306338,-0.6497236803116374
0.10866525496353549,-0.6504642314922751
0.10873947073085047,-0.6512048438066873
0.10881929754048028,-0.6519454074792506
0.10889427688674166,-0.6526860084806105
0.10897415785029428,-0.6534266214416354
0.1090496242276068,-0.6541672253055157
0.10912951790246109,-0.6549078840996813
0.1092044607740113,-0.6556485679230136
0.10928411357136607,-0.6563892377943042
0.1093605621564182,-0.6571299019990705
0.1094401987820259,-0.6578706027474462
0.10951794735085335,-0.6586112693257052
0.10959731178353124,-0.6593519889534337
0.10967512430879284,-0.6600926594598677
0.10975426123128501,-0.6608334127003461
0.10983190289517078,-0.661574122844216
0.10991078227298756,-0.6623148950836779
0.10998825060452681,-0.6630556045403536
0.11006691634314164,-0.6637964020438945
0.11014413921540517,-0.6645371205711822
0.11022262800665716,-0.6652779204294849
0.11029974462186874,-0.6660186568997284
0.11037803803474888,-0.6667594821525438
0.11045497829253838,-0.6675002462608535
0.11053304547927031,-0.6682411023313719
0.11060973579007703,-0.6689818663856542
0.11068757034604983,-0.6697227087360497
0.11076409997217573,-0.6704634915406964
0.11084175845459385,-0.6712043512791079
0.11091809440597303,-0.6719451473649812
0.11099551712766423,-0.6726860184779047
0.11107167449658045,-0.6734268113470112
0.11114891711677999,-0.6741676953378951
0.11122492483273132,-0.6749085124130156
0.11130232218052682,-0.675649401167504
0.1113786203760083,-0.6763902774531235
0.11145379859027606,-0.6771311002458225
0.11153092354453799,-0.6778719872321124
0.11160691716062733,-0.678612862409058
0.1116819687881491,-0.6793536980015282
0.11175906005289563,-0.6800945866287541
0.11183504999504948,-0.6808355175320058
0.11190993959247392,-0.6815763850798587
0.111987140210862,-0.682317289715459
0.11206328598582854,-0.6830582964190794
0.1121379746424947,-0.6837992197518507
0.11221489845530869,-0.6845402099841204
0.11229097753471502,-0.6852812774345513
0.11236587159327154,-0.6860222801366832
0.11244242019306452,-0.6867633234467516
0.11251849086145292,-0.6875044285879288
0.11259418974210841,-0.6882455125385021
0.11266970797731186,-0.6889866543662972
0.11274448044892553,-0.689727732060652
0.11282058534208747,-0.690468850833904
0.11289649619568883,-0.6912100329481207
0.11297232703609406,-0.6919512230147555
0.11304862969783297,-0.6926924628736155
0.11312531082095843,-0.6934337629923149
0.11320256511711434,-0.6941751204984923
0.11328148583052253,-0.6949165336461894
0.11336239026731536,-0.6956580761784852
0.11344358491183956,-0.6963998261888796
0.11352472780078407,-0.6971417267820436
0.11360586025256544,-0.6978837698282963
0.11368689602047148,-0.6986259376630837
0.11376790273240042,-0.6993682107686227
0.1138488242765488,-0.7001105924924806
0.11392971884491011,-0.7008530608781011
0.11401051058803416,-0.7015956187293282
0.11409118845750404,-0.7023382415130544
0.11417181417246793,-0.7030809117716743
0.11425233390919053,-0.7038236491640897
0.11433277158298838,-0.7045664188612396
0.11441312629949721,-0.7053092429851573
0.11449341068952795,-0.7060520945766405
0.11457361424180569,-0.7067949876048295
0.11465371488266221,-0.7075379102270379
0.11473371273982359,-0.7082808534610686
0.11481361059835535,-0.709023823076041
0.1148934330560883,-0.7097668086364468
0.11497315566656918,-0.7105098109560514
0.11505279164908669,-0.7112528124186824
0.11513234621400928,-0.7119958453491473
0.11521178957136775,-0.7127388885671944
0.11529115008021619,-0.7134819253876101
0.11537043044379303,-0.7142249896373248
0.11544963045608476,-0.7149680629750758
0.11552870054460121,-0.7157111582978734
0.11560771517508305,-0.7164542452738697
0.11568657100024354,-0.7171973506493566
0.11576535110099251,-0.7179404444803605
0.11584405015492726,-0.7186835437022617
0.11592262977701999,-0.7194266507535051
0.11600107831890488,-0.7201697604727089
0.1160794549436008,-0.7209128581580384
0.11615774100133662,-0.7216559756610732
0.11623592669431991,-0.7223990917504757
0.11631404051400297,-0.723142195859718
0.11639205847501627,-0.7238853145909135
0.1164700126631255,-0.7246284219412836
0.11654785405885937,-0.7253715580789302
0.11662563680093672,-0.7261146897680071
0.1167033052804924,-0.7268578368524794
0.11678089373177347,-0.727600978106048
0.11685839453052405,-0.728344142531242
0.11693580791876178,-0.7290873094336973
0.11701317376444112,-0.729830471812324
0.11709042027244201,-0.7305736582606499
0.11716759044843511,-0.7313168452378068
0.11724466121508324,-0.7320600403015536
0.11732165637608472,-0.7328032444561298
0.11739855132155559,-0.7335464619817814
0.11747535733530398,-0.7342896704456406
0.11755211307902182,-0.7350328983176574
0.11762876147932783,-0.7357761510756726
0.1177053256349059,-0.7365194024720196
0.11778177474824408,-0.7372626654320706
0.11785815234930958,-0.7380059370990196
0.11793446288981363,-0.7387492221423881
0.11801065996361358,-0.7394925127688167
0.11808679928835547,-0.7402357967763535
0.11816281698568883,-0.7409791106559457
0.1182387492168921,-0.7417224178422743
0.1183146350427345,-0.7424657473461579
0.11839040477467382,-0.7432090889013414
0.11846611630594031,-0.7439524177122903
0.11854171803496305,-0.7446957852326236
0.11861727588804682,-0.7454391427212645
0.1186927279941635,-0.7461825210862832
0.1187680880597297,-0.7469259143676507
0.11884333788349488,-0.7476693179659633
0.11891852714427653,-0.7484127151092297
0.11899359638150873,-0.7491561461506988
0.11906860099646009,-0.7498995716648356
0.11914352607116348,-0.7506430015853495
0.11921834891639628,-0.7513864449929362
0.11929309118857881,-0.7521299110972094
0.11936776039412111,-0.7528733745112727
0.11944234150339568,-0.7536168531720595
0.1195168244596668,-0.7543603437434224
0.11959125482240582,-0.7551038439770243
0.1196655575121194,-0.7558473577798721
0.11973975971664637,-0.7565908686481714
0.1198139225695967,-0.7573343946981127
0.11988796281870573,-0.7580779382132723
0.11996192942823235,-0.758821476150243
0.1200358040250992,-0.759565033622705
0.12010961567363423,-0.7603085867696127
0.12018333543510668,-0.7610521669249569
0.12025693998171799,-0.7617957508800773
0.12033045275094596,-0.7625393335303858
0.12040391382410573,-0.7632829407021875
0.12047729149334206,-0.7640265541224927
0.1205505748288833,-0.7647701652568939
0.12062376377942922,-0.7655138069928583
0.12069687758557852,-0.7662574524846817
0.12076990697469965,-0.7670011051672596
0.12084283694315512,-0.7677447607330276
0.12091569460380114,-0.7684884376927871
0.1209884591770688,-0.7692321342759875
0.12106115334004959,-0.7699758322455187
0.12113376525665427,-0.7707195414247007
0.12120624946564432,-0.7714632610653834
0.12127867829028195,-0.7722069845993412
0.1213510348998116,-0.7729507218175758
0.12142329311682108,-0.7736944684594982
0.12149546668881904,-0.7744382373296873
0.12156750263681548,-0.7751820099787813
0.12163946075282192,-0.7759257825608075
0.12171134093901191,-0.7766695735946239
0.12178314788106005,-0.77741337003858
0.12185481959558139,-0.7781571765056438
0.1219263965774327,-0.7789009854692919
0.12199790783648769,-0.7796448096592733
0.12206929512820192,-0.7803886549242482
0.12214062522815736,-0.7811324979343739
0.12221188151772586,-0.7818763482486621
0.12228303687850278,-0.7826202141852511
0.12235411692851285,-0.7833640895500598
0.12242509561174189,-0.7841079885632432
0.12249596743875721,-0.7848518880658247
0.12256673519673543,-0.7855958012556424
0.12263737096800398,-0.7863397276271256
0.12270793396179921,-0.7870836435423945
0.12277845335353799,-0.7878275861723217
0.12284884926894292,-0.7885715402455709
0.12291920122482505,-0.78931548700185
0.12298940184606498,-0.7900594587504957
0.12305952875350329,-0.7908034240603138
0.12312958953303475,-0.791547418636967
0.12319957801299795,-0.7922914210921738
0.12326941896089039,-0.7930354387472607
0.12333920845693035,-0.7937794593131192
0.12340885962896508,-0.7945235068889706
0.12347841694170718,-0.7952675403932763
0.12354793935415856,-0.7960115816453461
0.12361734344482558,-0.7967556472364737
0.12368665733623166,-0.7974997320659393
0.12375586856768575,-0.7982438134620887
0.12382498452363516,-0.7989879118411312
0.12389405158737846,-0.799732013043987
0.12396297465813051,-0.8004761375846432
0.12403183933805026,-0.8012202491549753
0.12410055986180828,-0.8019643929579052
0.1241692199483738,-0.8027085361576607
0.12423778545509447,-0.803452693533896
0.12430629676866578,-0.8041968463653271
0.12437473011210023,-0.8049410270739502
0.1244430337861963,-0.8056852250232052
0.124511225785306,-0.8064294150072038
0.12457930617195213,-0.8071736254389923
0.12464733523278748,-0.807917837471683
0.12471525040743688,-0.8086620755411309
0.12478308653308079,-0.8094063137335195
0.12485082556347106,-0.8101505643141061
0.12491852385467797,-0.8108948109002398
0.12498605428730775,-0.8116390895981263
0.12505351459602007,-0.8123833638226904
0.1251208557828919,-0.8131276545614559
0.12518813831088577,-0.813871931273485
0.1252552521360585,-0.8146162326146656
0.1253223154450918,-0.8153605237792043
0.1253892402919558,-0.8161048325301696
0.12545606032231185,-0.8168491385818815
0.12552280529372814,-0.8175934555802751
0.12558942471273565,-0.8183377693575341
0.12565599199780728,-0.8190820821982248
0.12572244316936698,-0.8198264024934137
0.12578874893377742,-0.8205707168146871
0.1258549768136524,-0.8213150436123934
0.12592111465233435,-0.8220593700271005
0.125987167771704,-0.8228036932383598
0.12605307261368923,-0.8235480361379922
0.12611889937723156,-0.8242923622492624
0.12618464829232195,-0.8250367010484091
0.12625027718193305,-0.8257810431270634
0.1263158116563321,-0.8265253706075233
0.12638120284328805,-0.8272697081215569
0.1264465473028588,-0.8280140356354883
0.1265117663270367,-0.8287583868917588
0.12657681997821357,-0.8295027252728704
0.12664180802660488,-0.8302470549252382
0.12670669568304202,-0.8309913958876757
0.12677145268464718,-0.8317357208568985
0.12683615307275964,-0.8324800547973565
0.12690070681994936,-0.8332243971573166
0.12696520766768618,-0.833968729088561
0.12702963555734234,-0.8347130650133201
0.12709398660410867,-0.8354574137312579
0.12715808901081155,-0.836201770870619
0.1272221210749836,-0.8369460945526197
0.12728604285142214,-0.8376904397041957
0.1273499354337451,-0.8384347667702458
0.1274136893841992,-0.8391791086004086
0.1274773645823659,-0.8399234517686195
0.12754088803373634,-0.8406677993839706
0.1276043370470207,-0.8414121331381954
0.12766775480268464,-0.8421564734026119
0.12773097844404424,-0.8429008266024172
0.1277941517897225,-0.8436451632596591
0.12785715831442515,-0.8443895174752718
0.12792012587559506,-0.8451338578863963
0.1279830042771204,-0.8458782039362795
0.12804577125864786,-0.8466225423022742
0.1281083382629578,-0.8473668953773461
0.12817084149720398,-0.8481112388876275
0.12823322750758723,-0.8488555802803477
0.12829551615996743,-0.8495999183382714
0.12835764871617344,-0.8503442706487304
0.1284197077129027,-0.8510886042281081
0.12848164872966822,-0.8518329462003181
0.12854342914731995,-0.8525772747513629
0.1286051478652065,-0.8533216124464975
0.12866673599629394,-0.8540659575818355
0.12872829034917313,-0.8548102861191534
0.12878959172361032,-0.8555546385588741
0.12885081304436066,-0.856298963008703
0.12891189532103337,-0.8570432998377822
0.1289729184550126,-0.8577876305842352
0.1290338336292013,-0.858531979446765
0.12909460282631477,-0.8592763269723827
0.12915535157111305,-0.8600206565484303
0.129215863301803,-0.8607650125608545
0.1292762387746073,-0.8615093448072311
0.1293365638685389,-0.8622536843424121
0.12939669023622177,-0.862998028129502
0.1294566717412221,-0.8637423541516532
0.12951649504227092,-0.8644866952978172
0.12957618791605816,-0.8652310225500892
0.12963568218823307,-0.8659753642604495
0.12969497785911482,-0.8667196895952313
0.1297541265147367,-0.8674640110408951
0.12981316895732603,-0.8682083210966238
0.12987201417986752,-0.8689526424048652
0.12993058504246557,-0.8696969416425143
0.12998907474124047,-0.8704412379719779
0.1300474184070784,-0.8711855338684439
0.13010565314454717,-0.8719298183256146
0.13016371627169343,-0.872674118486835
0.1302215643707326,-0.8734183950787194
0.13027926215735414,-0.8741626710606526
0.13033690388367178,-0.8749069385986018
0.13039434248856008,-0.8756512232762732
0.13045152834793736,-0.87639548035557
0.1305085611688645,-0.8771397370123738
0.13056547465574994,-0.8778839873299197
0.13062222280584457,-0.8786282406900456
0.13067881719070107,-0.8793724766644762
0.1307353086854468,-0.8801167101882142
0.1307916411057761,-0.880860939205121
0.1308478018466377,-0.8816051810170504
0.13090381217980898,-0.8823494033835184
0.13095966454391172,-0.883093623663271
0.13101525556945642,-0.8838378419851471
0.1310706651049769,-0.8845820352075591
0.13112590954352984,-0.8853262258434789
0.13118103323672897,-0.8860704003830538
0.13123597540652449,-0.8868145790089856
0.13129077935125727,-0.8875587446277943
0.13134542644493363,-0.8883029109780373
0.1313999298598219,-0.88904705916524
0.13145434877233939,-0.8897912103799009
0.131508651570913,-0.89053536178598
0.1315628262258397,-0.8912795196646601
0.13161673529249207,-0.8920236775122098
0.13167042613311508,-0.8927678152832762
0.13172395800324757,-0.8935119498724416
0.13177739388103024,-0.8942560651662561
0.13183068771235065,-0.8950001967712212
0.13188372743290178,-0.8957443047752116
0.1319365951891951,-0.8964884097914207
0.1319893649206481,-0.8972325008059503
0.13204203629285322,-0.897976591372891
0.13209456040755396,-0.8987206946161589
0.13214679839359222,-0.8994647818256095
0.1321988237150445,-0.9002088442920666
0.132250692445873,-0.9009529040097667
0.13230250037243654,-0.901696945642836
0.13235417453936846,-0.9024410013099561
0.13240565746515334,-0.90318503751032
0.13245697294699496,-0.9039290781007694
0.1325081304409707,-0.9046731046429677
0.13255913566892868,-0.9054171282088962
0.13260997699064067,-0.9061611403751498
0.13266066957164246,-0.9069051532357387
0.1327112323465953,-0.9076491598674722
0.13276162025713223,-0.9083931655095022
0.1328118436534614,-0.909137160115346
0.13286187979159353,-0.9098811521125143
0.13291180745015535,-0.9106251266329461
0.13296160191682763,-0.9113691070713721
0.13301115581024595,-0.9121130685572191
0.13306055847253706,-0.9128570313935467
0.13310976738926666,-0.9136009833893678
0.13315882639066137,-0.9143449154669142
0.1332078033859673,-0.915088850644333
0.13325664537981657,-0.9158327757636905
0.1333052701120838,-0.9165766976688281
0.133353692683606,-0.9173206058551722
0.13340194938514988,-0.9180645079318911
0.13345013661808225,-0.9188083987847891
0.133498204540324,-0.919552302249493
0.13354612667651822,-0.9202961901166546
0.13359384363655685,-0.921040083845119
0.13364137293510023,-0.9217839597422777
0.13368876607130473,-0.922527839630912
0.13373605019642493,-0.9232717071912603
0.1337831317629809,-0.924015575891123
0.1338300537914115,-0.9247594248552496
0.13387678127647262,-0.925503273388072
0.13392333215000013,-0.9262471075983575
0.13396983611974073,-0.9269909484817793
0.13401620041668466,-0.9277347808155179
0.13406235768545202,-0.9284785928525398
0.13410836069377333,-0.9292224040738798
0.13415414396964961,-0.9299662140128069
0.1341997836965934,-0.9307100118701962
0.1342453367240558,-0.9314538055941821
0.13429069212626146,-0.9321975941461188
0.13433587020547377,-0.9329413749732676
0.1343809024975268,-0.9336851494855712
0.13442577439952574,-0.9344289174198341
0.13447051982216138,-0.9351726678666686
0.1345150871026149,-0.935916424312516
0.13455942886570949,-0.9366601621325349
0.13460368661682937,-0.9374039000180507
0.1346477934092395,-0.9381476359391068
0.13469174778134255,-0.9388913570661633
0.1347355219341571,-0.93963507979003
0.13477906824835342,-0.9403787788988177
0.134822439397896,-0.9411224755295247
0.13486570133788217,-0.9418661546441647
0.13490879675811748,-0.9426098303569217
0.13495171535605135,-0.9433534888995838
0.13499449460938293,-0.944097147113096
0.13503712971123125,-0.9448407976111802
0.13507953199308348,-0.9455844339286396
0.13512155310655496,-0.9463280443715706
0.1351630654469176,-0.9470716295667327
0.135203823534754,-0.947815150290158
0.1352452407966588,-0.9485586754459109
0.1352862774807549,-0.9493021777076021
0.13532712599580476,-0.9500456650728374
0.13536800637082755,-0.9507891370422261
0.13540970659383894,-0.9515326092172001
0.1354512535900474,-0.9522761312794182
0.1354919226107854,-0.9530196407075521
0.13553300630547954,-0.9537631249813954
0.13557367863379735,-0.9545066405481103
0.13561316901751708,-0.9552501070322782
0.13565246813914406,-0.955993539851453
0.1356918011446416,-0.9567369596699742
0.13573153188291864,-0.9574803904208444
0.13577064793414262,-0.958223809310944
0.13580970532292874,-0.9589672194893731
0.13584854130482288,-0.9597106132645116
0.13588720909657437,-0.9604540060929189
0.13592546096951122,-0.9611973771461252
0.13596108327180415,-0.9619406562097108
0.13599190587939172,-0.9626836542994675
0.1360165945647003,-0.9634263021496733
0.13603079780222843,-0.9641681602876744
0.13604341677560372,-0.9649093653006863
0.13605663210900704,-0.9656501036052054
0.13606951950191398,-0.9663904367146336
0.13608232360797426,-0.967130408151491
0.13609503409769752,-0.9678700719517094
0.13610772201301993,-0.9686094958039607
0.13612030038906908,-0.9693486992868573
0.13613279377508275,-0.9700877085788184
0.1361452531834015,-0.9708265743148646
0.1361576131711423,-0.9715652991560756
0.13616988035775884,-0.9723039021640842
0.13618207562780513,-0.9730424118614368
0.13619418316095833,-0.9737808526455543
0.13620620472283673,-0.974519206812913
0.13621814543050026,-0.9752574972222865
0.13625866202423,-0.9759913587139133
0.13635003085925185,-0.9767249641642493
0.13646166957517303,-0.9774697933791917
0.13657029413478022,-0.9782271029363663
0.13667867296047403,-0.9789951458940686
0.13678518929833108,-0.979771944333783
0.1369102517881339,-0.9805520690302426
0.13704087515701166,-0.9813413917927052
0.1371733458197361,-0.9821392046990525
0.13730312521517485,-0.9829448246710264
0.13742496331997084,-0.9837583376040676
0.13753209893043816,-0.984578957383915
0.13761864322219927,-0.9854048262061113
0.1376805062402984,-0.9862324271338618
0.13772002352555507,-0.9870582572562197
0.13773883020643551,-0.9878786922426768
0.13773971229018198,-0.9886908646917266
0.13772830892180804,-0.9894927970469122
0.13771044373488472,-0.9902832952822582
0.13769216120435462,-0.9910621183408286
0.13767919296443695,-0.991829962614537
0.13767649648835545,-0.9925884127806679
0.13768752051706287,-0.993339808139361
0.13771290153774382,-0.9940870921974327
0.13775213797016228,-0.9948328473414053
0.13780162629523637,-0.9955796811341227
0.13785876592177027,-0.9963294782570667
0.13792291521478042,-0.9970830194115149
0.1379899821540906,-0.9978413005478565
0.138056859266509,-0.998604650990942
0.1381202850653631,-0.999372814734749
0.13817802975118504,-1.000145129937362
0.13822823585642136,-1.0009205696703396
0.13827022185950866,-1.0016974768091944
0.13830670025538244,-1.0024745799055588
0.13833703419883162,-1.0032502048423626
0.1383643511495557,-1.004023898442492
0.13838925498032006,-1.0047953214521175
0.13841320833881438,-1.0055643125143865
0.13843724963216403,-1.0063309184122833
0.1384625892806902,-1.0070953146736412
0.13849017963285604,-1.0078578812106136
0.13852065614884645,-1.0086190896338394
0.1385536837361567,-1.0093796691274513
0.13858721003557786,-1.0101403423937247
0.13862073493284144,-1.0109013574795107
0.1386540636099014,-1.011662660722155
0.13868725054599293,-1.012424201406009
0.13872027686000948,-1.0131859390748017
0.13875319395539146,-1.0139478433001234
0.13878597408949175,-1.014709901295868
0.13881866071672594,-1.0154720920727578
0.13885124838350987,-1.0162344048264684
0.13888372102780072,-1.0169968183116702
0.13891603253563573,-1.0177593263575746
0.13894825769245409,-1.018521902201378
0.138980389571174,-1.0192845589523376
0.13901233772058125,-1.0200472886145964
0.13904442897601416,-1.020810099869066
0.13907620724343434,-1.0215729476037843
0.13910830329711044,-1.0223359017196751
0.13914015226773313,-1.023098871242609
0.13917303994306882,-1.0238620293110459
0.13920475108372699,-1.024625156658141
0.13923786927207574,-1.0253885046281856
0.13926930959954575,-1.0261517849501005
0.1393020741628534,-1.026915258372707
0.139333301288041,-1.027678654760372
0.13936584858946893,-1.0284422340699066
0.1393968091468434,-1.029205731049211
0.13942905049364288,-1.0299693935486762
0.13945979103741268,-1.0307329715475728
0.13949175154553745,-1.0314966946184891
0.13952224870204674,-1.0322603445585257
0.13955388243285952,-1.0330241346374267
0.13958416831447612,-1.0337878465112311
0.13961557629593496,-1.034551693039504
0.13964560994728614,-1.0353154399925146
0.13967671673416632,-1.0360793233118994
0.13970649946704872,-1.0368431147923238
0.1397373171622723,-1.0376070309366274
0.13976684908534664,-1.0383708637943183
0.1397973511181737,-1.0391348126395592
0.1398266471395288,-1.0398986844285267
0.139857119672044,-1.0406626881456091
0.13988703228118582,-1.0414266880224037
0.1399172136685739,-1.0421907671795143
0.13994640004457448,-1.0429548042838594
0.13997674377383573,-1.043718947729118
0.1400069006686387,-1.0444831813574862
0.14003668070116052,-1.0452474185416003
0.14006672871607578,-1.0460117133621578
0.1400966824115926,-1.046776083943904
0.14012642575098816,-1.0475404881897905
0.14015602367539814,-1.04830493094701
0.1401855058349091,-1.0490694097648148
0.14021480370245087,-1.0498339128627556
0.14024388714542507,-1.0505984433768583
0.14027282704967445,-1.0513629866123724
0.14030164868943756,-1.0521275515550723
0.1403303417393268,-1.0528921271081997
0.14035889348201597,-1.0536567369406509
0.1403873199128871,-1.054421349785965
0.14041562140562613,-1.0551859802822698
0.14044380500356868,-1.0559506215076628
0.14047186094977193,-1.0567152981945491
0.14049974108924979,-1.057479967191646
0.14052751038333036,-1.0582446334919442
0.140555155422167,-1.0590093248039343
0.14058269538633408,-1.0597740161493028
0.14061006940893112,-1.0605387201204395
0.1406373562257126,-1.0613034200613596
0.14066450825546642,-1.062068147008876
0.14069156799048516,-1.0628328688905055
0.14071847351273362,-1.0635976082754737
0.1407451076915262,-1.0643623425626518
0.14077221273160362,-1.0651271003462028
0.14079873706146492,-1.0658918609430041
0.14082491321717913,-1.0666566271871996
0.14085808059522537,-1.0674217058877942
0.14089466330080186,-1.0681872260639413
0.14092912923694711,-1.0689528775055526
0.14095552171846948,-1.0697181611108688
0.14098107395019707,-1.070483288259008
0.14101347064867753,-1.0712486590095494
0.14104918277668071,-1.0720144408813654
0.141083925372041,-1.0727803780883747
0.14111040388873758,-1.0735459881587137
0.1411353233709895,-1.0743113832057247
0.14116684905437077,-1.0750769733481669
0.14120143371524638,-1.0758429098041726
0.14123689320848087,-1.076609089777528
0.14126988452508538,-1.0773752958815455
0.14129540489418949,-1.0781411293450842
0.14131950614605554,-1.0789067116233746
0.14135000566353356,-1.0796724730753107
0.14138322741146236,-1.0804385740744173
0.14141723096749936,-1.0812048518460076
0.14145167339718895,-1.0819712996002966
0.14148472907973597,-1.0827377827967197
0.14150873235448735,-1.0835038100106416
0.14153800033185873,-1.0842698318266515
0.14157007431719712,-1.0850361434712
0.14160283154720116,-1.0858026004895025
0.14163597077752602,-1.0865692037839514
0.1416688908973758,-1.0873358877410397
0.1417015461767509,-1.0881026330378303
0.14173396022885415,-1.0888694271991333
0.14176616508649154,-1.089636274191732
0.14179819716039985,-1.0904031546605364
0.14182998405978592,-1.0911700891514036
0.14186146167766808,-1.0919370399015842
0.14189270869149673,-1.0927040174391491
0.14192355385605418,-1.0934710008077615
0.14195416697668148,-1.0942379826051625
0.14198456160904063,-1.0950049746790822
0.14201466177098346,-1.0957719649033448
0.14204461203351962,-1.096538968951071
0.1420743508173728,-1.0973059643426097
0.1421039520149718,-1.0980729869352066
0.14213304741271765,-1.098839980145995
0.14216195906761653,-1.0996069651043578
0.14219044492134622,-1.100373931073817
0.14221867666694998,-1.1011408790687063
0.14224674148687722,-1.1019078256948642
0.1422746375485891,-1.1026747596333448
0.1423023478729349,-1.103441694306865
0.14232990257655076,-1.104208615724364
0.142357259770767,-1.1049755445391731
0.1423844244168,-1.105742462284638
0.14241139321457727,-1.1065093839675524
0.1424381908637174,-1.1072762949581176
0.14246483803578686,-1.108043211620867
0.14249127640459636,-1.1088101284875984
0.1425175690481972,-1.109577049275999
0.14254368172959103,-1.110343960303923
0.14256956377237298,-1.1111108794694404
0.14259528391957943,-1.1118777923003291
0.1426207984465981,-1.1126447165156677
0.14264613217546204,-1.1134116227385524
0.14267131002955247,-1.1141785373917081
0.1426963063424399,-1.1149454497236273
0.14272111226212958,-1.11571237813614
0.1427457511433849,-1.1164792943267572
0.1427702507591759,-1.11724621442528
0.14279454142754994,-1.1180131450245256
0.14281863595481514,-1.1187800681679705
0.14284255315797043,-1.119547003443953
0.14286629795058067,-1.1203139294355302
0.14288985653783826,-1.1210808631743867
0.14291323766787611,-1.1218477955991282
0.14293644750044981,-1.1226147318830197
0.14295948264249475,-1.1233816712581626
0.142982320881346,-1.1241486095481736
0.1430049960297516,-1.1249155428052742
0.14302745841047565,-1.1256824894107735
0.1430497460195525,-1.1264494263326532
0.14307184758567976,-1.1272163691841028
0.1430937805705006,-1.1279833101383439
0.1431155334628979,-1.1287502555909095
0.14313714602627714,-1.1295171931260526
0.14315853286472752,-1.1302841446080554
0.14317976984937014,-1.1310510890516787
0.14320082394649192,-1.1318180523964068
0.14322171934754618,-1.132585005920124
0.14324242071992668,-1.13335196836432
0.1432629471529029,-1.1341189255529187
0.14328325875783782,-1.1348858923956575
0.14330336237037453,-1.135652850422717
0.14332332101642686,-1.136419810720147
0.14334311135610261,-1.1371867762916525
0.1433627049658799,-1.13795374423165
0.14338212568161138,-1.1387207060886166
0.14340139451120548,-1.139487678989215
0.14342046168751776,-1.1402546501827615
0.1434393583735134,-1.1410216244985536
0.14345807261283916,-1.1417885971404667
0.1434765906929549,-1.142555576420498
0.14349494812863117,-1.1433225467803947
0.14351312120988116,-1.1440895291476787
0.1435310389767402,-1.1448564928542448
0.14354872746719954,-1.1456234529220128
0.14356612176539083,-1.1463903960233641
0.14358325805450972,-1.147157330928539
0.14360015136152027,-1.1479242482497156
0.14361678712761078,-1.1486911579364962
0.14363317771393405,-1.1494580591045325
0.14364928294468052,-1.1502249327861733
0.14366510795272525,-1.150991798320189
0.14368068391353278,-1.151758638971466
0.14369600308080296,-1.1525254634397235
0.14371106794765592,-1.1532922769494018
0.1437258931734523,-1.1540590669435047
0.1437406775125598,-1.1548258583341142
0.14375589921308152,-1.15559268996105
0.14377132373386203,-1.1563595811441938
0.14378655978959343,-1.1571264919065831
0.14380154941578038,-1.1578934149820852
0.14381620539250517,-1.1586603329855645
0.14383062891293963,-1.1594272524345488
0.14384472797867387,-1.1601941593252016
0.14385857974034547,-1.1609610515185753
0.1438722464197602,-1.1617279390560733
0.14388568504342225,-1.1624948193871827
0.1438988920709764,-1.1632616991744236
0.14391182910489014,-1.1640285511504738
0.14392469273613723,-1.1647954101650604
0.1439372834959528,-1.1655622524598996
0.14394982369295245,-1.1663291127982602
0.14396200279497667,-1.1670959540216377
0.14397405587301249,-1.1678627954838219
0.14398564346216663,-1.1686295975057688
0.14399709630967572,-1.1693963880169624
0.14400820765980502,-1.1701631557900698
0.14401916496617667,-1.1709299090038434
0.14402982983994855,-1.1716966516419935
0.14404030111171526,-1.1724633730192306
0.1440505853920671,-1.17323008786463
0.14406068657473234,-1.17399677712825
0.14407067003743762,-1.1747634741296684
0.1440804584773104,-1.1755301618252543
0.14409007311114636,-1.1762968267629987
0.1440995136687167,-1.1770634931699897
0.1441087948946106,-1.177830161416594
0.14411788684082413,-1.1785968202642711
0.144126770263694,-1.1793634603474117
0.1441355579397678,-1.1801301088758382
0.14414413374305463,-1.1808967569058684
0.14415257690886657,-1.1816633944055734
0.14416082787898765,-1.1824300468434004
0.14416889637453176,-1.183196682256564
0.14417679430489955,-1.1839633157290141
0.1441845187417513,-1.1847299465548082
0.1441920732481524,-1.1854965831975717
0.14419945595012634,-1.186263201592051
0.14420666763279819,-1.1870298253840412
0.14421372601049054,-1.1877964419421985
0.14422058937994398,-1.18856305874408
0.14422729384251312,-1.189329671121881
0.14423383946600446,-1.1900962815280944
0.14424020830995504,-1.1908628904338474
0.14424640166255462,-1.191629502272959
0.14425245115605012,-1.1923961054166945
0.14425831160937413,-1.1931627132752176
0.1442639952094198,-1.1939293155710895
0.14426949881097223,-1.194695915936232
0.14427485070786328,-1.1954625151496714
0.1442800103416962,-1.19622911807072
0.1442850025371913,-1.1969957087982956
0.14428984534750816,-1.1977623026532802
0.14429453702109096,-1.1985288902057076
0.14429901762966157,-1.1992954846481543
0.14430332365149026,-1.2000620648328
0.14430747183501014,-1.2008286452190458
0.14431146725461785,-1.2015952303043438
0.14431528529171983,-1.2023618142557577
0.14431893069948015,-1.203128387599504
0.14432238533822953,-1.2038949707038848
0.14432565865775332,-1.204661537912786
0.14432877381661158,-1.205428101590679
0.1443317514584292,-1.2061946662829912
0.1443345492949934,-1.2069612348557042
0.14433716352554615,-1.2077277941312317
0.144339606589592,-1.2084943569058582
0.14434186549695704,-1.2092609021540737
0.14434402099618615,-1.2100274591953348
0.14434597073793137,-1.2107940195467783
0.14434773625189867,-1.2115605690229434
0.14434935294192483,-1.2123271208235313
0.14435079034625653,-1.2130936687617582
0.14435203627293752,-1.2138602120404114
0.14435314149860917,-1.2146267482726754
0.1443540772185514,-1.2153932905213247
0.1443548258184189,-1.2161598280061885
0.14435540778722744,-1.2169263699713795
0.14435581172083572,-1.2176928980588964
0.1443560542424586,-1.218459412569503
0.14435613898932897,-1.2192259411541202
0.14435604917705736,-1.219992465538735
0.14435577662302426,-1.2207589856002232
0.14435534528022964,-1.2215255036213655
0.14435475688503913,-1.2222920176542225
0.14435399374064983,-1.223058535307273
0.14435306672230866,-1.223825050609818
0.14435196487743157,-1.2245915651505381
0.14435066796735666,-1.2253580735219654
0.14434920686495187,-1.2261245850751368
0.14434760579581582,-1.2268910859515654
0.14434580678111342,-1.2276575841542492
0.14434387253447162,-1.2284240786816405
0.14434177072608068,-1.2291905776198262
0.14433945954036792,-1.2299570712390167
0.1443369856565288,-1.23072356866758
0.14433436526628265,-1.2314900508776423
0.14433154603689516,-1.2322565246899426
0.14432858642567395,-1.2330230039974857
0.144325409166745,-1.2337894801716218
0.14432212470696484,-1.2345559537394217
0.14431861704106097,-1.2353224323188448
0.1443149416445125,-1.2360888949207345
0.14431113038311316,-1.2368553535906166
0.14430713289024621,-1.2376218088053355
0.14430295622705952,-1.2383882629381766
0.14429863202998333,-1.2391547118288677
0.14429412483294135,-1.2399211600986484
0.1442894793705441,-1.2406876037895647
0.14428461890280003,-1.241454050454952
0.14427959680840172,-1.242220479432361
0.1442744012666186,-1.242986915633066
0.1442690314774868,-1.2437533346792575
0.14426351856287692,-1.2445197628372555
0.14425783574578194,-1.2452861880482105
0.14425193319232837,-1.246052598177343
0.14424588560688967,-1.2468190012538036
0.14423971031015756,-1.2475854086774067
0.14423330746393037,-1.2483518167132779
0.14422673975902017,-1.2491182109855687
0.144220013919573,-1.249884609863083
0.1442130980591026,-1.2506509875876697
0.1442060350763662,-1.2514173769823762
0.14419877075139353,-1.2521837511790117
0.1441913790049379,-1.2529501255973468
0.14418377728091925,-1.2537164975923956
0.1441760149131308,-1.254482848381051
0.1441680953899614,-1.2552491998552398
0.1441599621348575,-1.2560155439861866
0.14415169486342172,-1.256781893914957
0.14414329058408115,-1.2575482453516176
0.14413468294968917,-1.2583145906524051
0.14412588230803242,-1.2590809175227973
0.14411691139250515,-1.2598472282923363
0.14410778899352394,-1.2606135614550187
0.14409849102954075,-1.2613798921019708
0.14408901617925846,-1.2621462107252246
0.14407934195545163,-1.2629125049465224
0.14406953035130282,-1.2636788160434065
0.14405958034046684,-1.2644451220037172
0.14404940277538666,-1.2652114110328583
0.14403906690594942,-1.2659776871270827
0.14402858761262727,-1.2667439695977056
0.1440179180995741,-1.2675102511707657
0.1440070738218741,-1.2682765223419725
0.14399607822570537,-1.2690427882389406
0.14398484096241487,-1.269809053648844
0.14397342413920255,-1.2705752933534504
0.14396190337577716,-1.2713415314600804
0.14395020174752193,-1.2721077790905664
0.14393825942940272,-1.2728740126340732
0.14392619440589174,-1.2736402274514413
0.14391398280487727,-1.2744064464557823
0.14390155607563337,-1.2751726524827756
0.14388892467044584,-1.2759388590214074
0.1438761533689951,-1.2767050534732631
0.14386321379430494,-1.2774712428737343
0.1438500918136478,-1.2782374192399364
0.14383682135984086,-1.2790035955879482
0.143823358689282,-1.279769765687511
0.1438096700463669,-1.280535905862161
0.14379585668031689,-1.2813020466094303
0.14378188010618143,-1.28206818243194
0.1437677622967482,-1.2828343133847342
0.14375340034133632,-1.2836004483104935
0.14373889658696953,-1.2843665492255085
0.14372424008597204,-1.2851326635653841
0.14370928429023355,-1.2858987748129174
0.1436942206877309,-1.2866648431649088
0.14367901980405207,-1.2874309257443088
0.14366361913626727,-1.2881969987993545
0.14364806064643332,-1.2889630566513701
0.14363229894221854,-1.2897291098499837
0.1436163825264835,-1.2904951629170895
0.14360029775171723,-1.2912612030926756
0.14358399743338074,-1.292027226316781
0.14356755510440433,-1.2927932506922932
0.14355089663029036,-1.2935592652799621
0.14353407488237585,-1.2943252555559686
0.1435171491770355,-1.2950912508263874
0.14350000177401334,-1.295857240261702
0.14348266152118413,-1.296623215975631
0.14346513621704335,-1.2973891863587224
0.14344744914510443,-1.2981551282657455
0.14342962770851508,-1.2989210755071992
0.14341154673895923,-1.2996870168930488
0.1433932940424357,-1.300452943785591
0.14337490892826849,-1.301218858326138
0.14335633278083246,-1.3019847523856356
0.14333761500779277,-1.3027506525908898
0.14331869178437515,-1.3035165416816992
0.1432996135306609,-1.3042824166107732
0.1432803360486842,-1.305048288955201
0.14326089870347694,-1.3058141416092086
0.14324132106179108,-1.3065800029808128
0.14322151862117682,-1.3073458489767342
0.14320156305328136,-1.3081116924502612
0.14318146049190794,-1.3088775278082907
0.1431611144262482,-1.3096433409312465
0.1431406107252688,-1.3104091592146965
0.14311988592815092,-1.3111749646900694
0.14309900917941376,-1.311940752799499
0.1430779943717404,-1.3127065386175665
0.14305678472993372,-1.3134723190360291
0.1430353315855447,-1.314238071910418
0.1430138154668978,-1.3150038196362086
0.14299211289623598,-1.3157695632687045
0.14297018498613925,-1.3165353016505708
0.14294808523885155,-1.3173010297016565
0.14292582291612843,-1.318066741304314
0.1429033647723026,-1.3188324492553143
0.14288077254375386,-1.3195981506329857
0.142857990313005,-1.320363849277345
0.14283504053642562,-1.3211295273274062
0.14281192908669982,-1.3218951981158025
0.14278863213923002,-1.3226608731568534
0.14276514261811352,-1.3234265403467822
0.14274147245311858,-1.3241921813272235
0.14271767723673418,-1.324957827884042
0.1426936165178362,-1.3257234686781674
0.1426694400765393,-1.326489072084929
0.14264509556898816,-1.3272546879353304
0.14262058794374038,-1.3280202957752851
0.1425958968638164,-1.3287858896768248
0.14257104734930057,-1.329551463643524
0.14254602486569423,-1.3303170387280492
0.1425208163315754,-1.3310826165458867
0.14249543921548025,-1.331848192688331
0.14246985941636459,-1.3326137427267537
0.14244411703241996,-1.3333792750696585
0.14241821600626828,-1.3341448036344428
0.14239216044210834,-1.3349103341256832
0.14236589606593542,-1.335675863438785
0.14233945783381713,-1.3364413704091476
0.14231278785475115,-1.3372068543890925
0.14228601986853265,-1.3379723199739992
0.14225911617740059,-1.3387377967818799
0.14223193667353043,-1.3395032644391538
0.14220466600219914,-1.3402687144927423
0.14217721787069623,-1.3410341648398771
0.14214958176577652,-1.3417995960310773
0.1421218160203266,-1.3425650234813151
0.1420938113856225,-1.3433304560007078
0.14206567195059708,-1.3440958818998954
0.142037316739972,-1.3448612890960807
0.14200879631296562,-1.3456266770542977
0.14198016084061946,-1.346392074365432
0.1419512813311952,-1.347157467173428
0.14192228488498027,-1.3479228347904204
0.1418931403136906,-1.3486882035514904
0.14186382480756335,-1.3494535737093494
0.14183426098852836,-1.350218934338462
0.14180452395581333,-1.3509842662751463
0.1417746790924555,-1.3517496057293912
0.14174461630836588,-1.352514940447498
0.14171433475213935,-1.3532802447058754
0.14168391957541632,-1.3540455420738158
0.14165332649063403,-1.3548108322736216
0.1416225782952381,-1.3555761134373743
0.14159164920341505,-1.3563413799734685
0.14156053286075088,-1.3571066285518878
0.14152929478229484,-1.3578718838812032
0.14149784569906015,-1.3586371418587784
0.14146624992704432,-1.3594023692104296
0.141434487432326,-1.3601675880157462
0.14140252784732377,-1.3609328165021872
0.14137041228859634,-1.361698034892857
0.1413381096673012,-1.3624632377313697
0.14130561807944253,-1.363228419558752
0.14127300340724064,-1.3639936056165194
0.14124019569032675,-1.364758780599801
0.14120720989939975,-1.3655239477154875
0.14117402589150435,-1.3662891064532403
0.1411406665282064,-1.367054236214925
0.14110719214896233,-1.367819366092471
0.14107353901382422,-1.3685844910348166
0.14103967395898923,-1.3693496003747387
0.14100565440244647,-1.3701147001107192
0.14097141244672604,-1.3708797946662603
0.14093705191717057,-1.3716448678707698
0.14090249786905482,-1.3724099379531407
0.1408678104063288,-1.373175003890669
0.1408329195989388,-1.373940065656476
0.14079784466529072,-1.3747051012290914
0.14076263141011283,-1.3754701321944118
0.1407272309410893,-1.3762351583541306
0.14069163349664746,-1.3770001692686096
0.1406559182223595,-1.3777651606018213
0.1406199851051294,-1.3785301540137949
0.14058393167641325,-1.379295140831022
0.14054768325596714,-1.380060125204971
0.1405112399950751,-1.3808250919228104
0.1404745943350056,-1.3815900408766517
0.140437844763245,-1.3823549691772978
0.14040094035465633,-1.383119908775054
0.14036384161045576,-1.3838848455577009
0.14032650814240452,-1.3846497713972685
0.14028905407583264,-1.3854146723812182
0.14025139551359414,-1.3861795617642083
0.14021362447799532,-1.3869444395502497
0.14017568455386073,-1.3877093236122207
0.14013750950122922,-1.3884741923876098
0.1400991952024944,-1.3892390489833712
0.14006068532321925,-1.3900038987588295
0.14002202158169877,-1.390768719026787
0.13998321887372236,-1.3915335414915897
0.13994418531759822,-1.392298356044552
0.139904992185445,-1.3930631610969755
0.13986565325384473,-1.393827946927384
0.1398261002384263,-1.3945927128641191
0.13978642784862827,-1.3953574799027648
0.13974654623966698,-1.3961222563743423
0.139706503185942,-1.3968870038834744
0.1396662892851899,-1.3976517390216123
0.13962593364155312,-1.398416477722047
0.13958538003869408,-1.3991812087043174
0.13954463912048964,-1.3999459117274866
0.13950376995358843,-1.400710624969038
0.1394626960958552,-1.4014753377365343
0.13942143447619493,-1.4022400109122723
0.139380059849321,-1.403004679132688
0.13933848077205843,-1.4037693437820282
0.13929677425765266,-1.4045339906371992
0.13925485253063485,-1.40529863325585
0.13921277638883708,-1.40606325201873
0.13917052278862568,-1.4068278703092485
0.13912813567705767,-1.4075924790443657
0.13908551921558127,-1.4083570755155637
0.1390427867018021,-1.4091216585794735
0.1389998347528565,-1.409886235548936
0.1389567356161246,-1.4106507984559165
0.13891345719420511,-1.4114153590915914
0.13886998407263557,-1.4121798916138768
0.13882642257354444,-1.4129444363318864
0.13878264625152176,-1.4137089814654478
0.13873868890924032,-1.4144734953795555
0.13869451206543415,-1.4152379959211179
0.13865024050019703,-1.4160024928586132
0.13860578558064018,-1.4167669851511473
0.13856117502534188,-1.4175314601962534
0.13851634418658973,-1.4182959278220113
0.13847137437334972,-1.4190603799687636
0.13842624481338178,-1.4198248307291792
0.1383809084939892,-1.4205892595139415
0.1383354126035039,-1.4213536946531569
0.13828971192323056,-1.4221181200784647
0.13824388275894434,-1.4228825119650277
0.1381978656500938,-1.4236469125592404
0.13815170493950255,-1.4244112926562829
0.13810538427835936,-1.4251756679571788
0.13805887725085636,-1.4259400563131592
0.13801219043134783,-1.4267044159109212
0.13796532558517535,-1.4274687566109205
0.13791830165085464,-1.4282330908600416
0.13787112907122934,-1.4289974157719894
0.13782378162105646,-1.429761729047338
0.13777625712763386,-1.4305260380701657
0.13772854985140645,-1.4312903225820053
0.13768071823802747,-1.4320546033891899
0.13763271267411703,-1.432818880795451
0.13758451872475572,-1.4335831352700938
0.13753618753331462,-1.4343473809507454
0.1374876633250217,-1.4351116222593885
0.13743897861937035,-1.4358758463545587
0.13739010773057247,-1.4366400660007983
0.1373410726665277,-1.4374042577727084
0.13729189100936767,-1.4381684536598003
0.13724252511885343,-1.4389326395385735
0.13719302736470315,-1.4396968126267513
0.13714332159208598,-1.4404609798705286
0.137093476376942,-1.4412251329726709
0.137043455279497,-1.44198927776269
0.1369932730188214,-1.4427534026933766
0.1369428976791588,-1.4435175216298195
0.13689238485420518,-1.4442816371369822
0.1368417014627626,-1.4450457437039823
0.13679084736509586,-1.4458098319112187
0.13673982809740348,-1.4465739145503589
0.13668865101173433,-1.4473379926696628
0.13663727989666843,-1.4481020603380004
0.13658574983180544,-1.4488660976975745
0.136534064416944,-1.449630142491361
0.13648220468560013,-1.4503941812143115
0.1364301855502502,-1.451158204490195
0.13637800397857447,-1.4519222149843871
0.13632563682602022,-1.4526862202982462
0.13627313524727885,-1.453450209238553
0.136220458516758,-1.4542141876116728
0.136167604913247,-1.4549781510158928
0.13611456967219906,-1.4557421065494682
0.13606138331542786,-1.4565060480022844
0.13600803369207012,-1.4572699848834012
0.13595450693749497,-1.4580338932938215
0.13590084535170413,-1.4587978057233237
0.13584700470880165,-1.459561724621238
0.13579300624572585,-1.4603256149190704
0.1357388090492618,-1.4610894890701553
0.13568445397059786,-1.4618533409981687
0.13562995255946084,-1.462617207185803
0.1355752520036999,-1.4633810588190321
0.13552041058596828,-1.4641448883504633
0.13546540160930215,-1.4649087119615856
0.13541023772129415,-1.465672520469309
0.13535488380181798,-1.4664363242566816
0.13529935364880744,-1.4672001051050558
0.13524366098529808,-1.4679638784858313
0.13518779728732386,-1.468727635879005
0.135131823375985,-1.4694914013667106
0.1350756518951845,-1.470255148467594
0.13501932274838305,-1.4710188806953537
0.13496281291788687,-1.4717826016564886
0.13490615445525095,-1.4725463100020726
0.13484930219133257,-1.4733100144833189
0.13479231186379487,-1.4740737023476453
0.13473512026342666,-1.474837378776448
0.13467780190834328,-1.4756010413188334
0.1346202935866076,-1.4763647030684117
0.13456263316589062,-1.477128344620523
0.13450477523674995,-1.4778919827130967
0.13444678170250757,-1.478655606615507
0.1343885946743311,-1.4794192224031062
0.13433026707958723,-1.4801828201773342
0.13427177699589118,-1.4809464102753227
0.13421309547927282,-1.481709976011548
0.134154271237869,-1.4824735305713768
0.1340952783853848,-1.4832370855417651
0.13403609511180042,-1.4840006190626713
0.13397676489440324,-1.4847641437087495
0.13391725646516886,-1.4855276640964554
0.13385762051193242,-1.486291167705746
0.13379777467831439,-1.487054657237604
0.13373779043249345,-1.487818135034
0.13367763322604945,-1.4885816036524404
0.1336173110954343,-1.489345065410236
0.13355682037517252,-1.490108510738509
0.13349617368560046,-1.4908719430284307
0.1334353262394468,-1.4916353670281821
0.13337434889219774,-1.492398774433717
0.13331319686079576,-1.493162168892991
0.13325188660870713,-1.4939255529073852
0.13319038562066457,-1.4946889275908866
0.13312873194707991,-1.4954522842195659
0.13306691312674923,-1.4962156337309473
0.133004946009736,-1.4969789646889946
0.1329427899013632,-1.497742285128845
0.13288048369954641,-1.4985055885409557
0.13281800369874114,-1.4992688826011475
0.13275537067894147,-1.5000321644223624
0.1326925522839598,-1.5007954380852953
0.1326295816958054,-1.501558695346696
0.132566435690981,-1.5023219517654898
0.13250312246148255,-1.5030851826651643
0.13243964641937994,-1.50384839816111
0.132376017416121,-1.5046116118225357
0.1323122256304995,-1.505374814509267
0.1322482512990762,-1.506138003944467
0.13218411440696334,-1.506901174953554
0.1321198191585328,-1.5076643351808834
0.13205534361852467,-1.5084274843815306
0.1319907199862413,-1.5091906193903224
0.13192590423198583,-1.5099537510730339
0.13186094947900467,-1.5107168654155574
0.131795826028532,-1.5114799662584977
0.13173052307207644,-1.5122430552522972
0.1316650539668587,-1.513006129774097
0.1315994292687443,-1.513769188351509
0.1315336280669458,-1.514532237548981
0.13146768582935386,-1.5152952764969638
0.13140155367276266,-1.5160583097763578
0.1313352664456657,-1.5168213159716584
0.13126880862995843,-1.5175843175879433
0.1312021908386135,-1.518347305224089
0.131135394555651,-1.5191102823872358
0.1310684344395923,-1.5198732363257021
0.13100132734416334,-1.5206361798475245
0.13093401927426448,-1.5213991101273572
0.13086659685984767,-1.522162031130812
0.1307989707604209,-1.522924945237596
0.13073119826980964,-1.5236878319581124
0.13066325103484394,-1.5244507124014244
0.13059515678659106,-1.525213583484898
0.13052687591311116,-1.5259764466835672
0.13045841978307784,-1.5267392842417176
0.1303897940800095,-1.5275021103375788
0.13032105049844406,-1.5282649177852783
0.1302521057844526,-1.5290277196326616
0.1301830009615591,-1.529790503536383
0.1301137084651466,-1.5305532737480183
0.13004427851243214,-1.531316032608344
0.129974670136977,-1.5320787809790943
0.1299049159739396,-1.5328415076816126
0.12983499468831,-1.5336042222624275
0.12976489024228982,-1.5343669216595757
0.12969462426938602,-1.535129607928159
0.1296242114226075,-1.535892272566742
0.12955361640936885,-1.5366549338401199
0.12948285884948224,-1.5374175781346728
0.1294119390596163,-1.5381802074504594
0.12934084209300958,-1.538942823062814
0.12926959153495143,-1.5397054260683092
0.12919818648333123,-1.5404680166214857
0.12912660589158237,-1.5412305934016
0.12905489141206458,-1.5419931569732492
0.12898297851936277,-1.542755710615991
0.12891090578390987,-1.5435182380023011
0.12883864232784326,-1.5442807534353187
0.12876623629706027,-1.545043251720444
0.1286936735087223,-1.5458057403730436
0.1286209189547352,-1.5465682065861706
0.12854798722270777,-1.547330661045136
0.12847494030671885,-1.548093109118661
0.12840170898963202,-1.5488555430258697
0.1283283149887234,-1.5496179605480171
0.12825472968766677,-1.5503803659366038
0.128181011194305,-1.5511427532380142
0.12810711943459233,-1.5519051289142365
0.12803305783578453,-1.5526674916063106
0.12795883698170393,-1.5534298385605512
0.1278844565830022,-1.5541921748716145
0.12780989229812276,-1.5549544939244704
0.12773517868979828,-1.5557167959626508
0.12766030376560053,-1.5564790862811582
0.12758524788773712,-1.5572413591756311
0.12751002939092734,-1.5580036167492466
0.12743467054293758,-1.5587658654692462
0.12735910521392046,-1.5595281083695691
0.12728341031357088,-1.5602903209369914
0.12720751767399902,-1.5610525301975913
0.127131475415658,-1.5618147130379443
0.12705526894082428,-1.5625768905524233
0.12697891081310103,-1.563339047471809
0.12690235664469274,-1.5641011898841821
0.12682566846655693,-1.5648633182524243
0.12674881001038976,-1.5656254339694446
0.12667177582992262,-1.5663875307573907
0.12659456677877307,-1.567149617153361
0.12651719954841106,-1.5679116846320904
0.1264396834910344,-1.5686737382733122
0.1263620125262319,-1.5694357822243252
0.12628414169365085,-1.5701978117672835
0.12620611606264623,-1.5709598139653158
0.1261279598036502,-1.5717218169313596
0.12604959411009975,-1.5724838060975521
0.12597107027779586,-1.5732457579374681
0.12589238759895982,-1.5740077094250973
0.125813555182146,-1.5747696619745457
0.1257345529385539,-1.5755315933220595
0.12565538225495015,-1.5762934971306808
0.12557605452579965,-1.5770553769428957
0.1254965712141564,-1.57781725523758
0.12541690709973424,-1.578579117043942
0.1253370834906794,-1.5793409650326997
0.12525707121430013,-1.5801028015747471
0.1251769080692422,-1.5808646154624804
0.1250965874090824,-1.581626424875385
0.12501610098742516,-1.5823882077066003
0.12493545559510899,-1.5831499931528765
0.12485463624679982,-1.5839117428031084
0.12477366134618584,-1.58467348279936
0.12469251615679502,-1.5854352158875296
0.12461120577538831,-1.5861969256301063
0.12452972073795603,-1.5869586154764863
0.12444810575626988,-1.587720292811405
0.12436630035281676,-1.5884819590031
0.12428435666497037,-1.589243604271426
0.12420221976269731,-1.5900052416936177
0.12411988897588636,-1.5907668465196998
0.12403744365299949,-1.59152844309624
0.1239548050120017,-1.5922900383471146
0.12387202247438259,-1.593051605064916
0.12378905243659596,-1.5938131587291595
0.12370594970910657,-1.5945746919161121
0.12362265161221747,-1.59533621835487
0.1235391903751602,-1.596097716698928
0.12345556448808323,-1.5968592053964072
0.12337178536507001,-1.5976206757083053
0.12328784187285602,-1.5983821293221436
0.12320373990299836,-1.5991435697202863
0.12311945694294334,-1.5999049939125283
0.12303502870324948,-1.6006663974266413
0.12295040876159878,-1.6014277908552232
0.12286565916278105,-1.6021891643441006
0.1227807124879346,-1.6029505302413398
0.12269561197445886,-1.6037118708373246
0.12261037216475518,-1.604473207880641
0.12252493855767138,-1.605234504422738
0.12243935632569024,-1.605995792573947
0.1223535991270229,-1.6067570672877884
0.12226770707896462,-1.607518331179122
0.12218162262623788,-1.6082795799854708
0.12209538365268909,-1.6090408087799088
0.12200896329809478,-1.609802022136457
0.12192239657335421,-1.6105632161651704
0.12183563750647278,-1.6113243959793522
0.12174873432200979,-1.6120855651906354
0.12166166962846875,-1.6128467140230867
0.12157446930520019,-1.6136078513533274
0.12148706114762337,-1.614368976961311
0.12139949504173259,-1.615130073031835
0.12131175700276595,-1.615891154703532
0.121223895240803,-1.6166522210163892
0.121135850464448,-1.6174132703924478
0.12104764769116116,-1.6181743023035677
0.12095924080353943,-1.6189353191097269
0.12087071747028921,-1.6196963133770637
0.12078200919956406,-1.620457299542307
0.12069315717812458,-1.62121825833852
0.12060410619370525,-1.621979204898245
0.12051491634541694,-1.6227401334489548
0.12042555390696971,-1.6235010533916934
0.12033603053561037,-1.6242619533293008
0.12024632850302028,-1.6250228329229253
0.12015647667767926,-1.6257836919573712
0.12006644085351667,-1.6265445409296855
0.11997628364021691,-1.6273053702503297
0.11988593078118856,-1.62806619374689
0.1197954225099628,-1.6288269843886125
0.11970472104489432,-1.629587763805757
0.11961389511908788,-1.630348524542057
0.11952288836883003,-1.631109273020117
0.11943173262671827,-1.6318700018980592
0.11934037683448574,-1.6326307179938404
0.11924890689782551,-1.633391410414871
0.11915723456054197,-1.6341520978267923
0.11906541747801141,-1.6349127508569516
0.11897341732504121,-1.63567339851482
0.11888125851579923,-1.636434021574186
0.1187889477577178,-1.6371946352032023
0.1186964801431575,-1.637955225147832
0.11860382402180553,-1.6387158050411952
0.11851102614251988,-1.6394763622468291
0.11841805481067483,-1.6402369091586937
0.1183249183819662,-1.6409974259309834
0.11823162314202465,-1.6417579285175083
0.1181381630384111,-1.6425184143980172
0.11804453899345312,-1.6432788826532876
0.11795075303938002,-1.6440393264679245
0.11785678884904699,-1.6447997674315267
0.1177626782983544,-1.6455601818039554
0.11766839502130319,-1.646320582404325
0.11757397001297987,-1.6470809640475927
0.1174793540365831,-1.6478413404496142
0.11738458315174899,-1.64860168035759
0.11728962405950863,-1.6493620100197757
0.1171945380744144,-1.6501223189020005
0.11709925990156894,-1.6508826222317547
0.1170038253571451,-1.6516428971003783
0.11690821940404672,-1.6524031521170306
0.11681247428008837,-1.6531633869261801
0.11671656053343538,-1.6539236066651049
0.11662048401703401,-1.6546838043123357
0.11652421643331684,-1.655443984000671
0.11642781097255225,-1.6562041409738661
0.11633124574064838,-1.656964287439892
0.11623451813671137,-1.6577244153056414
0.116137613193144,-1.6584845248679225
0.11604055474335623,-1.659244613645932
0.11594332232504229,-1.6600046905128458
0.11584593106561417,-1.6607647402043262
0.11574837232411822,-1.6615247674664824
0.115650673323336,-1.662284795960994
0.11555278821585846,-1.6630448138478284
0.11545473395934078,-1.663804787639381
0.11535652163067436,-1.6645647501562102
0.11525812976701791,-1.6653246967126059
0.11515961405299095,-1.6660846298176892
0.11506089889347432,-1.6668445487359342
0.11496203449535591,-1.6676044387329496
0.11486301754292266,-1.668364309461067
0.11476383069753962,-1.6691241631425298
0.11466445156254919,-1.669883997523502
0.11456496216500948,-1.6706438122992986
0.11446528802013993,-1.671403615154703
0.11436543899803997,-1.6721633900784987
0.11426545078671899,-1.6729231561262967
0.11416529241837625,-1.6736828929727463
0.11406495965929378,-1.6744426162247956
0.11396447095995947,-1.6752023205291346
0.11386382898517555,-1.675961997649051
0.11376299719328957,-1.6767216653973118
0.11366201077027545,-1.677481306576961
0.11356086990681208,-1.6782409359350374
0.11345956075249705,-1.6790005423332115
0.11335811323370053,-1.6797601513179465
0.1132564774586453,-1.6805197188189727
0.11315467889088496,-1.6812792643026855
0.11305271042308374,-1.6820387985534606
0.11295060111160558,-1.6827983134632534
0.11284832088731386,-1.6835578173162586
0.11274588218052507,-1.6843172901847283
0.1126432524120152,-1.6850767465601457
0.11254049745272952,-1.6858361850628694
0.11243756770146346,-1.6865956159062514
0.11233446500958867,-1.6873550129687938
0.11223119639063657,-1.6881143893307091
0.11212780783146496,-1.6888737526233653
0.11202421212592417,-1.6896330991471111
0.11192045881188391,-1.6903924128953602
0.1118165456534184,-1.6911517123110218
0.11171249918394785,-1.6919109973152198
0.11160828133274774,-1.692670287976819
0.111503872054393,-1.6934295308085443
0.11139929015890787,-1.6941887497618353
0.11129458614356053,-1.6949479570291128
0.11118971478564782,-1.695707156102505
0.11108468814809262,-1.6964663311284183
0.11097949251925276,-1.697225486041251
0.11087414714545371,-1.6979846118767268
0.11076860828864638,-1.6987437261523595
0.11066293449763685,-1.6995028166882085
0.11055707290962917,-1.7002619019732774
0.1104510666789479,-1.7010209486922347
0.11034488630899876,-1.7017799852055322
0.11023856433449693,-1.702539003187085
0.11013204813747358,-1.7032980085080802
0.11002536855913239,-1.704056981830653
0.10991852529269339,-1.7048159406692993
0.10981156525749586,-1.7055748768053265
0.10970440196196343,-1.7063337978167366
0.10959708370073995,-1.7070926935034627
0.10948962376759666,-1.7078515862402712
0.10938197188245005,-1.708610429085334
0.10927418938070138,-1.7093692628580235
0.10916623713989297,-1.7101280830430157
0.10905813848233802,-1.710886872928779
0.10894984522601235,-1.7116456509526194
0.1088414131513182,-1.7124044004363288
0.10873279730218831,-1.713163144066136
0.10862403670458214,-1.7139218527590467
0.10851512035080857,-1.714680547640255
0.10840602633088778,-1.715439216698825
0.10829678584984044,-1.7161978895843126
0.10818736921185006,-1.7169565236714914
0.10807778815151944,-1.717715132916093
0.10796804192306823,-1.718473730926505
0.10785813107917178,-1.719232304619027
0.10774807240288639,-1.7199908738125707
0.10763787242794073,-1.720749413931463
0.10752748379892968,-1.7215079269318083
0.10741696524759123,-1.7222664200177682
0.10730624799345617,-1.7230248923779439
0.10719537352712677,-1.7237833445811943
0.1070843576440481,-1.7245417808166537
0.10697318593421509,-1.725300193345731
0.10686182342955892,-1.726058583452729
0.10675032986068646,-1.7268169507758997
0.10663867444505576,-1.7275753005225811
0.1065268677975275,-1.7283336216590799
0.10641492566585216,-1.7290919473545716
0.10630279905565213,-1.7298502362494297
0.106190517825157,-1.7306084956308494
0.10607806145556851,-1.731366747339818
0.10596544351009467,-1.7321249668988221
0.10585268215661303,-1.732883189558488
0.10573973791153467,-1.7336413785747378
0.1056266467340462,-1.7343995393996783
0.10551338482052154,-1.7351576948576393
0.1053999653684558,-1.7359158215278392
0.10528638946548062,-1.7366739271762954
0.1051726692765102,-1.7374320024598842
0.10505881146842666,-1.7381900889800517
0.10494474947445602,-1.7389481216555733
0.10483055610061891,-1.739706137578724
0.10471621654821418,-1.74046416201891
0.10460171496145579,-1.7412221536332466
0.10448705191750138,-1.7419801144069975
0.10437222177547732,-1.742738053961327
0.10425724647623417,-1.7434959823656992
0.10414209635137575,-1.7442538842190478
0.10402678394932127,-1.7450117720509721
0.10391133620835556,-1.7457696279187886
0.10379570818145427,-1.7465274620192783
0.103679929138205,-1.747285266040215
0.10356397399112693,-1.7480430535856342
0.10344788382254076,-1.7488008121314378
0.10333167837303878,-1.7495585883778337
0.1032152866918231,-1.7503163097140018
0.1030987249270787,-1.7510739989183208
0.10298198955213052,-1.751831676908853
0.10286509732731125,-1.7525893290137309
0.10274804849775997,-1.7533469668187625
0.10263083813534332,-1.754104565122574
0.1025135059346914,-1.7548621621753209
0.10239596269197597,-1.7556197138838696
0.10227829792020936,-1.7563772468429373
0.10216045954576676,-1.7571347706247993
0.1020425035100419,-1.757892264054155
0.10192438221007673,-1.75864975087819
0.1018060817505414,-1.7594071902486004
0.10168767415388469,-1.7601646338323076
0.1015690674821889,-1.7609220381148651
0.10145029654656518,-1.7616794203783388
0.10133136881393845,-1.7624367847940015
0.1012122659444983,-1.76319411590961
0.10109302016459551,-1.7639514497418478
0.10097359091054564,-1.7647087373228456
0.10085403763563074,-1.765466003018323
0.10073432797411194,-1.7662232637941973
0.10061444830417622,-1.766980488835874
0.10049441119498835,-1.767737699465994
0.10037421263041102,-1.768494884773299
0.10025384540309352,-1.7692520402522547
0.10013336249036506,-1.7700091800854003
0.10001272008021043,-1.7707663116853225
0.09989191535999796,-1.7715234046166042
0.09977093685731801,-1.77228047756538
0.09964978857710709,-1.773037520798052
0.09952850251810695,-1.7737945597643012
0.09940706119027098,-1.7745515626991994
0.09928547390105716,-1.7753085477351744
0.09916373381353924,-1.77606550583429
0.09904181997242927,-1.7768224487558588
0.09891975522060883,-1.7775793573619474
0.09879752251857124,-1.7783362475872289
0.09867514806659328,-1.7790931111243045
0.09855259775481613,-1.7798499577997382
0.09842988666767306,-1.7806067778774148
0.09830701901951512,-1.7813635819209073
0.09818399612895784,-1.7821203498895763
0.0980608303859196,-1.782877103661816
0.09793750165365547,-1.783633830225504
0.09781404394860697,-1.7843905467162948
0.0976903875835774,-1.7851472308402192
0.09756655240748072,-1.7859038771974316
0.0974426221146885,-1.786660528892337
0.09731849156161328,-1.787417143635392
0.09719421535094712,-1.788173726819012
0.09706981903645548,-1.788930315191843
0.09694523569884972,-1.789686859331225
0.0968204754717469,-1.7904433702936666
0.09669556887323776,-1.7911998827950437
0.09657052356855785,-1.7919563602743505
0.0964452760504139,-1.7927128004116017
0.0963198932972143,-1.7934692237155136
0.09619435792364657,-1.7942256332977244
0.0960686841891682,-1.7949820043815292
0.09594284091604674,-1.7957383594353367
0.09581682732726925,-1.79649468746504
0.09569067011515364,-1.79725099645909
0.0955643607730669,-1.7980072703374819
0.09543788111610708,-1.7987635252893668
0.09531123724463283,-1.7995197492229318
0.09518444267793796,-1.8002759503314965
0.09505751443738933,-1.8010321491410752
0.09493041365433369,-1.80178830577378
0.09480315021200168,-1.8025444346651973
0.09467573229601521,-1.8033005486253666
0.09454815861530037,-1.804056633350257
0.09442043236508106,-1.8048126974261665
0.0942925410554217,-1.805568737927541
0.09416448399376473,-1.8063247601623096
0.09403626075120564,-1.8070807450572224
0.09390790013209491,-1.8078367138793299
0.09377939465165182,-1.808592650646374
0.09365071802792127,-1.8093485664949687
0.09352188695566255,-1.8101044506452353
0.09339290998571398,-1.810860316998618
0.09326377002890009,-1.8116161585742203
0.09313446182379845,-1.8123719836420817
0.09300496711427113,-1.8131277629992903
0.0928753594081773,-1.813883527668964
0.09274560652404676,-1.8146392777139764
0.09261569511229113,-1.8153949927558144
0.0924856436562729,-1.8161507050279626
0.0923553820670335,-1.8169063771806027
0.09222495814304532,-1.8176620051283425
0.09209437722718396,-1.818417626190982
0.09196368562495652,-1.8191732304140995
0.09183280957535528,-1.8199288174767385
0.0917017886119443,-1.8206843617491109
0.09157061115289657,-1.8214399029878554
0.09143925448573631,-1.8221953938804023
0.09130777712590393,-1.8229508614643617
0.09117612480204382,-1.8237063149138018
0.09104431134282662,-1.8244617317627414
0.09091235346415785,-1.8252171401742139
0.09078021755159356,-1.8259725138262466
0.09064796032938355,-1.8267278553778075
0.09051552031748146,-1.827483180422441
0.090382929431562,-1.82823846962016
0.09025017287530816,-1.828993752305349
0.09011723293096316,-1.829748987190586
0.08998417795382446,-1.830504209934808
0.08985096826635637,-1.8312594176398949
0.08971760933592467,-1.8320145859300494
0.08958408962007805,-1.8327697348627052
0.08945040873809733,-1.8335248449275412
0.08931657461232005,-1.8342799479838157
0.08918258123607692,-1.835035024069161
0.08904839775014733,-1.8357900558565627
0.08891407235009846,-1.8365450600000193
0.08877963344167614,-1.8373000592143178
0.08864501622457344,-1.8380550260931101
0.08851023767893998,-1.8388099570551524
0.08837531013618724,-1.8395648709976418
0.08818287352988183,-1.8404449691853166
0.08797244157305945,-1.8414162544181347
0.08774149927826491,-1.842489008028192
0.0875319456032766,-1.8436381627409593
0.08731465968583735,-1.8448479884232507
0.08708654963127285,-1.8461178743509208
0.08685318095468578,-1.847436908949017
0.08661473803227687,-1.8487992748419564
0.08637054638541111,-1.85020029924681
0.08612111575182263,-1.8516351396745525
0.08586658346875173,-1.8531000972425953
0.0856076410278789,-1.854591493868917
0.08534460744167016,-1.8561063286483
0.08507782503674738,-1.857641725131547
0.08480766490519667,-1.8591953220234338
0.08453437248749363,-1.860764894248319
0.08425831209692405,-1.862348616883042
0.08397961566378223,-1.863944764837985
0.08369852487593665,-1.8655519111513943
0.08341521407984803,-1.8671686944285963
0.08312994124190962,-1.8687940262514102
0.08284267486149305,-1.870426853686673
0.08255364253180075,-1.872066289564862
0.08226300486394977,-1.8737115760927479
0.08197072705895839,-1.875361952736877
0.08167699888955304,-1.8770168498448965
0.08138184128390732,-1.8786756948022039
0.0810853532326086,-1.8803380117866066
0.0807876467734055,-1.8820034095676461
0.08048866488169804,-1.8836714834795845
0.08018849704709172,-1.885341895065152
0.07988720406213662,-1.8870143908608679
0.07958480145823482,-1.8886886740295634
0.07928139469112438,-1.8903645703712395
0.07897691462286183,-1.8920418110132857
0.07867147681358747,-1.893720286875566
0.07836500026492499,-1.8953997743941946
0.07805759943906285,-1.8970801968115505
0.07774919214350892,-1.8987613825227174
0.07743989489153982,-1.9004432685015797
0.07712966638100463,-1.9021256994457678
0.07681848851126649,-1.9038086582241074
0.07650642338455377,-1.9054920475437214
0.07619351051023601,-1.9071757991544929
0.07587965526880475,-1.9088598071211271
0.07556499247937651,-1.910544097469978
0.07524943266917167,-1.9122285887863204
0.07493299759522518,-1.9139132343723384
0.07461577127499766,-1.9155980264856483
0.07429757366919618,-1.9172828651119942
0.07397859438709106,-1.9189677846985969
0.07365877341289628,-1.9206527588832125
0.0733381065181827,-1.9223377473174996
0.07301663679053177,-1.9240227414824576
0.07269426689050645,-1.9257076801195305
0.0723711207064403,-1.9273926073261871
0.07204711875036376,-1.9290774864957254
0.0717223113400221,-1.9307623144461112
0.07139664748864813,-1.9324470601027932
0.07107015293705143,-1.9341317161210192
0.07074283433876913,-1.93581629089736
0.07041469342558507,-1.937500753438313
0.07008577557751008,-1.9391851384537877
0.06975599375848529,-1.9408694113121636
0.06942537846561422,-1.9425535721927012
0.06909392197720024,-1.9442375600113708
0.06876168503291488,-1.9459214678027985
0.06842861659334351,-1.9476052414194416
0.06809477227168131,-1.9492889123844188
0.06776004428072815,-1.9509724281224257
0.06742450954881446,-1.9526557590044913
0.06708814410521277,-1.9543389845441432
0.06675096162958877,-1.9560220752329571
0.06641298536915663,-1.9577050268053449
0.06607417230319101,-1.9593877996362719
0.06573456865984545,-1.9610704578587108
0.0653941040626917,-1.9627529400859383
0.0650528479931721,-1.9644352869522068
0.06471077262735786,-1.9661174849487915
0.06436785862467409,-1.9677994962512566
0.06402417469506572,-1.969481382613945
0.06367971461909921,-1.9711631727568968
0.0633343700091365,-1.972844734395714
0.0629882134183807,-1.9745261210080765
0.06264129751653466,-1.9762074243761112
0.062293513491957886,-1.9778885034609388
0.06194490230113983,-1.9795694028376438
0.061595461209939306,-1.981250166904911
0.061245225908885925,-1.9829307577543296
0.06089417579552042,-1.9846112034886663
0.060542300657169534,-1.9862914849425706
0.060189630416661255,-1.987971591762426
0.05983619709426041,-1.9896515683754579
0.05948189731575981,-1.9913313817230844
0.05912674624591549,-1.9930109574081636
0.05877084373297842,-1.9946904281169926
0.05841416618343939,-1.9963697543846541
0.058056597231802426,-1.998048865409067
0.057698301378158096,-1.9997278316883556
0.05733910601427247,-2.001406584957259
0.056979074710596406,-2.0030851622732158
0.056618245848830906,-2.0047635932267176
0.056256583200951144,-2.0064418496282994
0.055894154452115014,-2.0081199315810645
0.055530952799878325,-2.009797904954759
0.05516686629658443,-2.0114756570533974
0.054802011348868446,-2.0131532349473575
0.054436296363694125,-2.014830608236739
0.054069763331774184,-2.0165078116583155
0.05370243078552295,-2.018184874639132
0.053334233173061074,-2.019861714797648
0.052965257778885555,-2.021538396270586
0.05259548060435637,-2.0232149231603427
0.0522249407249534,-2.0248913135686513
0.0518535551729607,-2.026567484082575
0.05148130619541322,-2.028243446119917
0.05110826960985013,-2.029919240165807
0.050734446413134626,-2.0315948937160826
0.0503597769226416,-2.0332703506127894
0.049984311809101234,-2.0349456094014795
0.04960802497669625,-2.0366207169671577
0.049230943046163905,-2.038295674691251
0.04885303862011109,-2.0399703990362363
0.04847439515736521,-2.0416450046754475
0.04809495864318139,-2.0433194139084994
0.04771467852209829,-2.044993612203871
0.0473335351760347,-2.0466676124825214
0.0469515314731864,-2.048341391942863
0.04656874285838575,-2.0500149711065876
0.046185101286171065,-2.0516884004701543
0.04580066611238548,-2.053361659758913
0.04541546417406084,-2.055034749937537
0.045029392751365,-2.0567076264371638
0.04464254440327825,-2.058380305520437
0.0442548840516247,-2.060052837122112
0.04386648319459252,-2.0617252429338637
0.04347723301190562,-2.0633974257995447
0.04308715450360781,-2.0650693682358483
0.04269626349512373,-2.06674111742778
0.04230458533067788,-2.0684127264193366
0.041912054045162545,-2.0700841106928034
0.04151870745933056,-2.071755293523792
0.041124620368215264,-2.0734263585773673
0.04072972021073629,-2.075097197538979
0.04033397327717042,-2.076767826675806
0.03993738463999463,-2.078438253205113
0.039539982388851314,-2.080108463818128
0.03914184075720789,-2.08177856387068
0.03874291407186156,-2.0834484591941793
0.038343211493782975,-2.085118192237864
0.037942808119688504,-2.0867877756337623
0.037541607943337746,-2.0884571438454165
0.03713956067260901,-2.0901262791191146
0.03673670187836836,-2.091795192380672
0.03633305475076515,-2.093463922388638
0.03592856557800622,-2.0951324237507296
0.03552321889507354,-2.096800704173617
0.035117086585920804,-2.0984688148330584
0.03471012406956561,-2.100136686280189
0.034302356102207915,-2.101804374153125
0.03389379999197273,-2.103471881543185
0.033484379320873836,-2.105139139123304
0.03307422343979871,-2.1068062598548596
0.03266320959982982,-2.108473134227336
0.032251364264573146,-2.1101397799183035
0.03183876901766072,-2.111806295255445
0.03142534139004227,-2.113472592170488
0.031011059185397233,-2.115138642802985
0.030596006433703166,-2.1168045216306446
0.0301801793942153,-2.1184702205973673
0.02976351318082715,-2.120135696138248
0.029346056550953986,-2.1218009837190976
0.028927788122586756,-2.1234660579279945
0.028508741129906146,-2.125130934339613
0.02808882977855981,-2.1267955732582258
0.0276681297180964,-2.128460051397093
0.027246585797896516,-2.130124259721483
0.026824262412721622,-2.1317882926958065
0.02640111132033418,-2.133452136090199
0.025977157912484228,-2.1351157491266637
0.02555232146758446,-2.1367791131399514
0.025126698493074195,-2.138442292267897
0.02470030125584033,-2.140105323845155
0.024273103701246912,-2.141768137866496
0.023845101132092705,-2.143430729948594
0.02341624187554814,-2.1450930632430056
0.022986600714622718,-2.1467552334922018
0.022556182012748616,-2.1484172401856054
0.022124933699698146,-2.150078995394998
0.02169291072266938,-2.1517405484629517
0.02126006318185153,-2.1534018863061766
0.020826353108022166,-2.155062983354333
0.02039186165337925,-2.1567238859238955
0.01995657972370518,-2.1583845767957532
0.019520502643236126,-2.160045088590662
0.01908362616668291,-2.161705365722876
0.018645924009906334,-2.163365426722093
0.018207390041926785,-2.1650252727816848
0.017768044084923607,-2.1666848786013935
0.01732790523372174,-2.168344283296596
0.016886920189145782,-2.1700034646059674
0.016445160172564033,-2.171662455178064
0.01600262422342541,-2.1733212171971905
0.015559256564737889,-2.174979792096765
0.01511504868000707,-2.1766381157637613
0.01467009225478827,-2.1782962488138247
0.014224301887000801,-2.179954165562756
0.013777689935344617,-2.181611843467276
0.013330245841360056,-2.183269300059378
0.012882007702844978,-2.184926526264676
0.012432948733550775,-2.1865835373143696
0.011983145990712596,-2.188240376982667
0.011532554531920924,-2.1898970153558364
0.011081090035988561,-2.1915533719590523
0.010628900558408039,-2.1932095481482956
0.010175834305970577,-2.194865473938674
0.009721996204152206,-2.19652119106254
0.00926737306372688,-2.19817669357353
0.008811950277127445,-2.1998319860615165
0.00835570308789807,-2.2014870147152905
0.007898661032599508,-2.203141826845038
0.007440728634754423,-2.2047963828376993
0.006982052939096928,-2.2064507646434555
0.006522570354047907,-2.2081048952123474
0.006062329734171368,-2.2097588446095435
0.005601187850685085,-2.2114125210038895
0.0051393000394192034,-2.213065974400229
0.004676627855009663,-2.214719215959507
0.00421315724885718,-2.216372256333949
0.003748841560011429,-2.2180250331884404
0.0032837933936973873,-2.2196776053106952
0.0028178987300820357,-2.2213299392860355
0.0023512187524799555,-2.2229820433070397
0.0018837483888161644,-2.224633948473196
0.0014154803700544005,-2.226285602757091
0.0009463989427976327,-2.2279370327056585
0.0004764728241108962,-2.229588191108771
5.796735878471626e-06,-2.2312391702948022
-0.00046569662868195527,-2.2328898954365792
-0.0009380355427901499,-2.234540357986453
-0.0014111172222413537,-2.236190637863688
-0.0018850719805956206,-2.2378406612745496
-0.002359774282844118,-2.239490458727885
-0.002835299083509213,-2.2411400175657006
-0.0033115643736554845,-2.2427893825562215
-0.0037886687139299102,-2.244438493968585
-0.004266578534930454,-2.2460873631874767
-0.00474535611561161,-2.2477359364571505
-0.005224876081845076,-2.249384335989502
-0.0057051685470631,-2.25103251877667
-0.006186256158576875,-2.2526804711778103
-0.006668212059834033,-2.2543281373991952
-0.00715091616479846,-2.255975616873078
-0.007634426967489727,-2.257622866616178
-0.008118736039546548,-2.25926985735021
-0.008603806015282045,-2.2609166365679694
-0.009089730147841257,-2.2625631233028236
-0.009576421139557312,-2.264209380846649
-0.010063895045638538,-2.2658554267992086
-0.010552212263237215,-2.2675012187549757
-0.011041244298375164,-2.2691468024730352
-0.01153109013861181,-2.2707921472499777
-0.012021760844530271,-2.2724372176193572
-0.012513113763621186,-2.2740820719653465
-0.01300526462426449,-2.2757267110424917
-0.013498147264402294,-2.277371083151889
-0.013991734444523674,-2.2790152328984776
-0.014486060199009165,-2.2806591379941406
-0.014981162503154843,-2.282302741503676
-0.015477019353748234,-2.2839461062148594
-0.01597357897980617,-2.285589298346696
-0.01647100705797655,-2.2872322135904124
-0.01696927037384366,-2.28887488248407
-0.017468281173056044,-2.2905173017291616
-0.017968155009939757,-2.2921594204789453
-0.018468793804145567,-2.2938012651354387
-0.01897024181164575,-2.2954429168079313
-0.01947249415253849,-2.2970843145099136
-0.019975501579569455,-2.29872546594654
-0.020479366961332124,-2.30036631097365
-0.020983948028451826,-2.3020069620341546
-0.021489356077307287,-2.3036473490223988
-0.021995548773745488,-2.305287472498182
-0.022502575525180535,-2.3069272906551315
-0.023010383224155717,-2.308566938169827
-0.023519089854158293,-2.310206291817319
-0.02402860593706596,-2.311845331638578
-0.024538818062238288,-2.3134842136754354
-0.02504992060836153,-2.315122832275235
-0.02556178179575247,-2.316761192380202
-0.026074380524418073,-2.3183993293598086
-0.02658779767228986,-2.320037186011348
-0.02710204372131847,-2.321674780540208
-0.027617091020034068,-2.3233121365357685
-0.028132891814713956,-2.324949242765745
-0.02864957629714343,-2.3265860626675487
-0.029167032480473976,-2.328222612171765
-0.029685207600861463,-2.3298589927370603
-0.030204298985382627,-2.331495071151539
-0.030724167924870482,-2.333130900002248
-0.031244763339417225,-2.3347665119829903
-0.031766140622882744,-2.336401859128417
-0.0322884107204075,-2.3380369458609533
-0.03281147295644582,-2.3396717159569143
-0.033335279245227833,-2.3413063265304603
-0.03385993527489123,-2.3429406199962077
-0.03438540335844109,-2.3445746750881336
-0.034911596472145534,-2.346208470763223
-0.0354386081306895,-2.347842000456283
-0.03596645397822207,-2.3494752558842555
-0.03649503049712394,-2.351108296181026
-0.03702441792883632,-2.35274109258455
-0.03755456600106383,-2.354373636184867
-0.03808552354637679,-2.3560059005967675
-0.03861731440460153,-2.3576378885609315
-0.03914990804195012,-2.3592696252599747
-0.039683268690522744,-2.3609011051504325
-0.040217498423806175,-2.3625323122104103
-0.04075252961610226,-2.3641632061490623
-0.04128827872069135,-2.365793929220784
-0.04182485543236569,-2.3674243554877483
-0.04236219703020605,-2.3690545552476636
-0.04290031209689249,-2.3706845003924846
-0.043439262352562014,-2.3723141455175885
-0.04397900161012214,-2.37394352212901
-0.04451956522875594,-2.375572613701581
-0.04506088204943365,-2.377201471919701
-0.04560298395488993,-2.3788300572290106
-0.04614593984127524,-2.3804583655155422
-0.04668964028434153,-2.3820864479152988
-0.04723416419016485,-2.3837142637963833
-0.047779482348408064,-2.3853417998950555
-0.048325577329172364,-2.3869690910110397
-0.048872466848166374,-2.3885961187659626
-0.049420158932839076,-2.3902228178476093
-0.04996866085178164,-2.3918492541738927
-0.0505179137597081,-2.393475494325008
-0.051067956053904295,-2.395101443583355
-0.05161881956983144,-2.396727141638749
-0.05217047926326851,-2.3983525516714934
-0.05272297027692019,-2.399977660142932
-0.053276252550201686,-2.4016025014063493
-0.05383023193459774,-2.403227131255264
-0.05438507967069467,-2.4048514608658698
-0.05494075249443264,-2.4064755062676415
-0.055497155511726626,-2.4080993326327604
-0.05605438644590638,-2.409722871284544
-0.05661239963418796,-2.4113461360354194
-0.05717114556301639,-2.412969098027588
-0.05773072531338519,-2.4145918294633866
-0.05829115972827231,-2.416214256305889
-0.05885234268963252,-2.4178363918864347
-0.059414304564998244,-2.419458310401886
-0.059977039739241345,-2.421079926076077
-0.06054056459897633,-2.4227012842816866
-0.061104914737906024,-2.4243223470425654
-0.06167009228514486,-2.425943126937414
-0.06223603452140203,-2.427563625464524
-0.0628027663253693,-2.429183851117301
-0.06337022330686037,-2.430803874634249
-0.06393856203873521,-2.4324235802485163
-0.06450766470405672,-2.4340430177707844
-0.06507757542359871,-2.43566212718674
-0.06564823996097963,-2.4372810139828673
-0.06621973209001675,-2.4388996203350204
-0.06679195249587955,-2.4405179560721644
-0.06736500402888801,-2.4421360102923093
-0.06793887685783295,-2.443753815132639
-0.06851350922301858,-2.445371300201916
-0.06908889221775683,-2.4469884978217906
-0.0696650338949833,-2.4486054511530204
-0.07024199226784217,-2.4502221036724534
-0.07081975032086191,-2.4518384582161614
-0.07139829372841167,-2.453454556780489
-0.07197761802438596,-2.4550703545301538
-0.07255769280310947,-2.456685894211699
-0.07313860410653328,-2.458301153127798
-0.07372030292729997,-2.4599161273740746
-0.07430281938960359,-2.461530780013426
-0.07488614738796207,-2.463145147747927
-0.07547019498352775,-2.46475924490489
-0.07605500815817573,-2.46637313713154
-0.07664063188527664,-2.467986700083039
-0.07722708422387742,-2.469599883997556
-0.07781427035533217,-2.4712128579022123
-0.0784022666104428,-2.4728255930974514
-0.07899108102749486,-2.474437961739792
-0.07958070770442344,-2.476050031564315
-0.08017101875138682,-2.477661892409976
-0.08076215328561148,-2.4792734749864613
-0.08135408034343289,-2.4808847493110875
-0.08194678832327035,-2.4824957290511027
-0.08254024145954847,-2.484106481390929
-0.08313451794125087,-2.4857168902812834
-0.08372961019412462,-2.4873269718483204
-0.0843254496922311,-2.4889367969560823
-0.08492205218535065,-2.4905463298300967
-0.0855195041897665,-2.4921555753814153
-0.08611773246462445,-2.4937645359380762
-0.0867167269124961,-2.4953732438238907
-0.08731653079362511,-2.4969816172492054
-0.08791709052443075,-2.498589674407028
-0.08851836892199966,-2.500197522074
-0.08912047453243382,-2.501805060086488
-0.0897233709210164,-2.503412274965436
-0.09032705265165242,-2.505019191223545
-0.09093150069856915,-2.506625865294248
-0.0915367182660029,-2.508232201217459
-0.09214272871753776,-2.5098382341654464
-0.09274953202672803,-2.5114439883329185
-0.093357157257206,-2.5130494390057208
-0.09396554132058682,-2.5146546266855223
-0.09457469655060063,-2.516259518020621
-0.09518467516660822,-2.5178640706415942
-0.09579541945586123,-2.5194683741703248
-0.09640693265135647,-2.5210723264506827
-0.09701919671678111,-2.522676051169344
-0.09763225753920701,-2.5242794910843833
-0.09824614006623561,-2.525882569587538
-0.09886076246457515,-2.5274853888981297
-0.09947615611983468,-2.529087844631041
-0.10009234672069622,-2.530690026102663
-0.10070931109365283,-2.5322919521537166
-0.10132702313507236,-2.5338935486960263
-0.10194547180872249,-2.535494892093488
-0.10256473359799612,-2.5370959335499412
-0.10318486611954275,-2.538696610180848
-0.10380571902592389,-2.5402970004601757
-0.10442730197064909,-2.5418971388465974
-0.10504971933953328,-2.5434969523125788
-0.10567292917611143,-2.5450964295800294
-0.10629691412801723,-2.5466956211647087
-0.10692170869171708,-2.5482944760409705
-0.10754725668895648,-2.54989303477235
-0.10817355924305133,-2.5514913802818437
-0.10880067002013089,-2.5530893900674423
-0.10942853864813118,-2.5546871173484673
-0.11005722644339772,-2.556284457644509
-0.11068664532253947,-2.5578815338219627
-0.11131680590705018,-2.5594783562696
-0.11194779514207592,-2.561074795516495
-0.11257954070842069,-2.562670968061171
-0.11321207795504684,-2.5642668386063026
-0.11384533957506415,-2.5658624364052693
-0.11447946832131611,-2.567457667854541
-0.11511429204346935,-2.569052611575604
-0.11574990463547069,-2.570647272902578
-0.11638631119311815,-2.572241575368232
-0.11702346202226127,-2.57383565010766
-0.11766147370994456,-2.5754293560927914
-0.11830027343286126,-2.577022677205811
-0.11893977399716266,-2.5786157640010186
-0.11958003570546094,-2.5802085889711934
-0.12022108494080658,-2.581801096059414
-0.12086291117088088,-2.5833933046073305
-0.12150553328537328,-2.5849851000387787
-0.12214887481378722,-2.586576660809496
-0.12279303744386955,-2.5881678856797414
-0.12343793578090517,-2.589758815284009
-0.12408363601170525,-2.59134941098496
-0.1247301048392746,-2.592939693440456
-0.12537740020224786,-2.5945296525132813
-0.12602544714183328,-2.596119293537615
-0.1266742613186867,-2.597708654840563
-0.12732380416354572,-2.5992977405092907
-0.12797414784611083,-2.60088651712757
-0.12862523997401498,-2.60247497289504
-0.12927711789890683,-2.6040630898200448
-0.12992979771515156,-2.6056508888552905
-0.1305832208088864,-2.6072383402499755
-0.13123736275049247,-2.60882545672596
-0.13189228735368963,-2.610412299062779
-0.13254804764344197,-2.611998860479126
-0.13320458574615224,-2.6135850695091554
-0.13386189861987502,-2.615170896234938
-0.13451995028028307,-2.61675645220615
-0.13517877750825702,-2.6183416941046787
-0.13583835329191685,-2.6199266413326536
-0.1364987485119058,-2.6215112738101363
-0.13715994380895197,-2.6230955406847025
-0.13782182968428475,-2.6246795107972134
-0.1384844692329763,-2.6262631760157342
-0.13914790584737868,-2.627846513638314
-0.13981212035100377,-2.629429551729003
-0.140477092122255,-2.6310122571531167
-0.14114286505630402,-2.632594626373999
-0.14180942009617226,-2.6341766441801355
-0.14247675197827558,-2.63575830794786
-0.14314478604615732,-2.6373397243646344
-0.14381361012312288,-2.6389208465785323
-0.1444832484714622,-2.640501623149094
-0.14515364137498232,-2.6420821253733715
-0.1458248294242459,-2.6436621973363903
-0.14649675767348447,-2.6452419568386776
-0.14716948400272611,-2.646821405835185
-0.14784297127980117,-2.648400534077253
-0.1485171651719981,-2.649979410444334
-0.14919212073487897,-2.651557954479718
-0.14986786217617298,-2.6531361286884643
-0.15054436332542165,-2.654713987510098
-0.15122165942348365,-2.656291464548324
-0.15189970755803628,-2.657868607174987
-0.15257850368832526,-2.65944550908483
-0.15325806308050327,-2.661022084679078
-0.15393839732789077,-2.6625982902999485
-0.15461953405036094,-2.6641741569741315
-0.15530146211896728,-2.6657496580721736
-0.1559840959986642,-2.6673248442573243
-0.15666746147610222,-2.6688997672962143
-0.15735164586745232,-2.6704743506662636
-0.15803659876776266,-2.6720486233477163
-0.1587223238890123,-2.6736225235854727
-0.15940877847935886,-2.675196114313461
-0.16009598947253295,-2.676769345311683
-0.16078398378125008,-2.6783422601695692
-0.16147281702955446,-2.6799148078963304
-0.16216237578037818,-2.6814870358745435
-0.16285267014706745,-2.6830589009223083
-0.16354371473258744,-2.6846304588394085
-0.1642355139639593,-2.686201775439074
-0.16492811059164764,-2.687772719334012
-0.1656215172243004,-2.68934328008164
-0.1663156654280425,-2.6909135528466384
-0.16701061510710713,-2.6924834424351864
-0.1677062219357336,-2.6940530425943825
-0.16840259999187623,-2.69562230649897
-0.16909972989744437,-2.697191198653803
-0.16979762210069632,-2.698759761417413
-0.17049628231072766,-2.7003280401464087
-0.17119573755377326,-2.7018959806203995
-0.17189592168736356,-2.7034635208189153
-0.17259691458333282,-2.7050306966297
-0.17329862055891265,-2.7065975540993286
-0.17400109836438937,-2.7081641018656066
-0.17470432934204355,-2.709730313213328
-0.17540834600255162,-2.711296178965264
-0.17611315648466014,-2.7128616743458256
-0.176818690728542,-2.7144268723296054
-0.1775249928458834,-2.7159917674482523
-0.1782320988214433,-2.7175562937927884
-0.17893994871939545,-2.719120455178175
-0.17964848821518237,-2.720684290518494
-0.18035781982561933,-2.722247778844928
-0.18106795868241654,-2.72381087031379
-0.18177883307021747,-2.7253736327599074
-0.18249046071946945,-2.7269361480434964
-0.1832028215182563,-2.728498284196496
-0.18391599695887062,-2.7300600255533767
-0.18462987364604733,-2.7316214401793353
-0.1853445008599635,-2.733182509430514
-0.1860599155217622,-2.7347432589658847
-0.1867760840313294,-2.7363036961211624
-0.18749303780766913,-2.737863795825049
-0.18821074848508157,-2.739423486787224
-0.188929150750327,-2.7409828210434695
-0.18964826661726936,-2.7425418678772173
-0.19036821110096824,-2.7441005651524764
-0.19108889612202684,-2.745658901339169
-0.1918103213908947,-2.7472168878977294
-0.1925325054859015,-2.7487745131928127
-0.19325548751335575,-2.7503317793227593
-0.19397923553333818,-2.7518887125137828
-0.19470377488437812,-2.7534452124625743
-0.1954289721435019,-2.755001444263956
-0.19615495028953184,-2.7565574028579527
-0.19688170335452349,-2.758112910562286
-0.19760917736341238,-2.759668063688811
-0.1983374513450774,-2.761222873599687
-0.19906645424241287,-2.7627773797355224
-0.1997962335304494,-2.7643315374832476
-0.20052673318654857,-2.7658853648744026
-0.20125804738015896,-2.7674387284467716
-0.20199008773422988,-2.7689917765872183
-0.2027228100364714,-2.770544518960336
-0.20345633055604595,-2.7720969147678876
-0.20419061368085334,-2.773648948599129
-0.204925637749157,-2.7752005770070918
-0.2056614289848574,-2.776751838878794
-0.20639798380692176,-2.7783027919806162
-0.2071352659787576,-2.779853417979023
-0.20787338818728962,-2.7814036307558334
-0.2086121775499804,-2.782953544611045
-0.20935172342244102,-2.784503164222988
-0.21009200974415226,-2.786052344925082
-0.21083302818510757,-2.787601175142652
-0.2115748348220784,-2.789149597915068
-0.21231736885335784,-2.790697699032698
-0.21306066234546683,-2.7922454742464176
-0.21380475231754592,-2.7937928600311697
-0.2145495360532439,-2.7953399243893973
-0.2152951208304979,-2.7968865649940406
-0.2160414675569754,-2.7984328951297086
-0.21678855950067877,-2.799978874364617
-0.2175363636211769,-2.8015244800591543
-0.21828494195073855,-2.803069702277103
-0.21903423019340307,-2.804614619144413
-0.2197842494190092,-2.8061591617782216
-0.2205351071573607,-2.8077032852034622
-0.22128664367654804,-2.809247100713165
-0.22203892547468418,-2.8107905302519396
-0.22279198326626598,-2.8123335591221634
-0.223545802844894,-2.8138762608867114
-0.22430035173807944,-2.8154186425126824
-0.2250556627548853,-2.8169606601787898
-0.22581173975194269,-2.818502348265521
-0.22656857408771425,-2.8200435949496216
-0.22732612726335694,-2.8215844583418885
-0.22808442728467287,-2.8231249641654985
-0.22884345001624545,-2.8246651436261865
-0.22960324631511186,-2.8262049694693694
-0.23036383236709868,-2.8277443932543522
-0.23112514141540752,-2.829283486894397
-0.23188717407831871,-2.830822159220556
-0.23264990294432975,-2.8323605033205093
-0.23341340408482175,-2.8338984835581837
-0.23417764112913392,-2.8354361442433755
-0.23494265004220616,-2.836973404006985
-0.2357084119078458,-2.838510316838208
-0.23647490583974035,-2.8400468271892594
-0.23724212403759448,-2.841582968020947
-0.23801012117887366,-2.8431187059074183
-0.2387788739543304,-2.84465412430994
-0.23954834992511853,-2.846189139703995
-0.24031856737196944,-2.847723771637976
-0.2410895347950769,-2.8492580354240884
-0.24186125486348814,-2.850791980046709
-0.24263374209695032,-2.852325481452642
-0.24340687898029217,-2.8538586571346993
-0.24418079375788682,-2.8553915071147644
-0.24495545478447556,-2.8569239617888287
-0.24573083587455402,-2.858456011811448
-0.24650696557973512,-2.859987708438541
-0.24728385285631815,-2.8615190443432814
-0.24806156857543216,-2.8630499403471594
-0.2488399698519706,-2.864580486857224
-0.2496191409476407,-2.8661106533966922
-0.25039899751256556,-2.867640425149326
-0.25117955453958246,-2.86916995331009
-0.2519609576682008,-2.870699071591756
-0.25274308182173777,-2.8722277353986665
-0.25352590044762247,-2.8737560574942895
-0.2543095004882742,-2.875283999262293
-0.25509378931912924,-2.8768115748641385
-0.2558788304140235,-2.8783387626403707
-0.2566646500442739,-2.879865561650242
-0.2574511669682251,-2.8813920020117725
-0.2582384222085139,-2.882918107345408
-0.2590264505291451,-2.8844437622627757
-0.2598152185392193,-2.8859690268683202
-0.26060474573196735,-2.8874938592221273
-0.2613949728116388,-2.889018381351119
-0.2621860014652947,-2.890542583083365
-0.2629777207366111,-2.892066372600175
-0.2637701633721584,-2.893589813179023
-0.2645634190474136,-2.895112818115209
-0.2653573161526388,-2.8966354545574595
-0.26615197292065185,-2.8981577247256145
-0.26694743469951676,-2.8996795615891093
-0.26774358696207345,-2.9012009879202925
-0.26854047081385435,-2.9027220843230843
-0.2693380758007024,-2.9042428594137037
-0.2701364556203568,-2.9057632450152298
-0.27093560200166483,-2.907283165466822
-0.271735386827681,-2.908802701672347
-0.2725359367095468,-2.9103219307876405
-0.27333731474050627,-2.9118407361421443
-0.27413935268844414,-2.913359186146651
-0.2749421266477836,-2.914877243410988
-0.27574569311646413,-2.91639486327959
-0.2765499694763426,-2.917912112039424
-0.2773549168511301,-2.9194290260039564
-0.27816062294289473,-2.9209455214480697
-0.27896713472609813,-2.9224615703537973
-0.27977428838278817,-2.923977275485752
-0.28058222277509126,-2.925492611800432
-0.2813909215679549,-2.9270075694218014
-0.28220030328003715,-2.928522181743654
-0.2830104577140805,-2.930036372660922
-0.2838213059431698,-2.9315501517893723
-0.2846328876693217,-2.9330635520752297
-0.2854451885224635,-2.9345765655677063
-0.28625822732160144,-2.93608921173357
-0.28707204562271094,-2.9376014174326803
-0.28788657680053004,-2.9391132485553753
-0.2887018390873013,-2.9406246772806877
-0.2895177610923402,-2.9421357227519067
-0.29033453445578516,-2.943646346127844
-0.2911520032726703,-2.9451565748915307
-0.29197016083834304,-2.946666516150288
-0.2927891250677104,-2.9481759569327735
-0.293608789955196,-2.949685011388288
-0.2944291564315189,-2.9511937728400346
-0.2952502786505232,-2.9527020705647864
-0.2960721087667195,-2.9542099902162513
-0.2968947003147112,-2.955717465552203
-0.29771794861321976,-2.957224627019048
-0.29854199194722275,-2.958731366280425
-0.2993667330489217,-2.960237700144779
-0.3001922361447069,-2.9617436042233276
-0.3010184055484924,-2.9632491445027123
-0.30184530206346905,-2.9647543558901974
-0.30267296403890803,-2.9662590712040924
-0.30350135109940934,-2.967763355315867
-0.30433043193814757,-2.969267311402261
-0.3051602377543122,-2.9707709205266672
-0.3059907700485912,-2.9722740517549253
-0.30682207324789534,-2.9737767468096252
-0.3076541020459893,-2.97527905875872
-0.3084868824744572,-2.9767809855124296
-0.3093203312569125,-2.978282587818235
-0.3101546031751058,-2.9797837156389204
-0.3109895578462123,-2.98128446156507
-0.31182521558744203,-2.9827848076228873
-0.3126616222972681,-2.9842848022326285
-0.3134988074542123,-2.985784309270155
-0.3143366227604928,-2.9872834505872277
-0.3151751862561693,-2.9887821869217808
-0.3160145199005794,-2.990280531492459
-0.3168546018656254,-2.9917784377938523
-0.3176953412901496,-2.993275964989419
-0.3185368190317461,-2.994773178036895
-0.31937902668139073,-2.9962699146518315
-0.32022192238120406,-2.997766267222244
-0.3210656156743788,-2.999262162267079
-0.32191005498741465,-3.000757628526342
-0.3227551523257253,-3.002252725693904
-0.3236009825612047,-3.0037474771855264
-0.3244476010700765,-3.0052417638006528
-0.3252948490503802,-3.006735665695528
-0.3261428670508526,-3.0082291453398
-0.3269915512951066,-3.0097222930613645
-0.327840971314199,-3.0112149791695346
-0.32869114355497364,-3.012707232327514
-0.32954201979097864,-3.014199116299398
-0.33039358186526013,-3.0156906022777275
-0.3312459240031893,-3.017181630489697
-0.3320989939622779,-3.0186722333668476
-0.3329527417289424,-3.0201624649687258
-0.3338071989161935,-3.0216522931507366
-0.33466241305054034,-3.0231417044587756
-0.33551829802751665,-3.0246307335678435
-0.33637491030786104,-3.026119341054366
-0.33723221467575154,-3.0276075255483303
-0.33809031994736116,-3.0290952366104444
-0.33894915617179233,-3.0305825386462177
-0.33980863862774613,-3.0320694591765673
-0.3406689007586447,-3.03355598976941
-0.3415298140875139,-3.035042157270425
-0.3423915367674079,-3.036527841512637
-0.34325394422038924,-3.0380130854243843
-0.34411700296176545,-3.039497965311245
-0.3449808092160417,-3.0409824414828193
-0.34584532637721466,-3.0424665087404232
-0.3467106660298221,-3.0439500985450803
-0.3475766543016593,-3.0454333063686554
-0.34844337149593463,-3.0469161289217754
-0.3493108455325821,-3.048398489353807
-0.3501789563605325,-3.0498804362421
-0.3510478100824901,-3.051362036255495
-0.35191742554255145,-3.052843162233364
-0.3527876761710681,-3.054323920904666
-0.3536587069116843,-3.0558042165248382
-0.354530406203163,-3.057284090266295
-0.35540279470938235,-3.0587635939200273
-0.356276005661318,-3.060242621113823
-0.35714991784880695,-3.0617212164653664
-0.35802452814898045,-3.063199423726612
-0.35889980895411644,-3.0646772938192983
-0.35977580456293023,-3.066154691039464
-0.36065249457125703,-3.067631675431884
-0.36152996031933127,-3.069108152515439
-0.3624081371819954,-3.0705842312730063
-0.3632869767830834,-3.072059906317551
-0.36416649362318215,-3.0735352728581025
-0.3650468045050519,-3.0750101603419253
-0.36592790565250616,-3.076484522395229
-0.3668095951508017,-3.07795858106991
-0.36769204089698054,-3.079432172462748
-0.3685751954079807,-3.080905354697936
-0.3694591327836686,-3.0823780314426195
-0.37034366906219185,-3.0838503794128744
-0.3712289881882538,-3.0853222378177043
-0.37211490864604463,-3.0867937642100594
-0.37300162288977934,-3.088264795211792
-0.37388903268509494,-3.0897353788444706
-0.3747771032252801,-3.091205580223641
-0.37566590664479077,-3.0926753862523895
-0.37655548882489687,-3.094144714055431
-0.37744582467223337,-3.095613574243361
-0.37833676896512125,-3.097082053824513
-0.37922851302451954,-3.098550094856458
-0.3801209036885841,-3.100017722523764
-0.38101407288517997,-3.1014849202632844
-0.38190790182415973,-3.102951724640693
-0.3828024102351729,-3.104418117418849
-0.38369764282261276,-3.1058840637696776
-0.38459364758811193,-3.1073494789796916
-0.38549031063992045,-3.108814547622361
-0.38638771070046707,-3.110279172341266
-0.3872857389363007,-3.1117433566192
-0.38818449787715714,-3.113207206221273
-0.3890840225948516,-3.1146705093757427
-0.3899841768106872,-3.1161334225873785
-0.39088508082123385,-3.1175959258218584
-0.3917866627685721,-3.1190579884296072
-0.3926889888873723,-3.1205196306604313
-0.3935920402815133,-3.1219808079471854
-0.3944957253744853,-3.1234415814933456
-0.3954001572095932,-3.124901904195427
-0.39630531751019227,-3.1263617387152633
-0.39721111101846096,-3.12782122702659
-0.39811771004210517,-3.129280224280278
-0.39902497087536565,-3.13073884147743
-0.3999329851293672,-3.1321969482492644
-0.400841668702835,-3.133654623823072
-0.40175100070771497,-3.1351118997437015
-0.4026610278401115,-3.136568835221719
-0.4035718704978185,-3.1380252034046308
-0.40448334864762936,-3.1394811849634285
-0.40539553099112513,-3.1409366933542238
-0.4063084302116291,-3.142391816037851
-0.40722202739958835,-3.1438464863822944
-0.4081363545115333,-3.1453006576486153
-0.4090513078694258,-3.1467544670070065
-0.40996705688769974,-3.148207803187862
-0.41088345133861004,-3.149660738056287
-0.41180060632229254,-3.1511131570306774
-0.4127184243529908,-3.1525651916697566
-0.4136369885593445,-3.1540167587038295
-0.4145561963582033,-3.1554679312393223
-0.415476186109453,-3.1569185983025205
-0.4163967892437114,-3.1583689048720265
-0.41731814418055346,-3.1598187094456227
-0.41824013912324043,-3.161268124287277
-0.41916285972992207,-3.162717073760473
-0.42008624769969416,-3.164165589200374
-0.4210104046556643,-3.1656136584657864
-0.4219352597829852,-3.1670612270990115
-0.42286076407298423,-3.1685084151106087
-0.42378700029250926,-3.1699551941432844
-0.4247139559995381,-3.1714014342448364
-0.4256415019268831,-3.1728473573308484
-0.4265698596004789,-3.174292766624977
-0.4274988805005445,-3.1757377342713102
-0.4284286363183437,-3.177182193503292
-0.42935902506775414,-3.1786262759811854
-0.4302901436495241,-3.1800699345511676
-0.43122196094245524,-3.181513128017691
-0.43215441496920937,-3.1829558754647396
-0.43308762829438496,-3.184398162127773
-0.4340215551477543,-3.18583999460927
-0.4349561453894125,-3.187281378967736
-0.43589145541524754,-3.188722346204714
-0.4368274318251184,-3.1901628702455627
-0.4377641527797492,-3.191602857065898
-0.43870151119970957,-3.19304247410404
-0.439639554058578,-3.194481691567463
-0.4405783604950825,-3.1959203815446546
-0.44151783566905367,-3.197358656643302
-0.4424580306401913,-3.1987964317634554
-0.443398883282488,-3.2002338231149516
-0.4443404895685129,-3.2016706761898446
-0.4452827388903454,-3.203107117813005
-0.446225646014768,-3.2045431842300784
-0.44716932307492296,-3.2059787125538257
-0.4481136476824513,-3.2074138296897896
-0.449058665275032,-3.2088484787614204
-0.45000442618282255,-3.2102826396110684
-0.4509508287053684,-3.2117164006043937
-0.45189796380821223,-3.213149692904785
-0.45284575686648443,-3.214582502692654
-0.453794292097074,-3.216014878471626
-0.45474347208247734,-3.217446825196596
-0.4556933911947767,-3.2188783072514773
-0.45664395578689954,-3.2203093409281287
-0.4575952137262883,-3.2217399631423516
-0.4585471695775698,-3.223170093113076
-0.45949981438385756,-3.2245997424289072
-0.4604531575236467,-3.2260289551720325
-0.46140717512759866,-3.227457700025423
-0.46236189743171907,-3.2288859674828405
-0.46331728281316653,-3.2303137788380316
-0.46427334210465165,-3.2317412329339277
-0.46523018912139824,-3.233168078440645
-0.46618763682264397,-3.2345945748211227
-0.4671458106094851,-3.236020600698483
-0.4681046742181394,-3.237446135665741
-0.46906418125525895,-3.2388712321199513
-0.4700244099019195,-3.2402958293753756
-0.47098527962280823,-3.2417200118461835
-0.4719469065176741,-3.243143707468624
-0.472909163797802,-3.2445670038773584
-0.4738721958672849,-3.245989798451944
-0.47483584429772074,-3.247412107006526
-0.47580013338519545,-3.248834042723638
-0.47676516376880784,-3.2502554465357973
-0.4777308339791728,-3.2516764171397905
-0.47869724247210566,-3.2530968962406326
-0.4796642724695759,-3.2545169890424175
-0.4806320337880563,-3.255936512130908
-0.48160038171680775,-3.25735565269234
-0.48256954544246256,-3.258774245450767
-0.48353930964265457,-3.26019246390523
-0.48450983855370267,-3.261610155014367
-0.4854810295765337,-3.2630273574340287
-0.4864528331858846,-3.264444180190774
-0.4874253799735657,-3.2658605447643416
-0.4883986360447903,-3.267276322893061
-0.4893724327468094,-3.268691719622774
-0.4903469937967293,-3.270106689789514
-0.4913222480792543,-3.2715210896925493
-0.4922981374244033,-3.272935142132953
-0.49327474608109745,-3.2743486628146385
-0.49425205605098044,-3.2757616604969564
-0.49522997835921845,-3.277174293068205
-0.49620861682652384,-3.2785864471184696
-0.4971879889626408,-3.2799980655298326
-0.49816796852909706,-3.281409219280479
-0.49914863181962466,-3.2828199733033827
-0.500129958222878,-3.2842302353619166
-0.5011119767332805,-3.2856400482953236
-0.5020947029917695,-3.287049308226069
-0.503078075405601,-3.2884581385803386
-0.5040621626649615,-3.28986648663836
-0.5050468409572255,-3.2912743950041294
-0.5060322224143856,-3.292681860185885
-0.5070182434134691,-3.294088824323321
-0.508004894873527,-3.2954953669181943
-0.5089922061985809,-3.296901503405994
-0.5099800599705231,-3.298307256804459
-0.5109683891915828,-3.2997127222521434
-0.5119569043797143,-3.30111817775092
-0.5129455504034807,-3.3025237064277144
-0.5139347850662663,-3.3039284811270857
-0.5149244859268732,-3.3053324839158735
-0.5159146658677835,-3.306735897185378
-0.516905380096355,-3.308138661858845
-0.5178965639336944,-3.309540802349397
-0.5188884622952366,-3.3109424622118437
-0.5198811236222165,-3.312343398545729
-0.5208742632260485,-3.31374372225722
-0.5218679249690519,-3.315143729654094
-0.5228623958652917,-3.3165431074754665
-0.523857533684099,-3.3179417768990778
-0.5248533110952986,-3.3193400573479055
-0.525849692162236,-3.3207378603033715
-0.5268467187312518,-3.322135034870513
-0.5278443235450542,-3.3235317904742776
-0.5288426460862021,-3.3249280254717326
-0.5298416209315542,-3.3263236865713193
-0.5308412542216561,-3.32771899681883
-0.5318416672571324,-3.3291138118306027
-0.5328427539051098,-3.33050794593664
-0.5338444733545736,-3.3319017165793476
-0.5348468135612968,-3.3332949801704297
-0.5358497412289981,-3.3346877884449513
-0.5368534639912155,-3.3360801209332926
-0.537857824553494,-3.337471804513764
-0.5388627713115397,-3.338863014489818
-0.5398684360092426,-3.34025396002926
-0.5408748317108717,-3.341644349521249
-0.5418818344404022,-3.3430342580807215
-0.5428895318446382,-3.344423666538625
-0.5438979336531947,-3.3458124388771453
-0.5449067904893068,-3.3472008245963263
-0.5459163270696159,-3.348588886789494
-0.546926715511612,-3.349976314699432
-0.5479377350175225,-3.3513631079464767
-0.5489493994679376,-3.3527496128660417
-0.5499617838926807,-3.3541355726736928
-0.5509747318691705,-3.3555209736527423
-0.5519883463177309,-3.356906098238784
-0.5530027711587664,-3.358290670105693
-0.5540178416071618,-3.3596746307707566
-0.5550336133265875,-3.3610580579356304
-0.5560498473785094,-3.3624412143286646
-0.5570668759256715,-3.363823906854143
-0.5580845548604598,-3.365206120546927
-0.5591029900050836,-3.3665877244338294
-0.5601219139276057,-3.3679688258963014
-0.5611415810656878,-3.3693494246669973
-0.5621619540985443,-3.370729498253499
-0.5631828785103918,-3.3721092435143314
-0.5642045175597963,-3.3734885100027934
-0.5652269241494857,-3.374867194606807
-0.5662499246452803,-3.376245248107875
-0.5672734978179284,-3.377622902335661
-0.568297794275927,-3.379000113069947
-0.5693228222296687,-3.380376886369094
-0.5703484692851574,-3.3817531220715145
-0.57137479800031,-3.383128883583402
-0.5724018379418689,-3.38450410335549
-0.5734294904145605,-3.3858789257033997
-0.5744578160527418,-3.38725312608495
-0.5754867682012059,-3.3886268223208242
-0.5765163705468601,-3.3900001488121063
-0.5775466483214524,-3.391373057974932
-0.5785776118374133,-3.3927454666401546
-0.5796094100391542,-3.394117277537246
-0.5806417799190822,-3.3954884022249696
-0.5816746325492155,-3.396859119300102
-0.5827082123248833,-3.398229466004125
-0.5837424740663664,-3.39959949285438
-0.5847775570570802,-3.4009688897629604
-0.5858133428870574,-3.4023376617551166
-0.5868495849995956,-3.403706016234462
-0.5878865153716026,-3.405073821046238
-0.5889240689443445,-3.4064411636525467
-0.5899623541900005,-3.407808055810603
-0.5910013430772336,-3.4091743608206846
-0.5920409464008028,-3.4105402608250044
-0.5930811550371731,-3.4119057375325346
-0.5941221216211994,-3.4132706522772938
-0.595163739910487,-3.4146349501150586
-0.5962059205516022,-3.4159989602576606
-0.5972489141932378,-3.4173623926724725
-0.5982925705768927,-3.418725167462335
-0.5993367776448317,-3.420087548779226
-0.6003816813987827,-3.4214494516965175
-0.6014272244227676,-3.422810927034136
-0.6024734064568023,-3.4241718961131844
-0.6035202934246723,-3.4255322311590026
-0.6045677965536906,-3.4268921098820355
-0.6056160058014036,-3.4282515718546325
-0.6066648910910718,-3.4296104277284103
-0.6077144236115218,-3.430968834157465
-0.608764594666998,-3.432326665370244
-0.6098154339103727,-3.4336841322103098
-0.6108670607746054,-3.435040858874926
-0.6119192122435736,-3.4363973341600387
-0.6129720501731748,-3.437753366823328
-0.6140256272597049,-3.439108776564118
-0.6150798239810759,-3.4404635659148632
-0.6161345424691278,-3.441818014464964
-0.6171899547589608,-3.4431718799214734
-0.6182458896444403,-3.444525324213516
-0.6193025931089557,-3.4458783101643182
-0.6203600489144108,-3.447230727667412
-0.6214180519967377,-3.448582717819116
-0.6224768210740048,-3.4499340644493874
-0.6235361447962616,-3.4512848699343897
-0.6245961281673733,-3.4526351777610573
-0.6256567890842182,-3.4539849932996294
-0.6267180869520201,-3.455334390940508
-0.6277800874694184,-3.456683192965622
-0.628842598549142,-3.4580315676764517
-0.6299058806820242,-3.4593794757119483
-0.6309698115038233,-3.4607267759968137
-0.6320343884805781,-3.462073605115682
-0.6330996390242083,-3.463420004987648
-0.6341655516099076,-3.4647657806311867
-0.6352320522361916,-3.4661110224819036
-0.6362992054656601,-3.4674557087185924
-0.6373669351765034,-3.468799968896689
-0.638435381951751,-3.4701437601237983
-0.6395044938153713,-3.4714869738644683
-0.640574277816474,-3.4728297347178234
-0.641644687988506,-3.474172102482968
-0.6427158009471176,-3.475513885820334
-0.6437876055101293,-3.4768550238640543
-0.6448599016388139,-3.478195723233583
-0.6459329779265859,-3.4795359512066852
-0.6470066684693974,-3.4808755865925542
-0.6480809605936336,-3.4822147883575196
-0.6491559709833542,-3.483553398483782
-0.6502315675464329,-3.4848914151421666
-0.6513077896667046,-3.486228953851729
-0.6523846022439044,-3.487566087984629
-0.653462098617462,-3.488902824409875
-0.6545402593804184,-3.490239064828711
-0.6556190901156025,-3.4915747121913405
-0.6566985481652925,-3.4929098458395185
-0.6577786182078903,-3.49424452215823
-0.6588594453359663,-3.495578588534031
-0.6599408126571751,-3.4969122003611712
-0.6610228545673666,-3.4982451767192617
-0.6621055213826494,-3.4995776141315256
-0.6631888487364129,-3.500909666956308
-0.6642728098185715,-3.502241208613065
-0.6653574649691519,-3.5035721573676133
-0.6664427091815226,-3.5049027077077453
-0.6675286735746568,-3.5062326108748962
-0.6686151928723278,-3.507561956802133
-0.6697023150273675,-3.5088909468165186
-0.6707901652042737,-3.5102193335431053
-0.6718785898835794,-3.511547248386143
-0.6729677530516601,-3.512874604926252
-0.67405759768366,-3.5142013099377016
-0.6751479061735108,-3.515527707185506
-0.6762389744088034,-3.5168535281443907
-0.6773306838714221,-3.518178780240682
-0.6784230261539315,-3.519503565030061
-0.67951607538729,-3.5208277114558464
-0.680609652366724,-3.522151445049151
-0.6817038782350966,-3.523474665286593
-0.6827987551205046,-3.524797286519913
-0.6838942814768112,-3.5261193976758025
-0.6849904071985922,-3.5274410777003227
-0.6860871838407654,-3.5287621500307957
-0.6871845982779827,-3.5300826989438465
-0.6882826210051793,-3.5314028624622185
-0.6893813368895769,-3.5327224733337097
-0.6904807236850896,-3.5340414008080194
-0.691580678756895,-3.5353598084902016
-0.6926812718003168,-3.5366778337545526
-0.6937825670110039,-3.537995250234945
-0.6948844988625735,-3.5393120956583557
-0.6959871022426041,-3.5406284607009115
-0.6970903627484328,-3.541944241652216
-0.6981941544170926,-3.543259618013173
-0.69929859198767,-3.544574447597136
-0.7004036638870565,-3.5458886631712523
-0.7015093696525576,-3.547202351824729
-0.7026157067717331,-3.5485156671342075
-0.7037227652190128,-3.549828415352696
-0.7048304843930107,-3.551140520582726
-0.7059387644910546,-3.5524520508013353
-0.7070475752919956,-3.553763220728783
-0.7081570962839633,-3.5550738633407297
-0.7092673041784943,-3.556383856625589
-0.710378132212097,-3.55769328660829
-0.7114895841624842,-3.559002346468274
-0.7126017141239167,-3.560310812425429
-0.7137144562949891,-3.5616186691848997
-0.714827810937043,-3.5629259836894764
-0.7159417657386082,-3.5642329056821396
-0.7170563981799986,-3.5655392745512415
-0.7181717729341119,-3.5668450456131193
-0.7192877289278532,-3.5681501753423004
-0.7204041686325524,-3.5694549343348365
-0.721521258607053,-3.5707591602960767
-0.7226390406173018,-3.5720628109026107
-0.7237575361585422,-3.5733658643497224
-0.724876637677027,-3.5746685190015293
-0.7259964195572108,-3.5759705939463697
-0.7271167618487757,-3.577272055657568
-0.728237723901507,-3.5785729633881136
-0.729359276909847,-3.579873477456436
-0.7304814895686013,-3.581173425756369
-0.7316043413505602,-3.5824727747713463
-0.7327278351914912,-3.583771576598792
-0.733851908168714,-3.5850699683941207
-0.7349766405571405,-3.5863677892528365
-0.7361019953952497,-3.5876649934423623
-0.7372278897264429,-3.588961721513637
-0.7383544919888615,-3.5902579135333177
-0.7394816951012357,-3.591553550249285
-0.7406095218427109,-3.5928487386040224
-0.7417380474858429,-3.594143318912595
-0.7428672026925573,-3.595437259361117
-0.7439968532496872,-3.5967307189000604
-0.7451271439544092,-3.59802377362426
-0.7462581586785895,-3.5993161200914443
-0.747389701913284,-3.6006079212228848
-0.7485218983061341,-3.601899219912914
-0.7496547539434111,-3.603190069049469
-0.7507883245319298,-3.604480328243763
-0.7519225514841423,-3.6057698703992207
-0.7530572315592443,-3.607059030356424
-0.7541925818506002,-3.6083476817907427
-0.7553286059316544,-3.6096357094965956
-0.7564651706514716,-3.6109232178847988
-0.7576023812103929,-3.6122102859576195
-0.7587402199705535,-3.613496781104479
-0.7598787141758856,-3.6147826857678296
-0.7610177862298062,-3.6160679606357884
-0.7621574866221388,-3.617352722261754
-0.7632978543251616,-3.618637050145106
-0.7644388840544483,-3.619920783253948
-0.7655804734724403,-3.62120393201561
-0.7667226509208813,-3.6224865013783707
-0.7678654314889599,-3.623768589458304
-0.7690089452226484,-3.625050106794147
-0.7701530641305825,-3.626331137932398
-0.7712977883464105,-3.6276116247914385
-0.7724431195159269,-3.6288916005079535
-0.7735891528976104,-3.6301709173560583
-0.7747357210364136,-3.631449617411136
-0.7758828218542182,-3.632727809034088
-0.7770305483855308,-3.6340056201876987
-0.7781789813924045,-3.6352828881997716
-0.7793280573047279,-3.6365594215896713
-0.7804776467292185,-3.6378354200131695
-0.7816278166422362,-3.6391109785598563
-0.7827787017278998,-3.640385972882628
-0.783930242501515,-3.6416604715647614
-0.7850824496317217,-3.642934423762708
-0.786235217233452,-3.6442076663613454
-0.7873884811766114,-3.645480430221478
-0.7885424113373396,-3.646752714499037
-0.7896970204051712,-3.6480243566352035
-0.7908521946580136,-3.649295433097604
-0.7920080021688473,-3.650566045096827
-0.7931644954558543,-3.651836104344016
-0.7943216721244163,-3.653105471453384
-0.7954792760503888,-3.6543742573439046
-0.7966375072353756,-3.6556425743225107
-0.7977964226271683,-3.656910440399079
-0.7989560321124504,-3.658177753979058
-0.8001162264677208,-3.6594443421125447
-0.8012769764466762,-3.660710380103439
-0.8024383227292555,-3.661975939045029
-0.8036002695661664,-3.6632410619474323
-0.8047628662035693,-3.66450558869984
-0.8059261091381323,-3.66576947321092
-0.807089936284471,-3.6670327735887582
-0.808254320838847,-3.6682955896584817
-0.8094193327936683,-3.6695578958065314
-0.8105849733862028,-3.6708196431280813
-0.8117512187766323,-3.6720808168483714
-0.8129180560136935,-3.6733414211416395
-0.8140854845480189,-3.6746014609935425
-0.8152535735499482,-3.675860970240941
-0.8164222859245047,-3.677119869575429
-0.8175915830906988,-3.678378200321272
-0.8187615059730785,-3.679636007252327
-0.8199320299405235,-3.680893250735047
-0.8211031632246623,-3.6821498868255222
-0.8222748568125375,-3.683406012620716
-0.8234471853874832,-3.6846615776776037
-0.8246201365344674,-3.6859165796984374
-0.8257937160587758,-3.687171024605695
-0.8269679507041902,-3.688424908397602
-0.8281427131645135,-3.6896782001704667
-0.8293180562261049,-3.6909309529335377
-0.8304940428797428,-3.6921831494852313
-0.8316706800262368,-3.6934347900043623
-0.8328478897721735,-3.6946858295472733
-0.8340256793617686,-3.695936329899876
-0.8352040861857338,-3.697186276883131
-0.8363831186964298,-3.698435666480001
-0.8375627967306617,-3.699684498694115
-0.8387430395920464,-3.7009327255278484
-0.8399238508239458,-3.702180420410663
-0.8411053052245873,-3.7034275592968426
-0.8422874140960243,-3.7046741313370255
-0.8434700414981167,-3.7059201119806735
-0.8446532376855228,-3.707165547536783
-0.8458370782446694,-3.708410438079534
-0.8470216205556507,-3.709654760236831
-0.848206706900276,-3.710898477601436
-0.8493923722489909,-3.712141649833641
-0.8505786407299196,-3.7133842428578867
-0.8517654858350541,-3.7146262757077344
-0.8529529417274897,-3.7158677566320577
-0.8541410202921871,-3.717108674437454
-0.8553297220733249,-3.718349022585527
-0.8565190564061524,-3.7195888048699617
-0.8577089553971116,-3.720827975195839
-0.8588994248898576,-3.722066617217564
-0.8600905376957857,-3.723304687576128
-0.861282232711466,-3.724542167185355
-0.8624745425274706,-3.7257790956313217
-0.8636674526344953,-3.7270154467183736
-0.8648609053116032,-3.728251213843986
-0.8660549475784984,-3.7294864306523934
-0.8672496154192358,-3.7307210931082664
-0.8684449196648409,-3.7319551877195543
-0.8696408736953631,-3.7331887009406075
-0.8708373162571534,-3.734421619781
-0.8720343350397193,-3.7356539843606424
-0.8732319827643581,-3.7368857872749492
-0.874430254049265,-3.7381170181387766
-0.8756291545795098,-3.7393476823789773
-0.8768286197657353,-3.7405777372253852
-0.8780286359116446,-3.741807222573862
-0.8792292608065575,-3.7430361644180263
-0.8804305218620986,-3.7442645408738517
-0.8816324209008688,-3.7454923240318987
-0.8828348762869604,-3.7467195303712084
-0.8840379470545628,-3.7479461579226183
-0.8852415707981847,-3.7491721977898393
-0.8864457365553048,-3.750397640346672
-0.8876504228993978,-3.7516225919342703
-0.888855749709188,-3.7528469787741723
-0.8900617345714592,-3.7540707604269903
-0.8912683450419697,-3.75529392118388
-0.8924754917182649,-3.756516541746458
-0.8936831746995599,-3.7577385887490884
-0.8948914652280656,-3.7589600960018044
-0.8961004080835355,-3.760180960020068
-0.8973099587716833,-3.7614012359816167
-0.8985200561801077,-3.7626209060954974
-0.8997306683282351,-3.7638400693563643
-0.9009418630250353,-3.765058694693842
-0.9021536826253524,-3.7662767786994777
-0.9033661165989051,-3.767494246556495
-0.9045791262465281,-3.7687111842703
-0.9057928076104952,-3.7699273570658764
-0.9070068820119334,-3.7711429461587405
-0.9082214697637354,-3.7723580753759967
-0.9094367012132076,-3.7735726905346074
-0.910652629628556,-3.774786734695139
-0.9118692205032779,-3.776000101875221
-0.9130863618922618,-3.7772128127700326
-0.9143039408746283,-3.778424989276708
-0.9155221451588993,-3.7796366616430173
-0.916741069300372,-3.780847681148091
-0.917960425020522,-3.7820580487469835
-0.919180347302982,-3.783267926914534
-0.9204008940886076,-3.7844772060176117
-0.9216221175340922,-3.7856858595801675
-0.9228439585518332,-3.78689392003788
-0.9240662283753698,-3.788101437117102
-0.925289081493984,-3.7893084258084255
-0.9265126041319834,-3.7905148212249777
-0.9277367232293735,-3.7917205355367156
-0.9289613906162808,-3.792925710287986
-0.9301867454510855,-3.7941303312335206
-0.9314125792886647,-3.795334308556191
-0.9326389764954592,-3.7965377623957113
-0.9338660149323406,-3.7977406067165322
-0.9350935591159724,-3.798942880249926
-0.936321702714292,-3.8001445626647947
-0.9375504567457291,-3.8013456176146305
-0.9387798106400727,-3.8025461030248526
-0.9400096589781181,-3.8037460204501743
-0.9412401362699288,-3.8049454079509566
-0.9424712280215262,-3.8061441435011503
-0.9437028317880181,-3.8073422184884085
-0.944934961579363,-3.808539807531066
-0.9461677639746398,-3.8097368461959533
-0.947401217116038,-3.8109332624704737
-0.9486352266975524,-3.8121290130791206
-0.9498697556464084,-3.813324185916489
-0.951104813572816,-3.8145188340003013
-0.9523404967446191,-3.815712853779118
-0.9535768236798132,-3.8169062164219687
-0.9548135652056695,-3.818099037060393
-0.9560508955852414,-3.8192913255250573
-0.9572889371022919,-3.8204830244684915
-0.9585275710745533,-3.8216740203021704
-0.9597667059325816,-3.8228644452480616
-0.9610063887344393,-3.824054379021647
-0.9622467115417265,-3.825243688498874
-0.963487654043401,-3.826432329157102
-0.9647290693514528,-3.827620407567508
-0.9659711074172169,-3.82880791185492
-0.9672137122025359,-3.829994760814712
-0.9684567627717388,-3.831181038714654
-0.9697004522959651,-3.8323668598162217
-0.9709448705054992,-3.8335520140312798
-0.9721898043999118,-3.834736488882375
-0.9734352072267078,-3.8359204013368617
-0.9746812378366618,-3.837103794735177
-0.9759278647328733,-3.8382865691775567
-0.9771750633351028,-3.839468660233086
-0.9784228222337172,-3.8406501926727357
-0.9796711793447279,-3.841831171998425
-0.9809200228525318,-3.8430115817557216
-0.9821694369821254,-3.8441913593817083
-0.9834194873016519,-3.8453705209679185
-0.9846700625308382,-3.8465491393260605
-0.9859212364269982,-3.847727119768536
-0.9871730527109754,-3.8489044492142335
-0.9884253119868751,-3.8500811478179466
-0.9896780343268733,-3.851257385499441
-0.9909314415379135,-3.8524330431477845
-0.9921854940654355,-3.8536079780534007
-0.9934400791034155,-3.8547823988147467
-0.9946952572517443,-3.8559561007276866
-0.9959509519783133,-3.8571293198884673
-0.9972073209397236,-3.8583018783797347
-0.998464095956239,-3.859473855055174
-0.99972143475939,-3.860645320551409
-1.0009794851310767,-3.8618161142440086
-1.0022379894334814,-3.862986265653287
-1.0034970800966487,-3.864155758843995
-1.0047567094402128,-3.865324734865437
-1.0060168859428702,-3.8664931596175887
-1.0072776679728452,-3.8676609653454213
-1.0085391144648301,-3.868828142723403
-1.009801090913451,-3.8699946595742114
-1.0110635610776513,-3.8711606286302107
-1.0123266007029557,-3.8723260151287966
-1.0135902556820298,-3.87349070126738
-1.0148543315959242,-3.874654896657569
-1.0161190327551295,-3.8758184299923384
-1.0173843613887175,-3.8769813156281936
-1.0186501447666272,-3.878143711824952
-1.0199165528280907,-3.879305431033583
-1.021183566940974,-3.880466517147838
-1.0224510571684422,-3.8816270879015
-1.023719196004099,-3.882787012877032
-1.024987864032984,-3.883946264780455
-1.0262570052226965,-3.885104955175974
-1.0275268138659022,-3.8862630728175684
-1.0287971961347746,-3.887420531452901
-1.0300680855984155,-3.8885774088660807
-1.0313395149536198,-3.8897337042503626
-1.0326115121929438,-3.8908893660449477
-1.0338841104815657,-3.892044452715785
-1.035157264298729,-3.893198872885398
-1.0364309234769236,-3.8943526986983272
-1.0377051489023412,-3.8955059451510303
-1.0389799797168648,-3.8966585526329194
-1.0402552530228646,-3.8978105393431766
-1.0415311429015177,-3.898962021168345
-1.0428075883509689,-3.900112911494247
-1.0440846677053426,-3.90126307130206
-1.045362185344775,-3.902412726055145
-1.0466403132762532,-3.9035616879869917
-1.0479189867355114,-3.9047099937793264
-1.0491982222229157,-3.905857743975792
-1.0504780746078144,-3.90700485804588
-1.0517583721902302,-3.908151278699813
-1.0530392043244192,-3.9092971912604164
-1.0543206420018953,-3.9104425119368296
-1.0556026798611289,-3.911587183234443
-1.0568852793375658,-3.9127312538369567
-1.0581683119181184,-3.9138747256414503
-1.0594519539064609,-3.915017569954141
-1.0607361535526556,-3.9161597774100816
-1.0620209108107683,-3.917301307337028
-1.0633061968016024,-3.918442329302516
-1.064592029783072,-3.9195827228036957
-1.0658784919536988,-3.9207225546651303
-1.067165446165587,-3.921861809799945
-1.0684530115819078,-3.923000381768291
-1.0697410846255522,-3.924138237519255
-1.071029663852762,-3.9252754434422616
-1.0723187859208927,-3.926412086696263
-1.0736084446287542,-3.9275480781606555
-1.0748986343130709,-3.92868364498261
-1.0761894892053077,-3.929818481987105
-1.0774808286417668,-3.9309526371920955
-1.0787727116896983,-3.9320862685328306
-1.0800651137391246,-3.9332193108543168
-1.081358134342647,-3.9343516762200426
-1.0826516787526166,-3.935483438280891
-1.0839457119809648,-3.936614466045807
-1.0852402732249924,-3.937745118608911
-1.086535540761021,-3.938875036792509
-1.0878312482332775,-3.9400042339953565
-1.089127474148426,-3.9411329055987876
-1.0904242713397583,-3.9422609412234406
-1.0917216362428108,-3.943388375478943
-1.0930194787563552,-3.9445152843459725
-1.0943179170222075,-3.945641495730863
-1.0956168746878245,-3.9467670341359984
-1.096916325079321,-3.9478918687381137
-1.098216323268337,-3.9490163106298155
-1.0995169636571978,-3.950140008921645
-1.1008181214481194,-3.951262991670358
-1.1021197604721142,-3.9523854471009736
-1.10342193095557,-3.9535072449107616
-1.1047246744489676,-3.9546284671263017
-1.1060278892865716,-3.9557490241475617
-1.1073317234748472,-3.9568690194835825
-1.1086361724102771,-3.9579883386826986
-1.1099411083526747,-3.9591071731195386
-1.1112466079181218,-3.9602252319776254
-1.1125525866199883,-3.9613425854816966
-1.1138590853959849,-3.9624594297870823
-1.1151661611253196,-3.9635756020582793
-1.1164738145562967,-3.964691210344738
-1.1177819456952733,-3.965806147044303
-1.1190906487857522,-3.966920491299115
-1.1203998717707788,-3.9680341766944465
-1.1217096378752205,-3.96914723720239
-1.123019946497608,-3.9702596405201738
-1.1243308381760801,-3.9713715539002967
-1.1256422119269498,-3.9724827011837327
-1.1269541018287532,-3.9735932567842616
-1.1282665658392363,-3.9747031716368912
-1.1295796161226075,-3.9758125682960577
-1.13089319756017,-3.976921202328323
-1.132207280739568,-3.9780292608278165
-1.1335218631169142,-3.9791366716659415
-1.1348370301264823,-3.980243453426745
-1.1361526705753788,-3.981349632814945
-1.1374689020287228,-3.982455161323236
-1.1387855636894975,-3.983559983941154
-1.1401026935287817,-3.9846644630637784
-1.141420600355613,-3.9857681609109163
-1.1427389665558982,-3.9868711061167046
-1.1440578184269667,-3.9879735289151803
-1.145377120790872,-3.989075439184578
-1.1466970744671452,-3.990176656652804
-1.148017498203729,-3.9912771837260346
-1.1493385211694702,-3.9923770037405255
-1.150659939868027,-3.9934760642152103
-1.1519818527388779,-3.994574725743775
-1.153304435284056,-3.9956726445684883
-1.154627491465201,-3.9967701230326247
-1.155951141468656,-3.997866901496746
-1.157275372280992,-3.9989629518426235
-1.1586000833708434,-4.000058234820497
-1.1599252845826342,-4.001152989739697
-1.1612509955075152,-4.002247088700536
-1.162577260469548,-4.003340681689044
-1.1639040339047393,-4.004433494694422
-1.165231279642953,-4.005525948770389
-1.166559193046129,-4.006617631698217
-1.167887616720192,-4.007708462042474
-1.1692164459548586,-4.00879892439516
-1.1705459473315318,-4.009888562541068
-1.1718758823448505,-4.010977767517805
-1.1732063351459416,-4.012066167587197
-1.1745373238731847,-4.013154038505934
-1.1758688212875628,-4.014241122918079
-1.177200783647062,-4.015327843910629
-1.1785334117807977,-4.016413806522798
-1.1798665553393506,-4.017498881787354
-1.1812000569807162,-4.018583699266966
-1.1825341640619844,-4.019667917813841
-1.183868889094678,-4.020751195186017
-1.185204013724755,-4.02183374830929
-1.1865396071479632,-4.022915923653697
-1.1878757240704267,-4.0239976023402315
-1.1892125612630364,-4.025078370062015
-1.1905498025101675,-4.02615840395003
-1.1918875102018889,-4.027238071412822
-1.1932258628435328,-4.02831692837691
-1.1945646663022425,-4.029394993782701
-1.195903882483722,-4.030472729858904
-1.1972437715184712,-4.0315497402114175
-1.19858416730503,-4.032625947818055
-1.1999249835183528,-4.0337018350880145
-1.2012664653630392,-4.0347769051301015
-1.202608399676265,-4.035851159401341
-1.2039507533201501,-4.036925085330404
-1.2052937714986154,-4.03799817819407
-1.2066372999452053,-4.039070486287429
-1.2079812051033274,-4.040142486247024
-1.209325800691069,-4.04121363740104
-1.2106708268626007,-4.042284053585618
-1.2120162734091673,-4.043354173333546
-1.213362425619857,-4.04442341625318
-1.2147089665286583,-4.045491862324737
-1.216055959415117,-4.046560003068044
-1.2174036696372834,-4.047627382231885
-1.2187518402501196,-4.048693902686798
-1.2201004038378787,-4.049760039293045
-1.2214495796286582,-4.050825433887172
-1.2227992485986179,-4.051890029707922
-1.2241492896317128,-4.052954301141538
-1.2255000092382748,-4.054017791377609
-1.2268512561200375,-4.055080513946498
-1.228202944830005,-4.056142779662761
-1.229555238650473,-4.057204340039511
-1.2309079616517629,-4.058265019489814
-1.2322611014008693,-4.059325363024411
-1.2336149090299076,-4.0603849938889
-1.2349692833552965,-4.061443688251676
-1.2363239509902975,-4.062502149844255
-1.2376792470386428,-4.063560015637041
-1.2390351501922188,-4.064616945518891
-1.2403914843692596,-4.065673026037636
-1.241748177297508,-4.066728812637686
-1.2431054948346443,-4.067784049120289
-1.2444633031880417,-4.068838592524131
-1.2458217037163382,-4.06989227494605
-1.2471805113129424,-4.070945198555484
-1.2485397412521966,-4.071997810574986
-1.2498996117674717,-4.0730496792951705
-1.2512599184449136,-4.074100899545884
-1.2526207256432151,-4.075151465423759
-1.2539820194577738,-4.076201390407442
-1.255343863386559,-4.077250551748798
-1.256706193497264,-4.078298783449998
-1.2580689212022913,-4.079346750761686
-1.2594322290257607,-4.080394206552481
-1.2607962239085033,-4.081440740161954
-1.2621605946946233,-4.082486417053558
-1.2635254083268226,-4.08353177588983
-1.264890821333812,-4.084576598821584
-1.2662567192646472,-4.085620744233127
-1.267623139916304,-4.086664063193108
-1.2689899741590784,-4.087706750485947
-1.2703573053816988,-4.088748843696954
-1.2717251611261573,-4.089790186133115
-1.2730934684838753,-4.090830963584208
-1.2744623438701517,-4.091871092385382
-1.2758316988582403,-4.092910460514142
-1.2772014858338425,-4.093949055525253
-1.2785717606726097,-4.094987315665493
-1.2799426658118498,-4.096024867253985
-1.2813140393360452,-4.097061795533936
-1.2826859969852205,-4.098097753979469
-1.2840582976860908,-4.099132834746738
-1.2854310415632844,-4.1001676162347955
-1.2868043502504465,-4.101202080006178
-1.2881783214732683,-4.102235732590461
-1.2895527143367498,-4.103268730336702
-1.2909276462639871,-4.104300887093871
-1.292303044939167,-4.105332054534554
-1.2936787967956085,-4.106362946047911
-1.2950551246952005,-4.107393281355366
-1.2964319698395346,-4.108423050825674
-1.2978093381390186,-4.109452055448452
-1.2991871444295002,-4.110480415641138
-1.3005654638092488,-4.11150803045888
-1.3019442216364614,-4.112534935828661
-1.303323444049064,-4.113561304526151
-1.304703213940501,-4.114586938154727
-1.3060834363423812,-4.115611902700868
-1.3074641573586945,-4.116636074680631
-1.3088453224743137,-4.117659850887747
-1.310227123896535,-4.1186828326986396
-1.311609371103688,-4.11970507448853
-1.3129920659859597,-4.120726800619126
-1.3143752876716595,-4.1217478370108624
-1.3157590119024591,-4.12276815968163
-1.3171431609807223,-4.123787727295121
-1.3185278073423943,-4.124806768527018
-1.3199129447230962,-4.125825315838433
-1.3212986984925295,-4.1268427520536095
-1.322684880665931,-4.127859331635411
-1.324071435751249,-4.128875769505861
-1.3254586287525643,-4.129891588144862
-1.3268464145635461,-4.130906747802318
-1.328234678360201,-4.131921177832576
-1.329623344745775,-4.132934948663963
-1.3310124659241538,-4.13394805301526
-1.3324020761825595,-4.134960427519411
-1.333792057540918,-4.135972208841308
-1.3351825238973283,-4.13698326366726
-1.3365735245805759,-4.137993710939407
-1.3379650799980325,-4.139003380922475
-1.339356997897678,-4.140012507619486
-1.340749408300963,-4.141020929319449
-1.3421423599956155,-4.142028730077298
-1.343535873924882,-4.143035749980455
-1.3449297611509738,-4.1440422032033135
-1.346324151597712,-4.145047933401965
-1.347719023366632,-4.146052964494531
-1.349114374472886,-4.147057328250545
-1.3505102157817426,-4.1480610888118346
-1.351906616176273,-4.149064143576357
-1.3533034145099367,-4.1500666128458015
-1.3547007129984963,-4.1510683356265545
-1.3560984567605385,-4.152069410857988
-1.3574967523309047,-4.153069787535416
-1.3588954794757544,-4.154069585468878
-1.3602947339349754,-4.155068625762973
-1.3616944704015603,-4.156067010299319
-1.3630946640673596,-4.15706470778646
-1.3644952647447761,-4.158061744454385
-1.3658964036024415,-4.159058097801765
-1.367297984914166,-4.160053877741462
-1.368700099909645,-4.161048895944658
-1.3701026898231596,-4.16204326056426
-1.3715057034190403,-4.163036951685781
-1.3729092438835186,-4.164029947522983
-1.374313210457554,-4.165022367482058
-1.3757176911155433,-4.166014026436601
-1.3771226077731713,-4.167005048433823
-1.3785280676856517,-4.167995370033736
-1.3799339759904297,-4.168985124538897
-1.3813404124793394,-4.169974067692269
-1.3827472450345994,-4.170962377610604
-1.3841546093747188,-4.171949993174167
-1.3855624006541318,-4.17293702191872
-1.3869707070755384,-4.173923286475889
-1.3883794652335417,-4.17490891204208
-1.3897887250679335,-4.17589389808383
-1.391198523345404,-4.176878104693817
-1.392608706330953,-4.177861726699878
-1.3940193788308586,-4.178844565658031
-1.3954305056954186,-4.179826845516127
-1.3968421161134246,-4.1808084154960365
-1.3982542116954766,-4.1817893418340395
-1.3996667905101063,-4.182769540202358
-1.4010798470159647,-4.183749097857221
-1.402493374068717,-4.184727968305851
-1.4039073976206877,-4.1857060785487095
-1.405321808055024,-4.1866836282253255
-1.406736751342013,-4.187660422046865
-1.4081521536004367,-4.18863657741573
-1.40956799284646,-4.189612047558707
-1.4109843123482693,-4.190586889748411
-1.4124011768144946,-4.191560961655834
-1.4138184360910506,-4.192534447749818
-1.415236219318754,-4.193507177666426
-1.41665448176179,-4.194479249200011
-1.4180731663278392,-4.195450639818126
-1.4194923243319824,-4.196421381397693
-1.4209119616636263,-4.197391434483556
-1.4223320830466644,-4.198360752662509
-1.4237526252069024,-4.199329458965045
-1.425173672844021,-4.20029739370382
-1.4265951138402182,-4.201264768296723
-1.428017087889582,-4.202231383836301
-1.4294394803505137,-4.203197428514922
-1.4308624195955295,-4.204162632950467
-1.4322857173896122,-4.205127298849462
-1.4337095230928212,-4.206091218244114
-1.4351337914834406,-4.207054493660781
-1.4365585712718558,-4.208017112463693
-1.4379838336681419,-4.208978977016031
-1.4394095298499607,-4.209940141470377
-1.4408356729103504,-4.210900655908719
-1.4422622842382709,-4.211860481958422
-1.4436893597077451,-4.212819626279259
-1.4451169013521388,-4.213778083014254
-1.4465448666971277,-4.214735873152147
-1.447973331844511,-4.215692976218335
-1.44940227072662,-4.216649384277091
-1.4508316468378415,-4.217605104477437
-1.452261522107604,-4.218560070231385
-1.453691811143186,-4.219514462750055
-1.455122582897091,-4.22046813510267
-1.456553805813059,-4.2214211117705815
-1.4579854719343202,-4.222373410870928
-1.4594176473712401,-4.223324956264737
-1.460850240745455,-4.224275925301403
-1.4622833177434373,-4.225226169435224
-1.4637168457477017,-4.2261757151664545
-1.4651508194808935,-4.227124582971737
-1.4665852433090665,-4.228072770366179
-1.4680201116941165,-4.229020236057148
-1.4694554879361474,-4.229966992641971
-1.4708912980926008,-4.230913170202721
-1.4723275952265709,-4.231858604498274
-1.4737643350086684,-4.232803333658332
-1.475201514413107,-4.233747384594754
-1.4766391450142085,-4.234690753253096
-1.4780772309602135,-4.235633433116962
-1.4795157713806024,-4.236575422874567
-1.4809547656522555,-4.23751672360889
-1.482394214116376,-4.238457335534548
-1.4838341168412446,-4.239397257773025
-1.485274473391275,-4.240336489633658
-1.486715283385478,-4.241275030936569
-1.488156546723053,-4.2422128815103655
-1.4895982633391633,-4.243150040942041
-1.4910404330549816,-4.244086508757993
-1.4924830555906055,-4.2450222839270735
-1.4939261170928873,-4.245957371687402
-1.4953696182958423,-4.246891776204316
-1.4968135665833697,-4.247825494485389
-1.4982579855430216,-4.248758478848654
-1.4997028501483347,-4.249690795540288
-1.5011481449333792,-4.2506224372276105
-1.5025938542448665,-4.25155340013844
-1.5040400572740176,-4.252483715155673
-1.5054867564982586,-4.253413296113911
-1.5069338917361141,-4.254342151445382
-1.5083814499232733,-4.255270309805842
-1.509829444748809,-4.2561977791758006
-1.5112778889143936,-4.257124556332049
-1.5127267865602692,-4.258050635817748
-1.5141761314371311,-4.258976019304401
-1.5156259241154144,-4.2599007069864046
-1.517076134650953,-4.260824667913161
-1.5185268052499517,-4.26174792722733
-1.5199778882598762,-4.262670625168543
-1.5214295087549579,-4.263592507057665
-1.5228815375395814,-4.264513784927056
-1.5243340301612724,-4.2654342837963615
-1.5257869030301427,-4.266354107083574
-1.5272402306380024,-4.267273283972488
-1.5286940273951162,-4.268191746910492
-1.5301482544120644,-4.26910949463882
-1.5316029440689847,-4.270026486042419
-1.5330580329687211,-4.270942841060115
-1.5345135530716776,-4.271858508074554
-1.5359694898505905,-4.272773504097219
-1.5374259251170352,-4.273687842869439
-1.5388828489189745,-4.274601433751483
-1.5403401985028529,-4.275514287197385
-1.5417979631413454,-4.276426433882538
-1.5432561598689636,-4.277337879007719
-1.5447148120159624,-4.2782485632894485
-1.546173848021124,-4.279158683753662
-1.5476333630302839,-4.280068071750655
-1.5490933254817454,-4.2809767371787535
-1.5505537231675186,-4.281884695963981
-1.5520145277908468,-4.282791922064604
-1.5534757694802657,-4.2836984438729715
-1.5549374026221896,-4.284604414236426
-1.5563995454408566,-4.28550956330561
-1.5578620678051882,-4.286414138404891
-1.5593250992336598,-4.287317914838035
-1.560788512763445,-4.288221078954214
-1.562252392932662,-4.289123444805776
-1.5637166847376212,-4.290025200250784
-1.5651814674808926,-4.290926131076226
-1.5666466319510761,-4.291826462265328
-1.5681122479125005,-4.292726044996649
-1.5695782904645992,-4.293624897993293
-1.571044758923322,-4.294523043348594
-1.5725116657547602,-4.295420482113351
-1.5739790180902251,-4.296317202858727
-1.5754468045923633,-4.297213177321664
-1.576914989997488,-4.2981085264942465
-1.5783836256878034,-4.299003160014408
-1.5798526266582855,-4.299897191075888
-1.5813221091144476,-4.30079036912156
-1.582791959555233,-4.301683021324962
-1.5842623277904897,-4.302574868444675
-1.5857330820366564,-4.303466109386276
-1.5872043247671024,-4.304356476889522
-1.5886759278432598,-4.305246290109495
-1.590148026287428,-4.306135271696826
-1.591620500403938,-4.3070236571341844
-1.5930934726374195,-4.307911213029247
-1.594566836253883,-4.308798154830148
-1.596040633794751,-4.309684277185278
-1.5975147619316084,-4.3105698263163355
-1.5989893698720907,-4.311454566383227
-1.6004643638148535,-4.3123387428380475
-1.6019398568333099,-4.3132220844241065
-1.6034157230967743,-4.314104840806811
-1.6048920722338722,-4.314986762366673
-1.6063687903603519,-4.315868099757005
-1.607845995169646,-4.3167486040194705
-1.6093235788986733,-4.317628514828799
-1.6108016340796294,-4.318507620485468
-1.6122801051062465,-4.319386013583631
-1.6137589198001785,-4.320263773082243
-1.6152381816218486,-4.3211407325591
-1.6167178183037636,-4.322017117842403
-1.6181979346324338,-4.322892706679451
-1.6196785101314677,-4.323767610028846
-1.621159461819968,-4.324641872656918
-1.6226409032063194,-4.325515238399328
-1.6241226845829146,-4.326388012992511
-1.625604930668956,-4.327260089409754
-1.6270876187419152,-4.3281313379588155
-1.628570636634557,-4.329002004658252
-1.630054136017214,-4.329871857454007
-1.631538033847622,-4.33074112775345
-1.6330224008276226,-4.331609628909267
-1.634507196223415,-4.332477363897868
-1.6359923766237692,-4.333344342484383
-1.6374779206522625,-4.334210715416715
-1.6389639586495648,-4.335076280933043
-1.6404503678416715,-4.33594121491557
-1.641937210370461,-4.336805428403251
-1.6434244726710905,-4.337668922951938
-1.6449121584937225,-4.338531713400559
-1.646400275563082,-4.339393774584549
-1.6478887357824514,-4.3402551899418285
-1.6493776430726634,-4.3411158063869735
-1.650866985941201,-4.341975732233338
-1.6523567001467467,-4.342835035731648
-1.6538468748330446,-4.34369348959147
-1.655337434169414,-4.344551363043231
-1.6568284727207447,-4.345408419969147
-1.658319928376721,-4.34626474776832
-1.6598117692810224,-4.347120349346948
-1.6613039359237538,-4.347975305484732
-1.6627965513494831,-4.348829462947444
-1.6642896160979552,-4.3496829521000056
-1.6657830489532008,-4.350535785726484
-1.6672769231954816,-4.3513877893137645
-1.668771239472628,-4.35223911311888
-1.67026592043358,-4.353089769052485
-1.6717610364989104,-4.353939563587046
-1.6732565933873618,-4.354788638668486
-1.6747525998083566,-4.355636843955936
-1.6762490056843642,-4.356484307134073
-1.6777458265035192,-4.357331086433283
-1.679243078150639,-4.35817747705224
-1.6807408441951113,-4.359023014025389
-1.6822389842535637,-4.359867777991635
-1.6837375318280765,-4.360711667852916
-1.6852364173577576,-4.361555156177674
-1.686735813170611,-4.362397603930895
-1.688235550279618,-4.363239641533187
-1.6897358002462435,-4.364080833210522
-1.6912364439946748,-4.364921203386185
-1.69273742444848,-4.365760944556367
-1.6942387758095174,-4.366599961278981
-1.6957405863605293,-4.367438116247517
-1.6972428080909177,-4.368275658117902
-1.6987454564001871,-4.369112647168521
-1.7002485525151132,-4.369948876346838
-1.7017520346578998,-4.370784160098754
-1.7032558319518147,-4.371618972531606
-1.7047601173952602,-4.372452698485194
-1.7062646933631147,-4.373285923256752
-1.7077697369884062,-4.374118399106462
-1.7092751655847933,-4.3749502297324385
-1.7107810045301297,-4.375781636086312
-1.7122873610452674,-4.376611993588108
-1.7137940053539504,-4.377441637507894
-1.7153010464455907,-4.378270485383233
-1.7168084382994773,-4.379098724712124
-1.7183162745189355,-4.379926209562252
-1.71982446742841,-4.380752990056901
-1.721333109549101,-4.381578953087269
-1.7228421145931025,-4.382404312566949
-1.7243515542174532,-4.383229036654824
-1.725861424403713,-4.38405294074518
-1.727371610469971,-4.384876246896192
-1.7288821954342584,-4.385698592833003
-1.730393183298503,-4.3865204609541655
-1.7319046402144078,-4.387341297525188
-1.733416414480493,-4.3881615287726605
-1.7349285971252504,-4.388981294594702
-1.736441174093444,-4.389800184903907
-1.7379541241359013,-4.3906181075520685
-1.7394673865106554,-4.391435674379828
-1.7409811347810795,-4.392252194547152
-1.7424951815468845,-4.393068406324134
-1.7440097483389223,-4.393883655097949
-1.7455247095721838,-4.3946980612175155
-1.7470399673731354,-4.395511764417646
-1.748555633091133,-4.396324764422095
-1.750071751364568,-4.397136959667194
-1.7515882823948015,-4.397948439820253
-1.7531051526518542,-4.39875927177289
-1.7546224277528426,-4.399569500614726
-1.7561401211237868,-4.400378993234034
-1.7576582194678698,-4.401187688677936
-1.7591766758441663,-4.4019955592382685
-1.7606954678300293,-4.40280292528952
-1.762214692273828,-4.403609288826825
-1.76373421900121,-4.404415098850008
-1.7652542047131212,-4.405219982945851
-1.766774517000231,-4.406024423482235
-1.768295317308312,-4.406828081730559
-1.7698164438389776,-4.4076308859649425
-1.7713379576291424,-4.408433169738387
-1.7728599115154675,-4.4092344032371305
-1.7743821940478053,-4.410034924846789
-1.775904802204969,-4.410834823651924
-1.7774278649156843,-4.411634120948186
-1.7789513234198153,-4.41243262474539
-1.7804751997922963,-4.413230252370636
-1.7819994332566942,-4.4140271840752385
-1.7835240483865107,-4.414823522887677
-1.7850490162386021,-4.415619333029101
-1.786574413615302,-4.416414072360753
-1.788100159412334,-4.4172083195419205
-1.789626341977155,-4.418001735666485
-1.7911528091875881,-4.418794287855864
-1.7926796488367351,-4.4195862940277735
-1.7942068814502405,-4.420377495659558
-1.795734524361936,-4.421167826734117
-1.7972624788914844,-4.421957559369433
-1.7987908523100695,-4.422746698741983
-1.8003196265224615,-4.423534822348136
-1.8018487208045477,-4.4243222775638635
-1.8033782499132203,-4.425109115656052
-1.804908168384727,-4.425895151953492
-1.8064384456940723,-4.42668054677878
-1.8079691164731342,-4.427465338241486
-1.8095002116288998,-4.428249184289011
-1.811031635727748,-4.429032138500286
-1.8125633327642157,-4.429814584813814
-1.8140954745556197,-4.430596267457248
-1.8156280078433626,-4.431377122120809
-1.8171608931555303,-4.432157524834649
-1.8186942554098648,-4.432936906864705
-1.8202279238968107,-4.433715698644548
-1.8217619424860925,-4.434493652265819
-1.823296308829752,-4.435270990770322
-1.8248310752382604,-4.436047527702913
-1.8263662343569853,-4.436823454393503
-1.8279017884634063,-4.437598434826572
-1.8294376949990423,-4.438372657349416
-1.830973916620091,-4.4391462058860744
-1.8325105254607394,-4.439919148283301
-1.8340474824259272,-4.440691375829314
-1.835584859430861,-4.441462855670191
-1.8371225921714902,-4.442233360356245
-1.8386606348659942,-4.443003408902457
-1.8401991118302723,-4.4437725070826435
-1.8417379400957419,-4.444540962323007
-1.8432771173429998,-4.445308899746713
-1.8448167425116322,-4.446075637850886
-1.8463566668126858,-4.446841760326734
-1.8478969574960271,-4.44760741080661
-1.8494376888507942,-4.448372294819151
-1.8509787482812399,-4.449136202494698
-1.852520128869525,-4.44989933324143
-1.854061905947813,-4.450661768509752
-1.8556040587900813,-4.451423461109999
-1.8571465961284075,-4.452184414353576
-1.8586894638729101,-4.452944736180311
-1.860232754448623,-4.453704518476924
-1.8617764696417547,-4.454463541080582
-1.8633205466939604,-4.4552215519786955
-1.8648648920699906,-4.455978828430253
-1.866409586177506,-4.456735479946855
-1.8679546413397656,-4.457491563662396
-1.8695001099530624,-4.458246698338439
-1.8710458889443464,-4.459001284951837
-1.872592065391921,-4.459754772134178
-1.8741385258554237,-4.460507702909099
-1.8756853677613408,-4.461259780700779
-1.8772325303642998,-4.462011259147407
-1.8787801375949669,-4.462761872442514
-1.8803281162420422,-4.463511785793188
-1.881876439111109,-4.4642610833106655
-1.8834251601830587,-4.465009533839661
-1.8849742182900964,-4.465757444849483
-1.8865236434750747,-4.466504322184033
-1.8880733882837069,-4.467250702641589
-1.8896234918980928,-4.467996287649923
-1.8911739646758874,-4.468741054012888
-1.892724771983663,-4.469485294809402
-1.8942759808030791,-4.470228498843137
-1.8958274681512983,-4.470971014544051
-1.897379310195509,-4.471713021028419
-1.8989315850690287,-4.4724540242363675
-1.9004841521238731,-4.473194253828907
-1.9020370547873777,-4.473933761946029
-1.903590297751977,-4.474672632227266
-1.9051439630209954,-4.475410931563094
-1.9066980210598647,-4.476148156059244
-1.9082523903288473,-4.476884623579517
-1.909807081831593,-4.477620738670009
-1.9113622247740525,-4.478356007672581
-1.912917669008238,-4.479090372063998
-1.9144734224281992,-4.4798240262136595
-1.9160295129435057,-4.480556925329452
-1.917585929932419,-4.481289073670848
-1.919142704069496,-4.482020296436048
-1.9206998027884297,-4.482750875038313
-1.9222572884429374,-4.483480892385163
-1.923815172809192,-4.484210138921964
-1.9253734219700505,-4.484938559335024
-1.9269319837037768,-4.485666248887862
-1.9284908915103742,-4.486392974376828
-1.930050099425754,-4.48711932923818
-1.9316097426094685,-4.487844759388545
-1.9331697179759013,-4.488569376005166
-1.93473002694964,-4.489293483139348
-1.9362907006161048,-4.490016713601492
-1.9378516833015063,-4.4907389449557495
-1.9394129465662162,-4.49146084418693
-1.9409746505582959,-4.492181794759125
-1.942536668041278,-4.492902130396379
-1.9440990428752736,-4.493621457783829
-1.945661729584426,-4.494340009626255
-1.9472247490769363,-4.495058140968467
-1.9487882246191992,-4.4957751882603825
-1.9503520073381555,-4.4964915384018465
-1.9519161409828865,-4.497207317883579
-1.9534806186932014,-4.497922364844634
-1.955045460669849,-4.498636877629626
-1.9566106641099563,-4.499350261749706
-1.9581761135909597,-4.50006294292726
-1.959741910480529,-4.50077478040877
-1.961308038100991,-4.501486062766671
-1.9628745139781558,-4.502196455645199
-1.964441326038084,-4.502906264227446
-1.9660085241647585,-4.503615313081028
-1.9675760739000179,-4.504323523507659
-1.9691439622043105,-4.505031030426114
-1.970712165616321,-4.50573760002368
-1.972280675955758,-4.506443594121987
-1.97384954419294,-4.507148995250141
-1.9754187386513966,-4.507853480815468
-1.976988252230187,-4.508557198561978
-1.9785580702191128,-4.509260042328012
-1.9801282219278695,-4.5099623456044435
-1.9816988219062799,-4.510663864649828
-1.9832697393326644,-4.511364547416467
-1.9848409306972796,-4.512064526204111
-1.9864124914131545,-4.512763827604147
-1.987984428784039,-4.51346230687315
-1.9895566543227523,-4.514159889008449
-1.9911291763495067,-4.514856697365465
-1.9927020366879566,-4.5155529784007555
-1.994275295314626,-4.516248598011221
-1.9958488988801493,-4.516943105463045
-1.9974227586289053,-4.517637161002928
-1.9989970118939961,-4.518330482641223
-2.0005716053466194,-4.519022836344213
-2.0021464826413107,-4.519714318513424
-2.0037216433771827,-4.520405377019909
-2.0052972157503537,-4.521095614177417
-2.0068731044174544,-4.5217851181961715
-2.0084493376046586,-4.522473630375105
-2.0100258293974447,-4.523161559615607
-2.0116027352471963,-4.523848927125895
-2.013179981149205,-4.5245353952976135
-2.014757563241314,-4.525221049765735
-2.0163354113824994,-4.525905885929493
-2.0179135581408234,-4.526590072894354
-2.0194920423673404,-4.527273345707391
-2.021070823943475,-4.5279558947576
-2.022649942127151,-4.52863771825415
-2.0242294238743757,-4.529319039643968
-2.0258092838399393,-4.529999203912506
-2.0273894075306007,-4.5306789518079125
-2.028969947174219,-4.53135788642327
-2.030550785840119,-4.532035917957345
-2.032131914711787,-4.532713211065372
-2.033713346170584,-4.533389821912668
-2.0352950957366875,-4.534065549721156
-2.036877152737154,-4.534740630639716
-2.0384595980890334,-4.535414940651851
-2.040042375103412,-4.536088391457826
-2.041625429399934,-4.53676117084694
-2.0432088252674996,-4.537433130302354
-2.044792540596787,-4.538104463414272
-2.046376608677849,-4.538775115456875
-2.0479610109214677,-4.539444883600049
-2.049545683115577,-4.540113911781911
-2.0511306813638743,-4.540782051582064
-2.0527159632405665,-4.5414496182441395
-2.0543015874385073,-4.54211626176559
-2.0558874990106983,-4.542782251783455
-2.0574738041342613,-4.543447552006381
-2.059060408203735,-4.544111842138977
-2.060647304372672,-4.544775528045736
-2.0622345462899943,-4.545438467513262
-2.0638221083932664,-4.546100582757125
-2.0654099885262474,-4.5467621439163715
-2.066998159937709,-4.547422686349539
-2.0685866258936825,-4.5480825208603175
-2.0701754175755473,-4.548741618696077
-2.0717645520597494,-4.549400235352969
-2.073354037804357,-4.5500577051617705
-2.074943750915466,-4.550714534830687
-2.0765338390794215,-4.551370730943079
-2.0781242303991356,-4.552025983802835
-2.0797149225455254,-4.552680480976685
-2.0813059459399232,-4.553334439037712
-2.082897279937611,-4.553987355227664
-2.084488858199474,-4.554639554933366
-2.0860807688766485,-4.555291040596067
-2.0876730516282667,-4.555942001484475
-2.0892656475550644,-4.556591889580267
-2.090858532334005,-4.557241057227999
-2.092451756749509,-4.557889598440573
-2.0940452796074602,-4.558537183779067
-2.0956390909885947,-4.5591840868903235
-2.097233216488967,-4.559830294700677
-2.0988276713461222,-4.560475907522539
-2.100422439592395,-4.561120477358595
-2.1020174910163103,-4.561764477396881
-2.103612826965083,-4.562407560176272
-2.1052085037792074,-4.563049830588458
-2.106804470176489,-4.563691407157866
-2.108400718839068,-4.564332279636894
-2.10999730127602,-4.564972505385472
-2.111594182437728,-4.5656117355536665
-2.1131913784770235,-4.566250476679935
-2.1147889081536326,-4.5668880440353155
-2.1163866753597675,-4.567525058610831
-2.117984775014302,-4.568161252644384
-2.119583161605772,-4.568796657660529
-2.1211818744424757,-4.5694314181363085
-2.1227809341144392,-4.570065364893077
-2.1243802986478784,-4.570698496233463
-2.1259799646841904,-4.571331086166957
-2.1275799445376347,-4.571962623879089
-2.1291801725992077,-4.572593585923614
-2.130780706946805,-4.573223550520858
-2.1323815075167794,-4.573852930398918
-2.133982652067292,-4.57448149334831
-2.135584131108894,-4.5751095276973865
-2.1371859185317685,-4.5757365347756185
-2.1387879490232944,-4.576362735819243
-2.1403902860084134,-4.5769884512064225
-2.141992935862917,-4.577613139303447
-2.1435958407128277,-4.578237203827125
-2.1451990803408414,-4.578860300556894
-2.146802596783094,-4.57948278352413
-2.1484064326677985,-4.5801043948811895
-2.1500105979494717,-4.580725477648308
-2.151615050512676,-4.581345633894404
-2.153219737641182,-4.581964953254614
-2.1548247284821427,-4.582583593793881
-2.156430039705021,-4.5832014308547935
-2.1580356469873285,-4.583818546814963
-2.159641554716393,-4.584434761768512
-2.1612477088957527,-4.585050189663684
-2.1628541867449433,-4.585664960880857
-2.164460986349715,-4.586279001251291
-2.16606809808503,-4.586892205313036
-2.1676755090720268,-4.587504632879679
-2.1692832094340906,-4.58811627986474
-2.1708912156795703,-4.588727295983752
-2.1724995150064768,-4.589337504110527
-2.174108098351897,-4.5899468646559995
-2.1757169427393652,-4.590555436026851
-2.1773260471830778,-4.591163265613256
-2.178935469839308,-4.591770337194963
-2.1805451695949,-4.592376566768882
-2.1821551772349546,-4.592982164965959
-2.183765478820165,-4.593586930220351
-2.185376066323636,-4.5941909629244115
-2.186986957658337,-4.594794186305399
-2.1885981009756623,-4.595396573982872
-2.190209570249727,-4.595998247031418
-2.191821305739416,-4.596599100247375
-2.1934333156693504,-4.597199212690239
-2.1950456319712552,-4.597798594628192
-2.196658219024912,-4.598397131175311
-2.1982711304870377,-4.598994962092071
-2.19988435428243,-4.5995919684979345
-2.201497842740522,-4.6001882646152294
-2.203111586492583,-4.600783856572776
-2.20472563907678,-4.601378500058504
-2.2063399499428433,-4.601972487550324
-2.2079545645242655,-4.602565522527906
-2.2095694312933603,-4.603157947693057
-2.2111846047094152,-4.603749524871743
-2.212800054268347,-4.604340372828278
-2.2144157959838395,-4.6049304887588045
-2.2160318478713443,-4.605519674507774
-2.217648162201228,-4.606108190207735
-2.2192647572915236,-4.606696012049242
-2.22088167216053,-4.607283086846482
-2.2224988440682822,-4.607869281013658
-2.2241162603772766,-4.608454758494952
-2.2257339608413016,-4.609039373099029
-2.227351964310451,-4.609623296114987
-2.2289702371289866,-4.610206512417621
-2.2305887896627263,-4.610788705065268
-2.232207572393532,-4.61137022613817
-2.233826657161213,-4.611951003053046
-2.235446026622836,-4.6125310233911945
-2.2370657057825314,-4.613110257610502
-2.2386856554724863,-4.613688818661065
-2.240305882903667,-4.614266491371528
-2.2419264166336648,-4.6148433276976215
-2.243547173717911,-4.615419401587167
-2.2451681997101134,-4.615994788265293
-2.2467895320914737,-4.616569472190802
-2.2484111356239413,-4.6171432265162995
-2.250032999936289,-4.617716249103337
-2.251655119309236,-4.618288527009124
-2.2532775455470655,-4.618860178608446
-2.254900247734223,-4.6194307421016685
-2.2565231695678323,-4.6200006139387755
-2.2581463827681745,-4.620569716087051
-2.2597698893028637,-4.621138171592131
-2.2613937028911666,-4.621705899806714
-2.2630177577457227,-4.622272550983198
-2.264642029813667,-4.622838539961327
-2.2662666124720228,-4.623403846972571
-2.267891505226786,-4.623968394139092
-2.2695166776872826,-4.6245321035576845
-2.2711420879018975,-4.625095029935528
-2.272767788090957,-4.625657291155782
-2.2743937105698446,-4.626218600267923
-2.276019920248787,-4.626779169618893
-2.2776463807851477,-4.627338856846539
-2.279273097599569,-4.627897899346937
-2.280900098199074,-4.6284561806232825
-2.282527402239048,-4.629013755122991
-2.2841549802064147,-4.6295705242084715
-2.285782781765703,-4.630126401404444
-2.287410834249564,-4.630681630664798
-2.2890391814854425,-4.631235966863329
-2.290667819779944,-4.631789631269056
-2.292296667725754,-4.632342351736005
-2.2939257796856114,-4.632894453001121
-2.2955551771245415,-4.633445663667017
-2.2971848176110305,-4.633996206475359
-2.2988147510674226,-4.634545722292283
-2.300444970607421,-4.635094602533625
-2.302075447014876,-4.635642554756488
-2.3037062112930906,-4.636189792487708
-2.305337252877095,-4.636736037538496
-2.30696848167008,-4.63728156761922
-2.308600000783814,-4.637826346158429
-2.310231853272049,-4.638370158363813
-2.311863896427019,-4.638913177979684
-2.3134960366913653,-4.639455533377691
-2.3151285792093406,-4.639996997295457
-2.3167614843323454,-4.640537302045592
-2.31839438535125,-4.641077219229501
-2.3200273888902396,-4.641616444643318
-2.3216609046554524,-4.642154592781719
-2.323294776223635,-4.642691783324532
-2.3249286819736783,-4.6432282679946795
-2.3265627246837544,-4.643764103019517
-2.328197134125478,-4.644298893971445
-2.329831828954114,-4.644832819797632
-2.3314666986612425,-4.645366045546308
-2.333101854382509,-4.645898523990725
-2.3347371819727276,-4.646429949335996
-2.33637269701353,-4.646960703861303
-2.3380084369184235,-4.647490644045084
-2.3396443983932573,-4.64801973017066
-2.3412806251880554,-4.648548044876297
-2.3429170763781886,-4.649075549567034
-2.344553731195969,-4.649602249210435
-2.346190628321957,-4.6501281376438275
-2.347827742951124,-4.650653333030325
-2.3494650838198594,-4.6511776327672445
-2.3511026965498605,-4.6517010939648396
-2.352740522551259,-4.6522238158099585
-2.3543786335383277,-4.652745724080409
-2.356016996450225,-4.653266787124737
-2.3576555484210298,-4.653787141743834
-2.3592943773352237,-4.654306708412196
-2.360933416055833,-4.654825500051731
-2.3625726853020965,-4.655343450420059
-2.364212208151413,-4.655860568753202
-2.3658519509090867,-4.656376902183657
-2.3674919141541872,-4.65689247872872
-2.3691321443549684,-4.657407285102277
-2.3707726300160856,-4.657921315507775
-2.3724133567214976,-4.658434526585311
-2.3740543207032476,-4.658946983924771
-2.3756955187012427,-4.659458632581284
-2.3773369372875237,-4.6599693754941995
-2.378978567292929,-4.660479369168319
-2.380620431660581,-4.660988562069613
-2.382262593296819,-4.661496995972253
-2.3839050042733536,-4.6620046520120075
-2.385547607368927,-4.662511418717906
-2.387190452639021,-4.66301745664357
-2.388833559543353,-4.663522744850625
-2.390476903862217,-4.664027128873103
-2.392120449308905,-4.664530808732516
-2.3937642380633717,-4.665033670252941
-2.395408269722309,-4.665535674368073
-2.3970525549853967,-4.666036987707079
-2.398697084598748,-4.666537487799037
-2.4003418415028683,-4.667037176722215
-2.401986788741862,-4.667536034945952
-2.4036319925555656,-4.668034080635602
-2.4052774258286087,-4.668531430629842
-2.4069230995978153,-4.669027957874733
-2.4085690149987475,-4.669523676897602
-2.4102151714363678,-4.670018384697356
-2.4118616083604962,-4.6705123129580715
-2.4135082891972153,-4.671005279465944
-2.4151551948307715,-4.671497193628546
-2.416802249802096,-4.671988530745243
-2.418449548487195,-4.672478948611743
-2.420097063961417,-4.6729687261986825
-2.421744787526517,-4.673457800631904
-2.4233927612555095,-4.6739456881594625
-2.425040961980331,-4.674432675840818
-2.426689350808604,-4.6749190811372054
-2.4283380538386927,-4.675404545780339
-2.42998690698925,-4.675889102417131
-2.431635994389744,-4.676372673701541
-2.4332853087383963,-4.676855350595326
-2.434934865019168,-4.677337308137884
-2.4365846560006696,-4.677818262347757
-2.4382346674454087,-4.6782983859331235
-2.4398848587832704,-4.678777622551708
-2.4415352608010217,-4.679256101587288
-2.4431858690427015,-4.6797338127235
-2.4448366961273424,-4.680210780321093
-2.4464876599785352,-4.680687062592842
-2.448138857894886,-4.681162363065511
-2.449790337174141,-4.681636878045683
-2.451441974499539,-4.682110840513571
-2.4530938059258007,-4.682583748085771
-2.454745875820934,-4.683055988487763
-2.456398148855907,-4.6835274724879365
-2.458050625486565,-4.683998122898471
-2.459703281435356,-4.6844680624126624
-2.4613562159846705,-4.684937227752285
-2.4630093666247634,-4.685405626295435
-2.4646627098697445,-4.685873083776707
-2.4663162675588097,-4.686339862405572
-2.467970059904644,-4.686805817080518
-2.469624074127167,-4.687270907422416
-2.4712782855109987,-4.687735157333322
-2.47293272056405,-4.6881986423794135
-2.4745874351701302,-4.688661226241366
-2.476242339942447,-4.689123086731914
-2.477897420792904,-4.689584120720894
-2.479552646109449,-4.6900444031643085
-2.4812081871997695,-4.690503653794534
-2.482863911501121,-4.690962263402957
-2.484519866940417,-4.691419950780273
-2.486175989114307,-4.6918770558646985
-2.4878323131524,-4.692333127221924
-2.4894888135740483,-4.6927887090711975
-2.4911456415936915,-4.693242799240556
-2.492803095699518,-4.693693728023966
-2.494461026523037,-4.694141666256758
-2.4961201245777698,-4.694581224429355
-2.497779000074962,-4.695016311937132
-2.4994369188144177,-4.695451756302411
-2.501093966074031,-4.6958868358152115
-2.502750367903565,-4.696320912761415
-2.5044063039266815,-4.696754166925527
-2.506061871837361,-4.697186427758034
-2.507717137656919,-4.697617959618039
-2.509372148829782,-4.698048482037752
-2.5110269710685973,-4.698478268978732
-2.5126816674983754,-4.698907149169135
-2.514336246591559,-4.699335199018076
-2.5159907598005296,-4.699762469726504
-2.517645260605889,-4.700188970679823
-2.5192997433887623,-4.700614661369835
-2.5209542825156905,-4.701039508682756
-2.5226088371605284,-4.701463578372908
-2.524263482459239,-4.701886897347148
-2.5259182171399197,-4.702309487000708
-2.527573028633178,-4.702731233943694
-2.529227985855498,-4.703152293230819
-2.5308830569721925,-4.703572524684098
-2.5325382581527265,-4.7039921108448155
-2.5341936298995376,-4.704410946292713
-2.5358492124754504,-4.704829101217668
-2.5375048924888857,-4.705246338110795
-2.5391607519898853,-4.7056629680739395
-2.5408168049753472,-4.706078832739535
-2.5424730347716493,-4.706493872338552
-2.5441294335460034,-4.706908205085814
-2.5457859839558736,-4.707321826882506
-2.5474427645743694,-4.70773475273977
-2.5490997634445622,-4.708146965597717
-2.5507569393625964,-4.708558390388396
-2.5524144115685075,-4.708968884668332
-2.5540719738171433,-4.709378933899766
-2.5557297930967855,-4.709788124130738
-2.5573878419530116,-4.71019641491492
-2.5590461050386972,-4.710603924146519
-2.5607044314116196,-4.7110109615603655
-2.562362984261587,-4.7114170778809505
-2.5640217461191783,-4.711822587431121
-2.5656807544070923,-4.712227082225569
-2.5673399326558717,-4.712630917051651
-2.5689992000024966,-4.713034254803961
-2.5706587272296915,-4.713436733473098
-2.5723184873103104,-4.713838244587726
-2.573978382097959,-4.714239159873172
-2.5756384162065054,-4.714639651371668
-2.5772987039744937,-4.715039262484493
-2.5789592380469157,-4.7154379073666295
-2.5806198720872784,-4.715836035315073
-2.582280777379533,-4.716233269100135
-2.5839417722848683,-4.71662986173228
-2.5856029792321573,-4.717025651867019
-2.5872643556202073,-4.717420850198959
-2.588925918348256,-4.717815109283712
-2.590587621249483,-4.718208847336059
-2.5922496018577625,-4.718601668868053
-2.59391164762597,-4.71899391445385
-2.5955739473917134,-4.719385313078298
-2.5972364051473944,-4.7197760900239
-2.5988991236773034,-4.720166068648167
-2.600561947573751,-4.720555342128935
-2.602224968980376,-4.720943778941048
-2.6038880856034052,-4.721331635147069
-2.605551470055732,-4.721718631913241
-2.6072150079852534,-4.722105080219712
-2.6088787691333657,-4.722490624606597
-2.610542664907064,-4.722875589209845
-2.612206783614313,-4.723259666284804
-2.6138709851656867,-4.723643187594692
-2.615535440585893,-4.724025861259443
-2.617200003012492,-4.724407862110079
-2.6188647793197535,-4.724789053206819
-2.6205296935599645,-4.725169594898861
-2.622194800584192,-4.725549311298958
-2.6238600736262114,-4.725928388700547
-2.6255255402694573,-4.726306638708489
-2.627191176939286,-4.726684238139974
-2.6288570227680643,-4.727061019706644
-2.6305230210815562,-4.727437144350518
-2.6321892012142696,-4.727812502226637
-2.633855522916691,-4.728187132814536
-2.63552201449232,-4.728561036710271
-2.637188723725339,-4.728934211489712
-2.638855595219704,-4.729306590243207
-2.640522571641248,-4.729678247122878
-2.6421897415583424,-4.730049171234136
-2.6438570984508516,-4.730419396419183
-2.645524629741891,-4.730788851100889
-2.6471923235063723,-4.731157611205996
-2.648860182146302,-4.731525562983809
-2.6505281904960385,-4.731892825952982
-2.652196409588412,-4.73225941397663
-2.6538648208284776,-4.7326252332712375
-2.655533330601865,-4.732990274439593
-2.657202035100701,-4.733354632353763
-2.6588709303742464,-4.7337182235053445
-2.660539968114918,-4.734081103702949
-2.6622091847431246,-4.73444324469826
-2.6638785195444177,-4.734804586988031
-2.66554805881961,-4.735165237054304
-2.667217783138505,-4.735525129997179
-2.6688876281869005,-4.735884313364802
-2.6705576721452977,-4.736242736390616
-2.6722278725950703,-4.736600442845017
-2.6738982033531338,-4.736957393269289
-2.6755687087089433,-4.737313656477583
-2.677239407741244,-4.737669166333833
-2.678910227569583,-4.73802394150327
-2.6805812122526875,-4.738377989637182
-2.682252335888185,-4.738731280368779
-2.6839236443861507,-4.7390838030846245
-2.685595115137475,-4.739435626364175
-2.687266746178093,-4.739786706496384
-2.688938517368716,-4.740137008527818
-2.6906103609203385,-4.740486617636686
-2.692282421836354,-4.74083559348793
-2.6939546729151433,-4.741183803701905
-2.695627037527645,-4.741531248534024
-2.6972995640868582,-4.741878036398981
-2.698972225814512,-4.742224233317345
-2.700644937904893,-4.742570012355271
-2.702317639055968,-4.742915941264226
-2.7039904323161226,-4.743261879639636
-2.705663110902508,-4.743608377197884
-2.7073363073542906,-4.74395446803851
-2.7090102393037783,-4.744299621635671
-2.7106846422009143,-4.744644105714995
-2.712359433395328,-4.744987916656665
-2.714034662581551,-4.745331066252886
-2.715710225891298,-4.745673475461568
-2.717386150185643,-4.74601519465431
-2.719062421864585,-4.74635622629231
-2.7207389630308234,-4.746696523581556
-2.7224157948997467,-4.747036127486243
-2.7240929089610795,-4.747375007913683
-2.7257703277627297,-4.747713222793748
-2.7274480113519517,-4.74805066257171
-2.7291258829180434,-4.748387354264965
-2.7308039939295075,-4.748723344052503
-2.7324823774089055,-4.74905864492106
-2.7341609801360196,-4.749393170503054
-2.735839794007799,-4.749726997638306
-2.737518831449429,-4.750060063325054
-2.739198056094512,-4.750392391153611
-2.7408775142831123,-4.750724030583903
-2.742557174146878,-4.751054879622697
-2.7442370344972744,-4.751385036682489
-2.7459170968306617,-4.751714405217778
-2.7475973018428164,-4.7520430843821115
-2.749277703349211,-4.752371032938605
-2.750958263357029,-4.752698201081509
-2.7526389869448473,-4.753024648863641
-2.7543199210321596,-4.753350336367336
-2.7560010527177914,-4.7536752774920945
-2.757682355824831,-4.753999522697027
-2.7593638616643354,-4.754323028354929
-2.7610454922976477,-4.75464573174889
-2.762727269535937,-4.75496770354788
-2.7644092682032646,-4.755288980845709
-2.7660914575529802,-4.755609454314136
-2.767773774000906,-4.755929233117713
-2.7694562922272463,-4.7562482779424125
-2.7711389315852735,-4.756566514999965
-2.7728217161319355,-4.756884041115622
-2.774504693009795,-4.757200821570755
-2.7761878296791767,-4.757516849663891
-2.7778711962228178,-4.757832170204044
-2.779554714231476,-4.758146688895251
-2.7812383806681344,-4.758460478875426
-2.7829221928628787,-4.758773545994803
-2.7846061664656006,-4.759085845930716
-2.7862903304555813,-4.759397420075458
-2.787974631355194,-4.759708241705613
-2.789659097734888,-4.760018314766957
-2.7913436820636464,-4.760327606005921
-2.7930284526691813,-4.760636167418215
-2.7947133873034424,-4.7609440215919685
-2.7963984946897824,-4.76125111563481
-2.798083727176808,-4.761557430022584
-2.7997691098846866,-4.761863009059127
-2.801454663369385,-4.762167822141322
-2.8031404142279635,-4.76247196036611
-2.804826278130756,-4.7627753106763535
-2.806512259613501,-4.763078025820714
-2.8081983317582973,-4.763380201258103
-2.8098845889210713,-4.763681807007917
-2.811571148208765,-4.763982422740632
-2.813258058093735,-4.764281894381323
-2.8149449408848737,-4.764581043056799
-2.8166319895790712,-4.764879517109353
-2.8183194480617395,-4.76517662992045
-2.820006820903478,-4.765473585153577
-2.8216943347881225,-4.76576975039736
-2.823382287835602,-4.766064620930814
-2.825070102120325,-4.766359357788267
-2.82675812091173,-4.766653200088408
-2.8284465158560788,-4.76694589324611
-2.8301347808289363,-4.767238353338903
-2.8318233075168604,-4.7675299559164594
-2.833512096760802,-4.76782037163283
-2.8352008668257804,-4.768110456737352
-2.8368900258420133,-4.768399145354562
-2.838579012310844,-4.7686875862904445
-2.840268292418421,-4.768974717779098
-2.8419578022064576,-4.769260807910565
-2.8436474548980932,-4.769546054295054
-2.845337250611861,-4.769830282169073
-2.8470271546456978,-4.770113659609756
-2.848717128502826,-4.770396128283199
-2.8504072094162414,-4.770677897428856
-2.8521084884775085,-4.770926648803819
-2.8538223580604227,-4.771114756084623
-2.8555269208559055,-4.771274329278087
-2.857214984007352,-4.771429129296442
-2.8588883219449914,-4.771579320116467
-2.8605483769233,-4.771724457223043
-2.862196280671676,-4.771864886618376
-2.8638361486980015,-4.771990963306919
-2.8654656955185716,-4.772105061241309
-2.8670836356164693,-4.772215573974133
-2.8686898390326068,-4.772328225942566
-2.870284754784586,-4.772450942323131
-2.8718701041445165,-4.772590224459921
-2.87344887071864,-4.7727495850340835
-2.8750244966749836,-4.77292974748612
-2.876600699136389,-4.773127899838489
-2.878180255280234,-4.773341600044242
-2.879765414029673,-4.773567441898898
-2.8813585064420306,-4.7737993442004605
-2.8829595812421243,-4.774035761388809
-2.8845693720949694,-4.7742703487880025
-2.8861874944647465,-4.774498342349821
-2.887812746344919,-4.774716100023255
-2.889443145791131,-4.774921746909524
-2.8910762979583877,-4.7751155519410915
-2.892709738869313,-4.77530052354552
-2.894342061937257,-4.775478085275065
-2.8959722027604657,-4.775649780768641
-2.8975993375727858,-4.77581777956651
-2.899222944663987,-4.775984265144014
-2.9008428465266056,-4.776151535674769
-2.902459336149706,-4.776321636511742
-2.9040731539150357,-4.776495382378429
-2.9056853376497283,-4.776672814037696
-2.907296685138358,-4.776853616762046
-2.9089079850706323,-4.7770365401949215
-2.9105198764860774,-4.777219904358472
-2.9121325976910297,-4.777403260455469
-2.91374615856825,-4.7775862644809965
-2.9153604760469394,-4.7777686000652855
-2.9169754342391614,-4.777950307899772
-2.9185908814007786,-4.778131580747717
-2.9202067992866994,-4.778312544270941
-2.9218231221660824,-4.778493056736117
-2.9234397638101366,-4.778673145754199
-2.9250566453727282,-4.778852862669382
-2.9266737603466204,-4.77903220159184
-2.928291122371112,-4.779211190139083
-2.9299087466583362,-4.779389859666907
-2.9315265518273232,-4.779568116654525
-2.9331445246715364,-4.779745898585536
-2.9347626592585168,-4.779923210578643
-2.936380962397498,-4.780100309132197
-2.9379994702393795,-4.780277029117828
-2.939618112409589,-4.7804538346390855
-2.9412369919855594,-4.7806298670592104
-2.942855887268026,-4.780806205176106
-2.9444748795435607,-4.780981807527103
-2.94609402590333,-4.78115757347289
-2.9477133231050825,-4.781332798058907
-2.949332741734799,-4.781508214223004
-2.9509523098552797,-4.781683057111039
-2.952572035214099,-4.78185789694332
-2.9541918532766145,-4.782032533811226
-2.9558118520386443,-4.782206613242453
-2.957431918499234,-4.782380913276954
-2.9590521173158426,-4.782554600800706
-2.960672440855979,-4.7827283609686955
-2.96229287438031,-4.782901622531541
-2.963913444093292,-4.783074887502833
-2.965534172297228,-4.783247594519875
-2.967155000606941,-4.783420532812957
-2.9687760134858436,-4.783592506925029
-2.970397090873225,-4.78376450355453
-2.9720182632519383,-4.783936208866393
-2.973639562236183,-4.784107711775359
-2.9752609645378314,-4.784278890068503
-2.9768824970372942,-4.784449747665126
-2.9785041922536104,-4.78462031594687
-2.980125959599849,-4.784790371411358
-2.9817478412921563,-4.784960055487544
-2.9833698915628952,-4.785129324965211
-2.9849920263157923,-4.785298152826529
-2.9866142344377944,-4.785466571731218
-2.9882365727366773,-4.785634635569269
-2.9898589890420273,-4.785802104113361
-2.9914814409575863,-4.785969235770927
-2.9931039868147122,-4.7861359882287795
-2.994726664650458,-4.786302250130059
-2.9963493765101163,-4.786468409672183
-2.997972196304086,-4.786634213364823
-2.999595039223176,-4.786799977395082
-3.001218087678449,-4.7869653015426845
-3.002841211987108,-4.787130949915388
-3.0044645868699478,-4.787301181208666
-3.0060884473732705,-4.787472074194223
-3.007712924043168,-4.7876423725365544
-3.0093379214951756,-4.787812220501406
-3.010963445057336,-4.787981672433966
-3.0125893196612354,-4.788150613293502
-3.0142155054037385,-4.788319095703813
-3.0158420163750668,-4.788487161728777
-3.017468845019504,-4.788654821823385
-3.01909596426539,-4.788821997936529
-3.02072326680543,-4.788988692961264
-3.0223508227581766,-4.789155035768095
-3.023978590967719,-4.789320926675285
-3.0256064926441515,-4.789486247986379
-3.0272345345555247,-4.7896511575821785
-3.028862745648869,-4.789815623738065
-3.030491069440447,-4.789979599112056
-3.0321195150536626,-4.790143134704872
-3.033748060385264,-4.790306176083834
-3.0353767207986264,-4.7904688043549335
-3.0370054983027326,-4.790630908957326
-3.0386342906372166,-4.790792459153629
-3.0402632131307787,-4.790953653287424
-3.0418922235269967,-4.791114305960589
-3.0435212863164773,-4.791274476524789
-3.045150387796518,-4.791434138373392
-3.0467795647574714,-4.791593357170184
-3.0484088651876005,-4.7917521951446895
-3.0500382283387735,-4.791910496161815
-3.0516675645290663,-4.792068231093182
-3.053296961636818,-4.792225536935861
-3.0549264474455855,-4.792382405223199
-3.0565560064602773,-4.792538732794989
-3.0581855713043837,-4.792694597200726
-3.059815190198348,-4.792849979299577
-3.0614448485970844,-4.793004895519024
-3.0630746217085196,-4.793159423649852
-3.064704411249822,-4.793313383424837
-3.0663341982683168,-4.793466836102649
-3.067964089519315,-4.793619921484931
-3.06959398741213,-4.7937723935100545
-3.07122391767918,-4.793924461439904
-3.0728539208746124,-4.794076035522023
-3.0744839667534194,-4.794227158055568
-3.0761140868534778,-4.794377780414097
-3.077744162461454,-4.794527820984828
-3.0793742977719774,-4.794677434408464
-3.0810045225494544,-4.794826600188696
-3.082634764389291,-4.794975225843858
-3.084265034485749,-4.795123382164824
-3.085895363213223,-4.7952710670400895
-3.087525695502862,-4.795418230137917
-3.0891560645675797,-4.795564942156989
-3.090786531395179,-4.7957112483632685
-3.0924170254680554,-4.79585699493969
-3.0940475023173915,-4.796002170834349
-3.095678043159927,-4.796146931166649
-3.097308648857945,-4.796291240334861
-3.09893929146593,-4.796435004415298
-3.100569943408749,-4.796578345796706
-3.1022006842924066,-4.796721224903223
-3.10383141775375,-4.79686350778217
-3.105462165380744,-4.797005326293088
-3.10709298879031,-4.797146753996951
-3.108723855583061,-4.797287651040647
-3.110354715699879,-4.797427993831138
-3.111985611291537,-4.797567962097191
-3.1136165958350155,-4.797707480275447
-3.1152475948622644,-4.7978463887053415
-3.116878600657806,-4.797984821200956
-3.1185096543532533,-4.798122803826786
-3.12014077508052,-4.798260320339993
-3.1217719052466535,-4.798397306092988
-3.1234030656979743,-4.798533803534051
-3.125034285173929,-4.79866984886381
-3.126665533328264,-4.7988053996919335
-3.128296804502493,-4.7989404230620725
-3.129928127982754,-4.799075005571121
-3.1315594648206955,-4.799209087360159
-3.133190849840436,-4.799342736022546
-3.1348222968904933,-4.799475876570443
-3.13645372059222,-4.799608511268012
-3.1380851981319813,-4.799740660890575
-3.1397167307233786,-4.799872365033856
-3.1413482872808265,-4.800003545874953
-3.142979858300628,-4.800134196453071
-3.1446114213061698,-4.800264381027489
-3.1462431263906288,-4.800394190752346
-3.147874791481388,-4.800523340644219
-3.149506490152847,-4.800652094509884
-3.151138211697462,-4.8007803449233295
-3.152770014674564,-4.80090816554476
-3.1544018315074176,-4.8010354353138025
-3.156033649480092,-4.80116224732445
-3.157665540257162,-4.801288636825878
-3.1592974699278087,-4.801414448628917
-3.1609293502287463,-4.801539718280443
-3.1625613217551702,-4.801664665050303
-3.164193373934868,-4.801789102252098
-3.165825384997793,-4.801912935066902
-3.167457432045483,-4.802036341915175
-3.1690894812384887,-4.802159223916471
-3.170721636684652,-4.802281718591558
-3.1723537874656413,-4.8024036411702395
-3.173985978015648,-4.802525099985755
-3.1756181686072926,-4.802646088914153
-3.177250435444071,-4.802766513106355
-3.178882674035318,-4.80288647654045
-3.180514990131515,-4.803005952985317
-3.1821473199613237,-4.803124902480456
-3.1837796227009107,-4.803243293585029
-3.185412009709488,-4.803361327113205
-3.1870443909006725,-4.803478765066227
-3.1886768181271106,-4.803595807110554
-3.1903092414784546,-4.8037122510174886
-3.1919416463585017,-4.803828181036925
-3.1935740522942773,-4.80394362517849
-3.195206541431988,-4.8040586464969195
-3.1968389921216342,-4.804173095037248
-3.198471471006056,-4.804287071793616
-3.2001039978025183,-4.804400589417189
-3.2017364912398376,-4.804513560743673
-3.203369003971387,-4.80462607533458
-3.205001531613153,-4.8047380361808365
-3.2066340856102467,-4.804849561212219
-3.208266590044089,-4.804960484322725
-3.209899146331786,-4.805071042840082
-3.2115317401886108,-4.805181012051097
-3.2131642857177396,-4.805290524077706
-3.2147968896110792,-4.805399524663273
-3.2164294445708617,-4.805508022028034
-3.2180620517887486,-4.805616033337202
-3.219694631947618,-4.805723510393317
-3.2213272290643693,-4.805830534230872
-3.222959859644665,-4.805937076333397
-3.2245925059329714,-4.806043087575188
-3.226225101302391,-4.806148568464182
-3.2278577362560212,-4.806253621575395
-3.2294904072169737,-4.806358143457894
-3.2311230173306895,-4.8064621489312875
-3.2327556809725717,-4.806565828643078
-3.23438838329838,-4.806668963947694
-3.2360210395537514,-4.806771666205295
-3.2376538088453235,-4.8068740763675235
-3.239286612581793,-4.80697600757026
-3.240919517037891,-4.807077464419353
-3.242552499888028,-4.807178450146638
-3.244185492783525,-4.807278897940751
-3.245818594349243,-4.807378966751017
-3.247451775365821,-4.807478480576503
-3.2490849412113785,-4.807577483792029
-3.250718192497522,-4.807676178328148
-3.252351504507381,-4.807774359468055
-3.2539847970035853,-4.807872027271612
-3.2556181552995653,-4.807969339853933
-3.257251570785545,-4.808066202815534
-3.258884991036437,-4.8081625643265715
-3.260518491935675,-4.808258574194886
-3.2621519838572395,-4.808354042422713
-3.2637855177229347,-4.808449132257918
-3.265419104027946,-4.808543770693615
-3.267052685724168,-4.80863793060163
-3.2686863237182338,-4.808731690289289
-3.2703199708257515,-4.808824982549716
-3.2719536672129657,-4.808917856410206
-3.273587372945324,-4.8090102700320365
-3.275221110237313,-4.809102254989171
-3.2768549053392944,-4.809193809403337
-3.278488660591091,-4.809284872921793
-3.280122509673216,-4.809375561646019
-3.2817563360245923,-4.809465724853115
-3.283390225172408,-4.809555515581465
-3.285024080646801,-4.809644756336166
-3.2866580194310555,-4.809733661699565
-3.2882919402925297,-4.809822044418202
-3.289925935639726,-4.809910073178978
-3.2915599363141452,-4.80999755295029
-3.2931939161603925,-4.810084612456322
-3.2948279609229982,-4.810171238475109
-3.2964620098402317,-4.810257444161857
-3.298096107220576,-4.810343191214062
-3.299730199633592,-4.810428471052853
-3.3013643365686964,-4.810513294910758
-3.302998514277071,-4.810597691769974
-3.304632652603594,-4.810681592078835
-3.306266851786911,-4.810765093768143
-3.307901069286819,-4.810848172898796
-3.3095353292641088,-4.810930766640726
-3.3111695732438635,-4.811012884345221
-3.3128038587619164,-4.811094584697939
-3.3144381578025435,-4.811175879891773
-3.3160725110879183,-4.811256714194685
-3.3177068246098287,-4.811337009967329
-3.3193412196141607,-4.811417021059407
-3.320975604070563,-4.811496444713342
-3.3226100309964286,-4.811575471106978
-3.3242444144991197,-4.811653982957601
-3.325878900280789,-4.811732189396071
-3.3275133474394725,-4.811809794804806
-3.329147862957935,-4.811887082013839
-3.3307823473999556,-4.811963799660144
-3.3324169077393173,-4.812040198191177
-3.3340514314624814,-4.812116014747788
-3.3356860234778996,-4.8121915080653865
-3.337320642288169,-4.812266531652514
-3.3389552029919316,-4.8123410207566115
-3.3405898705997146,-4.8124151889411735
-3.342224497555747,-4.812488792253513
-3.3438591782823845,-4.812562029146802
-3.3454938757020276,-4.812634785157185
-3.347128615130166,-4.812707126537934
-3.3487633294736154,-4.81277896105201
-3.350398097848624,-4.812850405693594
-3.3520328337509806,-4.81292130038449
-3.353667645540231,-4.812991873085835
-3.3553024293586566,-4.813061878136029
-3.356937276834785,-4.813131518746073
-3.358572108426825,-4.813200675496937
-3.360206994658152,-4.813269430372228
-3.361841864089505,-4.813337687805549
-3.363476771158495,-4.813405514548298
-3.3651116848668208,-4.813472896268356
-3.3667466383737317,-4.8135398440926815
-3.368381557027168,-4.813606302661314
-3.370016564610244,-4.813672386812709
-3.371651582910018,-4.813737961752986
-3.373286540416297,-4.813803040598634
-3.3749215465208726,-4.813867770902263
-3.3765566401875127,-4.813932016230157
-3.3781916773062486,-4.813995667800075
-3.379826740221468,-4.814059006750186
-3.3814618213085543,-4.8141218563724015
-3.3830968856141777,-4.814184165067101
-3.384731946146448,-4.814246026362644
-3.38636706120069,-4.814307446853878
-3.388002132152597,-4.814368360241624
-3.3896372525753966,-4.814428858952822
-3.3912723290144715,-4.814488852812071
-3.3929073827581515,-4.814548403609933
-3.394542494287464,-4.814607511987213
-3.396177556642276,-4.81466611511211
-3.3978126562563746,-4.814724307878144
-3.3994477251013144,-4.814782016234903
-3.401082822630201,-4.814839276518088
-3.402717881662074,-4.814896061317393
-3.404352985286149,-4.814952391648897
-3.4059880322935756,-4.815008218059285
-3.407623140075246,-4.815063665078635
-3.4092582014045143,-4.815118561881458
-3.410893279671811,-4.815173035572476
-3.4125283476674104,-4.8152270461242175
-3.41416339827557,-4.815280603046832
-3.41579850730092,-4.815333727308339
-3.4174335612433877,-4.815386318975537
-3.419068639137758,-4.815438517061029
-3.420703688863229,-4.815490230494218
-3.4223387761421566,-4.815541508477179
-3.4239738144141616,-4.815592243596908
-3.425608875652705,-4.815642576819133
-3.4272439296583297,-4.815692454806149
-3.4288790108861216,-4.815741875960761
-3.4305140246150216,-4.815790776834606
-3.4321490560751107,-4.815839266182687
-3.4337841526994666,-4.815887334402355
-3.4354191688309923,-4.815934823315188
-3.437054213733499,-4.81598192913714
-3.438689253385517,-4.81602856721641
-3.4403242665984397,-4.816074745518864
-3.4419593257677423,-4.816120469667835
-3.4435943341433646,-4.816165698395862
-3.4452293784549104,-4.816210506370025
-3.446864390380172,-4.816254815458452
-3.448499418571874,-4.816298689415027
-3.450134398968969,-4.816342034333919
-3.4517694343708696,-4.816385014197207
-3.4534044241352717,-4.8164274687003195
-3.455039450445487,-4.816469507587316
-3.4566744339239777,-4.81651103318799
-3.4583094339743705,-4.816552147769143
-3.459944389024311,-4.816592715144721
-3.461579392512413,-4.816632937174141
-3.4632143435614675,-4.816672619671099
-3.4648493164198975,-4.816711957224131
-3.4664842976161356,-4.816750967710443
-3.468119313475736,-4.816789662776147
-3.469754342817687,-4.81682803630671
-3.471389423723502,-4.816866114500716
-3.4730246656704753,-4.816903839753817
-3.4746599415708213,-4.816940991989615
-3.476295301851593,-4.816977734417241
-3.477930734436879,-4.817014042732995
-3.479566252387884,-4.817049887475307
-3.481201803917947,-4.817085286525131
-3.482837431082755,-4.817120241396405
-3.4844730669057875,-4.817154709920118
-3.486108797401717,-4.817188790951457
-3.487744521725963,-4.817222343038801
-3.489380305132679,-4.817255493435098
-3.4910161021140516,-4.817288200221692
-3.4926519049617735,-4.817320439669557
-3.4942877907172276,-4.817352215286703
-3.495923685333145,-4.817383525991211
-3.4975596120132706,-4.817414557651137
-3.499195544385042,-4.817445354314596
-3.500831568311612,-4.817475991743939
-3.502467588741117,-4.8175063086227725
-3.5041036744575917,-4.817536385548074
-3.5057398308936456,-4.817566245392801
-3.5073760161205816,-4.81759585002631
-3.5090123086836504,-4.817625280279319
-3.5106486464008357,-4.817654424188437
-3.512285037307236,-4.817683297973656
-3.513921498531994,-4.817711949613291
-3.515558015726524,-4.8177402952639925
-3.5171946210272633,-4.817768211632371
-3.518831289986001,-4.817795615346105
-3.5204679913213868,-4.817822569056684
-3.5221047418229,-4.817849003874511
-3.5237415221067896,-4.817874978865885
-3.525378298560474,-4.817900444424347
-3.527015172860664,-4.817925502662481
-3.528652028155706,-4.8179499814819815
-3.5302889428067554,-4.817974058697098
-3.5319258581089104,-4.817997631786288
-3.5335627470781175,-4.818020687960248
-3.535199721214122,-4.81804334412756
-3.536836667090804,-4.818065425961841
-3.538473622420901,-4.818087101759122
-3.5401106382940863,-4.818108287134793
-3.5417476238475243,-4.818128963002519
-3.543384639296992,-4.8181491919458646
-3.5450216189433745,-4.81816886701285
-3.5466586118252703,-4.818188117697647
-3.5482956778048673,-4.818206947819584
-3.549932679930198,-4.818225179853184
-3.551569683671259,-4.818243005672936
-3.553206757316835,-4.818260411558008
-3.554843777240083,-4.818277249514271
-3.556480848487131,-4.818293680491026
-3.5581178804541294,-4.818309556205172
-3.5597549361889245,-4.818324987866665
-3.561391973129027,-4.818339908795607
-3.5630290043839246,-4.818354383750747
-3.5646660424676493,-4.818368418361944
-3.5663031295161827,-4.818381943965749
-3.567940173630203,-4.818394963419493
-3.5695772244659993,-4.818407508770267
-3.5712142800588595,-4.818419602404931
-3.5728513171829097,-4.818431209474233
-3.5744883972355934,-4.818442365452231
-3.576125446232379,-4.81845292417222
-3.577762470205987,-4.818463033126726
-3.579399501900899,-4.818472668940577
-3.581036564155275,-4.818481687814511
-3.582673571130834,-4.818490249396668
-3.5843105596909632,-4.818498492936389
-3.585947540660187,-4.8185060999315406
-3.587584532035153,-4.818513097407774
-3.5892214470679913,-4.818519697148971
-3.5908583204708413,-4.8185260067173425
-3.592495268118617,-4.818531588744551
-3.5941321567355673,-4.8185367289729735
-3.5957690455221254,-4.818541501415113
-3.5974059011896524,-4.818545490597305
-3.5990426858034192,-4.818549150822919
-3.600679532724015,-4.818552449679263
-3.602316350747043,-4.818554971639739
-3.6039530703866594,-4.818557191514418
-3.605589832251586,-4.81855898250618
-3.6072266054321322,-4.818560059934616
-3.608863295091251,-4.8185608794838775
-3.610499960161833,-4.818561193277599
-3.61213672258884,-4.818560867805011
-3.6137733624631054,-4.818560185025794
-3.615410016671813,-4.818558978183681
-3.6170466581355374,-4.818557150627333
-3.6186832446782806,-4.818554901011769
-3.6203198045192813,-4.818552153141723
-3.6219564249404628,-4.818548989487273
-3.6235929440019192,-4.818545234798334
-3.625229459014451,-4.81854103054152
-3.626865926850766,-4.818536307887358
-3.6285023801029066,-4.818531098643522
-3.630138827724436,-4.818525446417916
-3.6317752233776393,-4.818519296363012
-3.633411663835611,-4.818512706778662
-3.635048034305868,-4.81850555753216
-3.6366844203492104,-4.818497955059209
-3.6383207705238867,-4.818489852306036
-3.639957087528908,-4.818481293047255
-3.641593429563028,-4.818472249635991
-3.643229736215856,-4.818462674431923
-3.644866003970267,-4.818452607688497
-3.6465022467799626,-4.818442072321338
-3.6481385262854302,-4.818431078838932
-3.6497747562129854,-4.818419569539186
-3.6514109451885677,-4.818407564020157
-3.653047160687142,-4.818395110958248
-3.654683348134201,-4.8183821596895635
-3.6563195196082914,-4.818368751985886
-3.6579556929952473,-4.818354843123263
-3.659591839161412,-4.818340459599483
-3.661227939465784,-4.8183255606851745
-3.662864034019136,-4.818310197590795
-3.6645001173499203,-4.818294360054729
-3.666136211667475,-4.818278043424558
-3.6677722714442913,-4.818261239860805
-3.669408266458011,-4.818243938707134
-3.6710442973639235,-4.81822619419817
-3.6726802819937046,-4.818207954757687
-3.6743163150923994,-4.81818925609705
-3.675952278751086,-4.818170023955787
-3.677588209977138,-4.818150293794028
-3.6792241694089336,-4.818130155155382
-3.680860084450295,-4.818109482265073
-3.682495974617903,-4.818088357384881
-3.6841318787352915,-4.818066762294583
-3.68576775745316,-4.818044693673177
-3.687403570472201,-4.81802207960876
-3.6890394249756744,-4.817999069988949
-3.6906752649859778,-4.817975546554301
-3.6923110291346113,-4.8179514900796425
-3.6939468183014212,-4.817926989725163
-3.6955825860251093,-4.817902005996016
-3.6972183330659547,-4.817876537377277
-3.698854077552343,-4.817850601266924
-3.7004897898075466,-4.817824180717228
-3.7021254385164615,-4.8177972366236865
-3.703761076554602,-4.8177698415326695
-3.7053967731008197,-4.817742010450084
-3.7070324174642675,-4.8177136217570276
-3.708667994350795,-4.817684733261103
-3.7103036107477854,-4.817655441759544
-3.71193914525527,-4.817625621810089
-3.713574711419893,-4.817595373022414
-3.7152102180190116,-4.817564617065567
-3.7168457668602124,-4.8175333949402175
-3.718481265453567,-4.817501682429263
-3.720116702473071,-4.817469464449403
-3.721752144393638,-4.817436780818607
-3.7233875955056046,-4.81740361988043
-3.7250229642527364,-4.817369937930492
-3.726658345855846,-4.81733581197125
-3.728293719742819,-4.817301243602771
-3.729929073960874,-4.817266155650224
-3.7315643779316754,-4.817230579382229
-3.733199654496193,-4.817194513930293
-3.7348349314864335,-4.817157979635128
-3.736470221151112,-4.817120986743492
-3.7381054121325255,-4.8170834482509
-3.739740610682923,-4.817045453338298
-3.7413758273298825,-4.817007021093318
-3.7430109815509036,-4.816968042824064
-3.7446460812699964,-4.816928601420381
-3.7462812295693775,-4.816888705187581
-3.747916356385771,-4.816848341297165
-3.7495513945535297,-4.816807448710923
-3.7511864377360142,-4.816766096998757
-3.7528214751397306,-4.8167242641315795
-3.7544564463372185,-4.816681934975578
-3.7560914447706955,-4.816639158208251
-3.7577263943477686,-4.816595877439459
-3.7593613186553663,-4.816552106105963
-3.7609961874013154,-4.81650788035285
-3.7626311070370844,-4.816463201448573
-3.7642659766022266,-4.8164179712601065
-3.765900767471484,-4.8163722361972825
-3.7675355271269932,-4.816326064264545
-3.769170332018538,-4.816279441725886
-3.7708050980787293,-4.816232323495154
-3.7724397906421197,-4.816184709383637
-3.774074494520299,-4.816136640238781
-3.7757091761335273,-4.81608811867385
-3.777343802675325,-4.816039170296354
-3.7789783956057588,-4.815989867556488
-3.7806130159198403,-4.815940267789227
-3.7822475738244865,-4.8158903196470515
-3.7838821648540195,-4.815840048422379
-3.785516731842079,-4.815789340388446
-3.787151368812236,-4.815738178646845
-3.788785993953889,-4.815686492592631
-3.790420615122591,-4.815634357587153
-3.792055241246202,-4.8155817561426995
-3.79368988784846,-4.815528678130064
-3.795324491957179,-4.815475080923282
-3.7969591362565507,-4.815421027287097
-3.7985937792037197,-4.815366506241877
-3.800228384806542,-4.815311469871164
-3.80186295360797,-4.815255937266255
-3.803497524874259,-4.815199967814349
-3.8051320821183965,-4.81514349086641
-3.806766612280234,-4.815086523609734
-3.8084010904793475,-4.815029070194983
-3.810035545702129,-4.814971156176963
-3.8116700187480568,-4.8149127806869165
-3.8133044593969285,-4.814853909209306
-3.814938849127553,-4.814794557004081
-3.816573220615293,-4.814734716150483
-3.8182075514866596,-4.814674368022588
-3.819841855633343,-4.814613572102545
-3.8214761334336464,-4.814552317807186
-3.82311037494901,-4.81449055108178
-3.824744580993102,-4.814428308749796
-3.826378802079164,-4.814365599631235
-3.8280129398689535,-4.814302346836806
-3.8296470666872366,-4.814238685943433
-3.831281127822699,-4.8141745013707915
-3.8329151759318583,-4.8141098406432725
-3.834549220498881,-4.814044725468557
-3.836183183143117,-4.813979082712793
-3.8378171571220365,-4.813913013775837
-3.839451077142102,-4.813846410679745
-3.84108495348035,-4.813779340834828
-3.8427187925450985,-4.813711829405273
-3.844352600255386,-4.813643817514448
-3.8459863952988416,-4.813575336045777
-3.84762009105891,-4.813506340890119
-3.849253818798224,-4.813436906714257
-3.8508874657892904,-4.813366925991973
-3.8525211029881543,-4.813296564471666
-3.8541546956392003,-4.8132256932791995
-3.8557882436545086,-4.813154333565874
-3.8574217598448306,-4.813082572131291
-3.8590552838980647,-4.813010434498011
-3.860688733168574,-4.812937825438702
-3.862322229133227,-4.81286483376077
-3.8639557239594886,-4.812791489718954
-3.8655891924944155,-4.812717716645151
-3.8672226970980956,-4.812643607892676
-3.8688562310796755,-4.812569174732891
-3.8704898379928476,-4.812494422940184
-3.8721234484595346,-4.812419287391719
-3.8737571905967307,-4.812343782531736
-3.8753910069401947,-4.8122677640487055
-3.8770248608302835,-4.812191227529882
-3.878658747046893,-4.812114230815069
-3.880292689925731,-4.812036763567651
-3.8819266427085113,-4.811958793419417
-3.883560674613744,-4.8118804018829255
-3.885194690729567,-4.811801474179361
-3.886828680836297,-4.81172207473235
-3.8884627063945185,-4.81164223950767
-3.8900967107989146,-4.81156191107636
-3.891730750232915,-4.811481130682195
-3.893364758016007,-4.811399826505895
-3.894998746759767,-4.811318068505887
-3.8966327854966485,-4.811235857576912
-3.8982667560939794,-4.811153120056048
-3.8999007108275534,-4.81106991889947
-3.9015346515529385,-4.810986245025276
-3.903168607736972,-4.810902105540029
-3.904802491817825,-4.810817448335102
-3.906436377896711,-4.8107323630730585
-3.9080702168196035,-4.810646766165951
-3.90970407733524,-4.810560725555963
-3.9113379316541246,-4.810474184734299
-3.912971689554336,-4.810387114185455
-3.914605438641023,-4.810299647591797
-3.916239200092499,-4.810211679785865
-3.9178729194296475,-4.810123238118806
-3.919506580203371,-4.810034276524066
-3.921140232657798,-4.809944881191572
-3.922773872200399,-4.809855035571159
-3.9244074665571373,-4.809764644290953
-3.9260410373312675,-4.80967377931433
-3.9276745897446705,-4.809582476811699
-3.9293080868864294,-4.809490679467985
-3.9309415532371164,-4.809398443239296
-3.9325749954054743,-4.809305692746883
-3.9342084155322854,-4.809212468736248
-3.935841805730639,-4.809118783897171
-3.937475154171647,-4.809024580422192
-3.939108479167177,-4.808929906810219
-3.9407417760812713,-4.808834769227189
-3.9423750366845827,-4.808739120803864
-3.944008280554009,-4.808643014186157
-3.9456414887312787,-4.808546450145443
-3.947274623489484,-4.808449366149271
-3.9489077666601053,-4.808351841795987
-3.950540870251209,-4.808253832429195
-3.952173920752778,-4.808155311282947
-3.9538069226310903,-4.808056310498055
-3.9554399191649985,-4.807956858933265
-3.9570729239209053,-4.807856948841852
-3.9587058163646933,-4.807756477767083
-3.960338719746719,-4.80765560605774
-3.9619715628970424,-4.807554197431041
-3.96360441538244,-4.807452352383343
-3.965237176450159,-4.807349966094473
-3.966869947455807,-4.807247164603638
-3.9685026487699644,-4.807143824192301
-3.970135315128472,-4.8070400580720865
-3.9717679874733047,-4.806935845227198
-3.973400578189275,-4.806831079953057
-3.9750331576548588,-4.806725874950376
-3.976665722825331,-4.8066202257414705
-3.9782982246821863,-4.806514033065395
-3.979930697732132,-4.806407385680752
-3.981563127207498,-4.806300273416987
-3.98319551229987,-4.806192695190735
-3.9848278559358348,-4.806084624252182
-3.9864602086564096,-4.805976097161322
-3.9880924762695646,-4.805867044118313
-3.989724730796168,-4.80575755201717
-3.99135693430225,-4.805647556450618
-3.9929891275326437,-4.8055371204814605
-3.9946212519984203,-4.805426196928189
-3.996253357604527,-4.805314784607386
-3.997885429413052,-4.805202912105713
-3.999517484134154,-4.805090588139053
-4.001149444193398,-4.804977716374625
-4.002781383472298,-4.8048644136274365
-4.004413267023593,-4.804750598418581
-4.006045179638,-4.80463634138875
-4.007677031294861,-4.8045215916615005
-4.009310499084741,-4.804372886038092
-4.010939196185889,-4.804168744390001
-4.01255424446202,-4.803945530119872
-4.014154966274464,-4.803723820427253
-4.015742655973619,-4.803500408845597
-4.017319014490652,-4.803275327862141
-4.018885119721829,-4.803048938125473
-4.020441826041333,-4.8028100879061935
-4.021987743243445,-4.8025629916590065
-4.023523837161927,-4.802316295892517
-4.025051258355128,-4.8020747770351155
-4.026572693588252,-4.8018461532321375
-4.028091247234768,-4.801635905558377
-4.029610482750751,-4.801446537783224
-4.0311336397229915,-4.8012778019464575
-4.032663126366462,-4.8011260482833595
-4.03420063845156,-4.800988449667654
-4.035747075199904,-4.800859209227265
-4.037302783478774,-4.800737932187046
-4.038867210774235,-4.800617450212092
-4.040439102807378,-4.800492647527731
-4.042016879254073,-4.80035968575314
-4.043598346817975,-4.800215244176637
-4.045181304384078,-4.800058049603398
-4.046763503732047,-4.799888621442708
-4.048343454817449,-4.79971084066798
-4.049920212799652,-4.799526199452857
-4.051493124556825,-4.799336433617902
-4.053062086364967,-4.799143983085987
-4.054627260487357,-4.798951121276672
-4.056189268302772,-4.79876032161566
-4.057748844410294,-4.7985734702992975
-4.059307118545108,-4.798391982476981
-4.060865115760146,-4.798215784213033
-4.062423609231143,-4.798043585498524
-4.063983001201216,-4.797872744646013
-4.065543350165326,-4.797702769533896
-4.0671046344618285,-4.797533143782956
-4.068666871162272,-4.797363579370174
-4.070229896263636,-4.797193537145079
-4.07179353718691,-4.797022544424998
-4.07335759287973,-4.7968503703452265
-4.0749218767245345,-4.796677311603582
-4.076486309448134,-4.796503938569438
-4.0780509020244144,-4.796330356536703
-4.0796155473732325,-4.7961564979878615
-4.081180257697186,-4.795982504578913
-4.082745090635468,-4.795808332527173
-4.084309933239229,-4.795633931596057
-4.0858748642195994,-4.79545934828251
-4.0874398421685845,-4.795284577374156
-4.0890048571969695,-4.795109564005471
-4.090569911915117,-4.7949343792841015
-4.092134990699911,-4.794758974726412
-4.093700030884272,-4.79458333978478
-4.095265140307471,-4.7944076040520205
-4.096830254929407,-4.79423157197932
-4.098395334318782,-4.794055355030576
-4.099960451530351,-4.793878867016433
-4.101525491371246,-4.793701990128779
-4.103090559002952,-4.793525075896701
-4.104655596733979,-4.7933479178501655
-4.106220565987955,-4.793170435030814
-4.107785522492082,-4.792992778795622
-4.109350437273154,-4.792814888500676
-4.110915322854568,-4.792636795248429
-4.1124801563118485,-4.792458457704198
-4.114044965451323,-4.79227991158866
-4.115609711986366,-4.7921011641296305
-4.117174453857398,-4.791922219617704
-4.118739141614707,-4.791743039566679
-4.120303788474991,-4.791563655769142
-4.12186838285548,-4.791384056554919
-4.1234329567577275,-4.79120422476723
-4.1249974981794315,-4.7910241958269335
-4.126561968111824,-4.790843940130086
-4.128126436391622,-4.79066353442531
-4.129690835851636,-4.790482900154604
-4.131255217969262,-4.790302055955893
-4.132819543993957,-4.790120994715694
-4.134383841013652,-4.789939702444007
-4.135948089793052,-4.789758234422578
-4.1375122888102,-4.789576564906074
-4.139076509650209,-4.789394698647312
-4.140640650994259,-4.789212594289651
-4.142204756254627,-4.789030287740454
-4.14376881188725,-4.788847761721681
-4.145332826803825,-4.788665021135944
-4.146896797707076,-4.78848209441387
-4.1484607622388525,-4.788298966839217
-4.150024664552215,-4.788115634705257
-4.151588507677124,-4.787932081562485
-4.153152336958723,-4.787748313467185
-4.154716130445955,-4.787564373982761
-4.156279927138789,-4.78738021883883
-4.157843638428865,-4.787195863048914
-4.159407310372333,-4.787011290279818
-4.160970960797274,-4.786826558261072
-4.1625345871976975,-4.786641581854412
-4.164098153180376,-4.78645639844915
-4.165661710321884,-4.786271038468204
-4.167225232846154,-4.786085468627606
-4.168788691741389,-4.785899669987815
-4.170352132420602,-4.785713694403597
-4.171915531500857,-4.785527521869925
-4.1734788835960845,-4.7853411127047325
-4.175042251983001,-4.7851545181820825
-4.176605555430088,-4.784967706710438
-4.178168806750612,-4.784780700882884
-4.17973204465119,-4.784593521988925
-4.181295269207605,-4.784406121424462
-4.182858455485274,-4.784218512668259
-4.18442159219043,-4.784030704833912
-4.185984682105113,-4.783842694374288
-4.187547757623265,-4.783654544231463
-4.189110775126734,-4.783466204630507
-4.190673775930058,-4.783277744221897
-4.192236784447353,-4.78308911204674
-4.193799786528528,-4.782900430704528
-4.195362787540274,-4.782711725944291
-4.196925775084489,-4.782522970498982
-4.198488814036195,-4.782334149640626
-4.200051896946069,-4.782145128890028
-4.201615000928152,-4.781955887471249
-4.2031781426998105,-4.7817664422710635
-4.2047412710025975,-4.781576730444931
-4.206304445960753,-4.781386859634001
-4.207867597160868,-4.7811967539965154
-4.20943074140475,-4.781006386252479
-4.2109938442968184,-4.780815796565144
-4.212556947981652,-4.780625090613979
-4.214120055364093,-4.780434151535507
-4.215683113213802,-4.780242924579794
-4.217246158278408,-4.780051542066895
-4.218809176009307,-4.779859996600666
-4.220372175482694,-4.779668195254446
-4.221935116515518,-4.779476175234555
-4.223498039812669,-4.779284015267434
-4.225060956311066,-4.7790915621520735
-4.226623836534289,-4.778898922391596
-4.228186618422587,-4.778706054286578
-4.229749372764732,-4.778512994222681
-4.231312135516594,-4.778319722499128
-4.232874832193039,-4.778126230339665
-4.2344374689145905,-4.777932530749874
-4.236000097792383,-4.777738650651284
-4.237562661383817,-4.777544542847634
-4.239125187440545,-4.777350235472679
-4.2406877172876385,-4.777155719846626
-4.242250169597612,-4.776960973459651
-4.24381259074959,-4.776766042513712
-4.245374974692781,-4.776570901351189
-4.2469373346528885,-4.776375557203254
-4.2484996297768465,-4.776179982053606
-4.250061879586728,-4.7759842188529
-4.251624100351456,-4.775788245151376
-4.253186310661292,-4.775592058207621
-4.254748461122261,-4.775395658363179
-4.25631056299337,-4.775199042528753
-4.257872621665724,-4.775002232287051
-4.2594346551910895,-4.774805229060623
-4.260996633325755,-4.774608004809729
-4.2625585713182,-4.774410581531755
-4.264120470870062,-4.774212954333071
-4.2656823597323985,-4.774015105511383
-4.2672441873851295,-4.77381705172157
-4.268805953872781,-4.7736187878037395
-4.270367701175828,-4.773420333952048
-4.2719293940228855,-4.773221658229562
-4.273491054085916,-4.773022792724236
-4.275052699584425,-4.772823707833945
-4.2766142858233875,-4.772624420442756
-4.278175814829033,-4.772424914997973
-4.279737311036268,-4.7722252323775285
-4.2812987733778165,-4.772025354159702
-4.282860230108556,-4.771825261357334
-4.284421629116923,-4.771624959837861
-4.285982961320667,-4.771424439977258
-4.287544250345492,-4.771223724439413
-4.2891055138199645,-4.771022814681142
-4.2906667252658846,-4.770821696085192
-4.29222792330167,-4.770620373354815
-4.29378908475717,-4.770418869007661
-4.295350176366291,-4.770217124564293
-4.296911230443976,-4.77001518721629
-4.298472230112458,-4.769813041476072
-4.300033214213902,-4.769610722053761
-4.301594196433043,-4.769408183886211
-4.303155048451329,-4.769205428184799
-4.304715922844162,-4.7690024826880455
-4.306276738377479,-4.768799315329347
-4.307837489945419,-4.768595937606257
-4.309398214594328,-4.768392375031732
-4.310958890426856,-4.768188599127606
-4.31251951552894,-4.767984603672018
-4.314080138537194,-4.7677804091979334
-4.315640716833871,-4.7675760410221395
-4.317201231498452,-4.7673714400809715
-4.3187617048552704,-4.7671666406543505
-4.3203221481219245,-4.766961645488698
-4.321882528145909,-4.766756424165911
-4.323442879672793,-4.766551016037599
-4.325003189931159,-4.766345409122302
-4.326563452378895,-4.7661395888833065
-4.328123680987623,-4.765933563261807
-4.329683877652198,-4.765727347620951
-4.331244043218083,-4.765520909525766
-4.332804123696814,-4.765314266243131
-4.334364192271077,-4.765107429786838
-4.33592419314958,-4.764900370665023
-4.337484176158741,-4.7646931434241155
-4.339044105520692,-4.764485686616833
-4.340603986360519,-4.764278024737527
-4.342163825284347,-4.764070167652803
-4.343723673199797,-4.763862117295362
-4.34528343184206,-4.7636538380129485
-4.346843141446603,-4.763445359215073
-4.348402830770868,-4.763236698324125
-4.3499624597960045,-4.763027814052212
-4.351522049169877,-4.7628187347347515
-4.35308159469389,-4.7626094501837075
-4.354641161167582,-4.76239998023922
-4.3562005753932675,-4.762190252849877
-4.357760016381834,-4.761980356468608
-4.359319389664103,-4.7617702658725864
-4.360878774077579,-4.761559980003029
-4.362438046510949,-4.761349452223751
-4.363997273859072,-4.761138729861043
-4.365556533125949,-4.760927840867164
-4.367115705050731,-4.76071671546542
-4.368674833508244,-4.760505396426116
-4.370233930138481,-4.760293885846683
-4.371792979982066,-4.760082166191785
-4.373351987744092,-4.7598702443263
-4.374910958851644,-4.759658116604979
-4.376469890092908,-4.759445790504647
-4.3780287602701256,-4.759233246572229
-4.379587605375732,-4.759020518682889
-4.381146395472882,-4.75880757445663
-4.382705150733739,-4.758594436080557
-4.384263854632673,-4.758381086945912
-4.385822509483138,-4.758167533767061
-4.387381119912624,-4.757953778078793
-4.388939703395063,-4.757739832475914
-4.390498256644616,-4.757525668973485
-4.392056734152631,-4.757311284730915
-4.393615175015083,-4.757096714028501
-4.395173578689692,-4.756881943899243
-4.396731925224368,-4.756666956622841
-4.398290238446204,-4.756451785793957
-4.399848506982651,-4.75623641161934
-4.401406776207553,-4.756020831251171
-4.402964951312538,-4.75580502575017
-4.4045231018553554,-4.75558903900031
-4.406081198446128,-4.75537284295654
-4.407639260137833,-4.7551564526510335
-4.40919727037293,-4.754939852731329
-4.410755232890491,-4.754723044018492
-4.412313158372961,-4.754506041326156
-4.413871038962026,-4.754288833280297
-4.415428913203515,-4.75407142376853
-4.416986657216872,-4.753853795991194
-4.418544434349729,-4.753635999947995
-4.420102151994015,-4.753417973321923
-4.421659802076263,-4.753199739882086
-4.423217430685793,-4.752981335298233
-4.424775013128421,-4.752762708821743
-4.426332550358652,-4.752543892525321
-4.427890055087231,-4.752324884931721
-4.429447508096751,-4.752105672274493
-4.43100492036046,-4.751886235887492
-4.432562271469427,-4.751666604782889
-4.434119602058381,-4.751446791471396
-4.435676869408754,-4.751226746433434
-4.437234084582455,-4.751006492597064
-4.43879127468343,-4.750786074837756
-4.440348409413559,-4.750565415907211
-4.441905497956961,-4.750344566149101
-4.443462549096378,-4.75012353317721
-4.4450195440551745,-4.749902273830389
-4.44657648308416,-4.749680791897603
-4.448133361498417,-4.749459124448056
-4.449690219027313,-4.749237267923129
-4.451247034968451,-4.749015210743066
-4.4528038056670045,-4.748792954798142
-4.454360530993259,-4.748570487324353
-4.45591718624399,-4.748347796807286
-4.457473801636391,-4.748124915643517
-4.4590303868776715,-4.747901845169624
-4.460586946681996,-4.747678565915345
-4.4621434370072866,-4.747455068263167
-4.463699845967751,-4.747231385130053
-4.4652562481840725,-4.747007516832523
-4.466812651088226,-4.746783439571586
-4.468368948069952,-4.7465591703097605
-4.469925178759674,-4.746334663664874
-4.471481418935172,-4.746109993549604
-4.4730375858276386,-4.745885079044456
-4.474593703153306,-4.745659962424975
-4.476149769137708,-4.745434653744487
-4.4777058214895415,-4.745209181600034
-4.479261801235936,-4.744983449284738
-4.480817735209776,-4.74475754775453
-4.482373645763546,-4.744531452190901
-4.483929497237362,-4.744305131999943
-4.485485300116738,-4.744078628838449
-4.487041077788156,-4.743851956172164
-4.4885968449037685,-4.743625068576209
-4.490152511176074,-4.743398040920773
-4.491708124649734,-4.7431707769219225
-4.493263768392284,-4.7429434502769885
-4.494819392943625,-4.7427159403501795
-4.496374994072481,-4.742488293078433
-4.497930625958199,-4.7422606038626185
-4.499486267429076,-4.74203278438801
-4.501041889215822,-4.741804813077698
-4.502597553850645,-4.741576779226789
-4.504153257547002,-4.741348564605436
-4.505709016917451,-4.741120151886364
-4.507264767012252,-4.740891483661562
-4.50882048262795,-4.7406625762037855
-4.510376199261982,-4.740433548611299
-4.511931961432657,-4.740204305343904
-4.513487736583237,-4.739974819061481
-4.515043397503634,-4.739745109089089
-4.5165991048338885,-4.739515270956828
-4.518154788462227,-4.739285186973335
-4.519710452311917,-4.739054925416294
-4.521266082517141,-4.73882442196014
-4.522821676049855,-4.738593761239711
-4.524377251210973,-4.738362889849554
-4.525932835813485,-4.7381318002269275
-4.527488304575804,-4.7379004990734686
-4.529043765470185,-4.737669018633125
-4.530599214300212,-4.737437357354014
-4.532154641877213,-4.73720545486778
-4.533709975053192,-4.736973318047156
-4.535265297981722,-4.736741072274803
-4.536820590636372,-4.736508571788633
-4.538375863766282,-4.736275916734117
-4.539931090534322,-4.73604302007886
-4.541486304113534,-4.735809918498097
-4.543041399903954,-4.735576616758892
-4.544596507122039,-4.735343153666242
-4.546151578015642,-4.735109472267756
-4.547706598822021,-4.7348755912216784
-4.549261621846346,-4.734641484838868
-4.550816525647909,-4.734407193946292
-4.552371439864966,-4.734172728320992
-4.553926306981811,-4.733938026184588
-4.555481098215945,-4.73370309139705
-4.557035863000205,-4.733468023134615
-4.5585906145384465,-4.733232734885769
-4.560145302219774,-4.732997247745542
-4.561699981157878,-4.732761587103237
-4.563254594336067,-4.732525683143847
-4.5648091754544105,-4.732289632044933
-4.566363725532881,-4.73205335192079
-4.567918212323545,-4.731816848803551
-4.569472636085319,-4.731580144450244
-4.57102704885238,-4.73134327497641
-4.572581398493628,-4.731106165598715
-4.574135723716362,-4.730868894670979
-4.575689992140591,-4.730631386403392
-4.577244235224983,-4.730393718796581
-4.578798431527208,-4.730155826488098
-4.580352578111052,-4.729917734648029
-4.5819066814939315,-4.729679437090177
-4.58346074185522,-4.729440941662287
-4.585014757729953,-4.729202234735651
-4.586568742957968,-4.728963339407509
-4.588122674517649,-4.728724230337918
-4.589676548245464,-4.728484950367226
-4.591230433694996,-4.728245494509977
-4.5927842754404,-4.728005824623295
-4.594338064695625,-4.727765939210445
-4.595891790560169,-4.727525843322855
-4.597445474854541,-4.727285561625941
-4.5989991182607435,-4.727045060314419
-4.600552702268224,-4.726804353443447
-4.6021062802799895,-4.726563447515585
-4.603659744965834,-4.726322352861173
-4.605213239250596,-4.7260811008166055
-4.606766678866067,-4.725839596645771
-4.608320057778109,-4.725597900905763
-4.609873414583611,-4.72535602876927
-4.611426727289408,-4.725113944311208
-4.61297999683076,-4.7248716714046255
-4.61453321586653,-4.724629169563953
-4.61608638554149,-4.724386485524737
-4.617639524552474,-4.724143606897458
-4.619192618836168,-4.723900523744758
-4.620745655887151,-4.72365722775618
-4.6222986840863935,-4.723413760622202
-4.62385164371703,-4.723170059569836
-4.6254045550103555,-4.722926162897276
-4.626957416122541,-4.722682054335629
-4.628510243266739,-4.722437750833175
-4.630063000456587,-4.72219325623422
-4.631615773713943,-4.721948596876179
-4.633168472022464,-4.721703694232093
-4.634721157247039,-4.721458648561818
-4.636273801353449,-4.721213389340805
-4.637826388422487,-4.720967911875322
-4.639378925532371,-4.720722233933834
-4.64093142010808,-4.720476357306022
-4.642483889104597,-4.7202302932333025
-4.644036298284197,-4.719983998793428
-4.645588678015878,-4.719737522285955
-4.647140995763382,-4.7194908172042265
-4.6486932853764245,-4.7192439368977945
-4.650245542727296,-4.718996836106465
-4.651797719661715,-4.7187495576602
-4.653349918139666,-4.7185021215816025
-4.65490206288799,-4.718254440411245
-4.656454142298851,-4.718006543650678
-4.6580061496009515,-4.717758467353461
-4.659558178323029,-4.71751023982109
-4.661110153205634,-4.717261762638757
-4.662662053001505,-4.717013059322106
-4.664213885488433,-4.7167641823905795
-4.665765742282606,-4.7165151580620215
-4.667317535401326,-4.716265901480221
-4.668869264014785,-4.716016424387918
-4.6704209508597,-4.7157667589716015
-4.671972594506308,-4.715516879456456
-4.673524210361377,-4.715266816353311
-4.675075737333305,-4.7150165348812445
-4.676627288583405,-4.714766130047055
-4.678178778091113,-4.714515475876368
-4.6797302235888125,-4.714264597502313
-4.681281570293613,-4.714013528647783
-4.68283297262224,-4.7137622799094565
-4.684384244655139,-4.713510800434983
-4.685935503499502,-4.713259155425399
-4.687486732028874,-4.7130072788308075
-4.689037877347136,-4.712755218915846
-4.690589027890702,-4.712503000410855
-4.692140140127148,-4.712250563850954
-4.693691192207893,-4.711997913499944
-4.695242204450512,-4.711745056331856
-4.6967931557321405,-4.71149198908341
-4.6983440596234205,-4.71123874123162
-4.699894964034019,-4.710985321155277
-4.701445788094859,-4.71073166667971
-4.702996588073956,-4.71047781445625
-4.704547327805454,-4.710223747703492
-4.706098012632457,-4.709969513219199
-4.707648678656722,-4.7097150861606245
-4.709199309609648,-4.709460444663891
-4.710749882604302,-4.70920560365407
-4.712300387081588,-4.708950572380123
-4.713850893689493,-4.708695385786199
-4.71540133704298,-4.70843996736458
-4.716951743612992,-4.708184329831634
-4.718502091608195,-4.707928513787115
-4.7200524278979685,-4.707672538926582
-4.72160269503925,-4.707416355108813
-4.723152960496438,-4.7071600215605995
-4.724703168733497,-4.70690346172293
-4.726253320529569,-4.706646688384165
-4.727803418628095,-4.706389778907477
-4.729353543787218,-4.706132697079976
-4.730903550875271,-4.705875467022258
-4.732453570212989,-4.705618104570959
-4.734003538032532,-4.705360596168888
-4.735553517615694,-4.705102944857702
-4.73710348050063,-4.704845142472969
-4.738653380185209,-4.704587181206615
-4.740203283929146,-4.704329089225818
-4.74175318807343,-4.704070800582151
-4.743303029442387,-4.703812336135245
-4.744852896462751,-4.703553681463772
-4.746402718994472,-4.703294824359618
-4.747952516420846,-4.703035783848817
-4.749502293886298,-4.702776576109986
-4.751052024428214,-4.702517140243422
-4.752601730354225,-4.702257552994283
-4.754151395186336,-4.701997726307166
-4.755701018821732,-4.701737735062345
-4.7572506267505155,-4.701477564684105
-4.758800202154952,-4.701217183143792
-4.760349753399048,-4.700956594873757
-4.761899206633778,-4.700695830304685
-4.763448700615959,-4.700434923248046
-4.764998131077468,-4.700173762365823
-4.766547512835638,-4.699912437534258
-4.768096881577314,-4.699650929895595
-4.769646202065343,-4.699389219758097
-4.771195488400452,-4.699127328672902
-4.772744726059044,-4.698865201049214
-4.774293909028422,-4.698602893366314
-4.775843097054801,-4.698340443203789
-4.7773922579487795,-4.698077794578319
-4.778941359798535,-4.697814914203802
-4.7804904171916,-4.697551847446499
-4.782039423545999,-4.697288613201392
-4.7835884589764905,-4.697025197951206
-4.78513736420728,-4.696761546421003
-4.786686305726597,-4.696497739082307
-4.788235146399226,-4.69623372293234
-4.7897805794677355,-4.695936089838571
-4.791312879830884,-4.6955840320923965
-4.792829338261078,-4.69521482984905
-4.794333150286722,-4.694849202747352
-4.795825255897112,-4.694483322907775
-4.797307005774353,-4.694116982875785
-4.798779543573537,-4.693750607930614
-4.8002419625649315,-4.6933729075612565
-4.801693565339859,-4.692988100588502
-4.803136565884042,-4.692604844679095
-4.804572839344462,-4.692227652724718
-4.806006050317244,-4.691863996977922
-4.807440108616872,-4.691519305797697
-4.808878694233669,-4.691195995398499
-4.810324751689811,-4.690893683544526
-4.811779870199702,-4.690608373153662
-4.813245055069025,-4.690337207575435
-4.814720425592162,-4.690074982164958
-4.816205689283996,-4.689819586525349
-4.817699458760399,-4.689564694923457
-4.819199679251936,-4.6893051499258975
-4.8207040086433945,-4.689036914733664
-4.822209987053135,-4.688756766096812
-4.823715003662713,-4.688463313652775
-4.825217179735615,-4.688157352225914
-4.826715757226033,-4.687842957263387
-4.8282099799571165,-4.687521671118698
-4.82969955012651,-4.6871954160249105
-4.831184743801852,-4.686866675345737
-4.832666160200005,-4.686537986004452
-4.834144738488521,-4.6862119049478475
-4.83562173736057,-4.685890558298769
-4.837098388509844,-4.685575310063609
-4.838575772189385,-4.685266210636198
-4.840054544288448,-4.68496213569885
-4.841534633638455,-4.684660120869655
-4.843016152421642,-4.684359549755244
-4.844499009220871,-4.684059950627437
-4.84598306701867,-4.683760761056817
-4.847468059805,-4.683461348847489
-4.848953868453701,-4.683161210225488
-4.850440044821953,-4.682859745127155
-4.851926296829836,-4.682556807706265
-4.853412509386033,-4.682253000969656
-4.8548987056131585,-4.681949092434518
-4.856384920991566,-4.681645279700691
-4.857871237314519,-4.681341565057763
-4.859357536023989,-4.681037840678452
-4.860843883543019,-4.6807341870949974
-4.862330208139685,-4.680430533444319
-4.86381658830074,-4.680126961769468
-4.8653029811272654,-4.679823424820687
-4.866789346845052,-4.6795199054993155
-4.868275796187,-4.6792164822268845
-4.869762213513472,-4.678913050007475
-4.871248684867648,-4.678609693404656
-4.872735138054238,-4.678306388241081
-4.874221595090449,-4.678003102584397
-4.875708103608797,-4.677699895437799
-4.877194616464202,-4.677396722544655
-4.878681079202952,-4.677093578400392
-4.880167638287867,-4.676790480853072
-4.881654178839439,-4.6764874002143
-4.883140693534246,-4.6761843227951605
-4.8846272272564,-4.67588128811189
-4.886113731826119,-4.67557830206723
-4.887600294654669,-4.675275365305517
-4.88908683823832,-4.674972412869709
-4.8905733368195525,-4.674669474982888
-4.892059843813605,-4.674366618600418
-4.89354633257658,-4.6740637773461415
-4.895032851324109,-4.6737609736278
-4.896519345857275,-4.673458225827816
-4.898005813123747,-4.673155444569815
-4.89949229007162,-4.672852821077573
-4.9009787450141,-4.672550125743791
-4.902465175214684,-4.67224748883711
-4.903951614715192,-4.671944860514775
-4.905438011668403,-4.671642345527062
-4.906924436894958,-4.67133981753544
-4.908410851557155,-4.671037334135382
-4.909897288664714,-4.670734898798576
-4.911383695314187,-4.670432528296089
-4.912870141093737,-4.670130213525518
-4.914356535934633,-4.6698278989017385
-4.915842964276846,-4.669525666055031
-4.917329379357736,-4.66922346108841
-4.91881576620704,-4.668921292731143
-4.920302204438629,-4.668619147355521
-4.9217885805603485,-4.668317216978109
-4.923275035950091,-4.668015495899806
-4.924761558270845,-4.667713835584756
-4.926248071806526,-4.667412216178713
-4.927734672419438,-4.667110662613517
-4.929221281041926,-4.666809099324977
-4.930707879801947,-4.666507557349731
-4.932194528220862,-4.6662060930445035
-4.933681186444831,-4.665904657675613
-4.93516779921847,-4.665603248588408
-4.936654504953706,-4.665301930479491
-4.938141210890268,-4.665000630407514
-4.9396278905400965,-4.664699323820257
-4.9411145679243695,-4.664398066170065
-4.94260126543523,-4.664096895667434
-4.944088013298895,-4.663795779229593
-4.945574736555524,-4.663494664902599
-4.947061467975854,-4.663193585916095
-4.948548196435068,-4.662892551036002
-4.950034911147516,-4.6625915543983245
-4.951521644802993,-4.662290604304312
-4.953008358343823,-4.661989663099849
-4.954495061465828,-4.661688786455251
-4.95598182024993,-4.66138797887772
-4.957468574003133,-4.661087183978297
-4.958955315668569,-4.660786423966899
-4.960442051716527,-4.660485688602748
-4.961928778506401,-4.660184976249494
-4.963415492232769,-4.659884322414903
-4.964902272777596,-4.659583751201316
-4.966389021996807,-4.659283160673089
-4.9678757444269666,-4.658982631981021
-4.9693625108630375,-4.658682163700164
-4.970849253654151,-4.658381683430696
-4.972335971360619,-4.658081267247775
-4.97382272650894,-4.657780903449053
-4.975309461287074,-4.657480540942764
-4.97679616251777,-4.657180229023514
-4.978282929945192,-4.656879992685254
-4.979769670516467,-4.656579744270022
-4.981256365404823,-4.656279546576222
-4.9827431532728035,-4.655979452353356
-4.984229902651947,-4.6556793311234905
-4.985716630015281,-4.655379238305276
-4.987203331959443,-4.6550791966142375
-4.988690076304817,-4.654779211364948
-4.990176807201133,-4.654479232643038
-4.991663504253684,-4.654179299602763
-4.9931502343914165,-4.65387941678721
-4.994636975541775,-4.653579558390416
-4.9961236682003785,-4.653279742131236
-4.997610411420325,-4.652980004503805
-4.999097149890668,-4.652680265566213
-5.000583891480362,-4.652380566357066
-5.002070588482294,-4.652080913992985
-5.003557361970829,-4.651781353248206
-5.005044089456285,-4.6514817528976184
-5.006530814948532,-4.651182200395892
-5.008017527347476,-4.650882707704576
-5.009504259631093,-4.650583257373846
-5.010990999531351,-4.650283835589653
-5.012477693266507,-4.649984443260653
-5.013964432055072,-4.649685104004134
-5.015451159648295,-4.6493857941933365
-5.016937886025254,-4.649086529806143
-5.018424588246322,-4.648787279033502
-5.019911318244882,-4.64848807763146
-5.021398008625574,-4.648188927011462
-5.022884751972782,-4.647889834995901
-5.024371472520105,-4.647590736516529
-5.02585819137438,-4.647291700096639
-5.027344937836841,-4.646992712330805
-5.028831624861724,-4.646693737270195
-5.030318373534388,-4.646394851859414
-5.0318051189325725,-4.6460959484972095
-5.0332918188902465,-4.6457971197866605
-5.034778623689674,-4.645498324480353
-5.03626530044718,-4.645199525047805
-5.0377520180937765,-4.644900796494636
-5.039238726158375,-4.64460212057023
-5.040725497738894,-4.644303508328061
-5.042212226648856,-4.644004853596636
-5.043698929864191,-4.643706281213985
-5.0451857065208,-4.643407801094302
-5.046672457191568,-4.643109291360711
-5.048159198157258,-4.642810830420465
-5.049645917568606,-4.642512393114183
-5.051132655516076,-4.642213991233775
-5.052619360481234,-4.641915628671931
-5.0541061036816375,-4.641617341451489
-5.055592898080372,-4.641319114187697
-5.057079652690216,-4.641020880279577
-5.0585663841231465,-4.640722660356634
-5.060053103497744,-4.640424466831959
-5.061539835111849,-4.640126307981564
-5.0630265618110615,-4.639828209034007
-5.064513331892324,-4.639530161060084
-5.066000069038197,-4.639232119372698
-5.067486796109601,-4.638934110580698
-5.068973515342367,-4.638636112991529
-5.070460233764398,-4.638338173966801
-5.071946974936321,-4.638040283904753
-5.073433724619511,-4.637742431472939
-5.0749204400316925,-4.637444575371467
-5.076407130355934,-4.637146745885714
-5.077893881949237,-4.63684898364533
-5.079380579259939,-4.636551240178209
-5.080867335096895,-4.636253579220675
-5.082354079127381,-4.635955952416736
-5.083840804905938,-4.6356583345473075
-5.085327531903208,-4.635360739523683
-5.086814230742487,-4.635063141771959
-5.08830092860774,-4.634765560442479
-5.089787602698899,-4.6344680286007485
-5.0912743387882955,-4.634170580464065
-5.092761075013502,-4.633873148495345
-5.0942477661630665,-4.633575748411415
-5.095734501838659,-4.6332784125036
-5.097221218878758,-4.632981079459466
-5.098707911331674,-4.632683736083394
-5.100194569634927,-4.632386434394538
-5.101681291006113,-4.63208921258196
-5.103168020772855,-4.63179201138717
-5.104654696171777,-4.63149483752965
-5.106141410178804,-4.6311977315167105
-5.107628130035184,-4.630900654903654
-5.1091148377312985,-4.630603562851934
-5.110601492761129,-4.630306513569444
-5.112088200827639,-4.630009479071053
-5.1135748565087935,-4.629712480619995
-5.115061556646945,-4.6294155301606805
-5.116548211461099,-4.629118599806738
-5.1180349177849305,-4.628821751487641
-5.119521593101654,-4.628524864428705
-5.1210082446434795,-4.628228027605081
-5.122494949128391,-4.627931273738953
-5.123981610610595,-4.627634531289622
-5.125468316855267,-4.627337846414672
-5.126954997767797,-4.627041171027386
-5.12844165924512,-4.626744500537311
-5.129928351287276,-4.6264478603429176
-5.131414985316701,-4.626151249472582
-5.1329016790094695,-4.625854715974334
-5.134388327344407,-4.625558197380385
-5.135875028723991,-4.625261741292959
-5.137361693834128,-4.624965256562375
-5.1388483275558485,-4.624668829885202
-5.140335018499166,-4.624372467697032
-5.141821685923312,-4.624076100336575
-5.143308365305818,-4.623779778553489
-5.144795019647873,-4.623483462698742
-5.146281662128643,-4.623187168283061
-5.147768287342501,-4.622890937849289
-5.149254974827275,-4.622594748741053
-5.150741605031208,-4.622298527847506
-5.152228230829097,-4.622002340232426
-5.15371481550143,-4.621706214975164
-5.15520149322343,-4.621410155583587
-5.156688140292213,-4.621114066355571
-5.1581747669108005,-4.6208180006736255
-5.159661369030026,-4.620521950902883
-5.161147966409454,-4.620225979020575
-5.162634584883195,-4.619930023315163
-5.1641212027044565,-4.619634075174193
-5.1656077825373465,-4.61933813173026
-5.167094362245205,-4.619042264724639
-5.168580980350318,-4.618746431394881
-5.170067575655647,-4.618450579988797
-5.171554121417895,-4.618154790647102
-5.17304072266349,-4.617859005101066
-5.174527266466662,-4.61756326805
-5.176013850262739,-4.617267561669211
-5.177500404814743,-4.616971845584373
-5.1789869169656475,-4.616676184818759
-5.180473492113613,-4.616380571728327
-5.181960052247571,-4.616084933193179
-5.183446559158003,-4.615789337432507
-5.18493309308483,-4.615493830134251
-5.186419676184121,-4.615198336930445
-5.187906210601969,-4.614902825948443
-5.18939272096752,-4.614607326347993
-5.19087919061731,-4.61431187901677
-5.192365729875068,-4.614016476125149
-5.193852210369894,-4.613721094837519
-5.19533874144555,-4.6134257541461725
-5.196825259115391,-4.613130401361627
-5.198311709808152,-4.612835083073313
-5.199798204475712,-4.612539809250749
-5.2012846923353155,-4.612244564123077
-5.202771178883458,-4.611949392190807
-5.204257678748135,-4.611654221477151
-5.205744156302221,-4.611359039733027
-5.207230622501736,-4.611063873816212
-5.2087170404550065,-4.610768765817641
-5.210203542038678,-4.610473705701618
-5.211689972363131,-4.610178655511539
-5.21317645148385,-4.609883656074897
-5.214662904079976,-4.609588628919832
-5.2161493009182305,-4.60929365688819
-5.217635762666889,-4.60899874111934
-5.219122213942029,-4.608703795462394
-5.220608584396434,-4.608408879567405
-5.222095021342235,-4.60811403059612
-5.2235814408867585,-4.607819162622806
-5.225067812182356,-4.607524316303971
-5.226554218538231,-4.60722956968576
-5.228040656086744,-4.606934827266409
-5.229527059914669,-4.60664005513674
-5.231013443693421,-4.606345341430227
-5.2324998511428475,-4.6060506644805885
-5.233986217738092,-4.605755985105688
-5.235472594255752,-4.605461401869519
-5.23695900913451,-4.605166799601081
-5.238445373997358,-4.604872213259297
-5.239931759158262,-4.604577664755379
-5.241418101531704,-4.604283122173092
-5.24290445083295,-4.6039886676768305
-5.244390821268713,-4.603694205139798
-5.245877180793812,-4.603399734721702
-5.247363515119608,-4.603105290241015
-5.248849830631393,-4.602810909395161
-5.2503361546436205,-4.602516589115847
-5.2518225308420865,-4.602222242349361
-5.2533088419905845,-4.601927889288614
-5.2547951209890975,-4.601633590184869
-5.256281397762218,-4.601339351932023
-5.257767734816319,-4.601045141613951
-5.259254028102475,-4.600750914383031
-5.260740330016491,-4.600456781667327
-5.262226657918629,-4.600162642353259
-5.263712961320292,-4.599868556285296
-5.265199294158672,-4.599574488005241
-5.2666856157067325,-4.599280408972291
-5.268171870346516,-4.598986331041274
-5.269658119536466,-4.598692340577924
-5.271144420179744,-4.598398357747655
-5.272630667490349,-4.598104368975945
-5.274116909309076,-4.597810447460659
-5.2756031653688,-4.597516583986029
-5.277089433975341,-4.597222727228696
-5.278575712935968,-4.596928865226929
-5.280061930178954,-4.596635005188971
-5.281548165560719,-4.596341249062634
-5.283034427076867,-4.596047474686508
-5.284520650592987,-4.595753691618214
-5.286006854944577,-4.59545995816716
-5.28749304340794,-4.595166249861747
-5.288979242694559,-4.594872579419757
-5.290465429890329,-4.594578930468103
-5.29195163049526,-4.594285330983883
-5.293437843020928,-4.5939917730219575
-5.294924086902597,-4.593698196156818
-5.296410272831867,-4.593404617304032
-5.2978964409978015,-4.5931110749576725
-5.299382602229389,-4.592817549039714
-5.300868749112646,-4.592524022153461
-5.302354885542423,-4.592230479227676
-5.303840978985043,-4.59193693659123
-5.305327002730099,-4.591643437666807
-5.306813021179941,-4.5913499531334745
-5.308299070423986,-4.591056528531425
-5.309785111071464,-4.590763116079499
-5.31127117744003,-4.590469735823382
-5.312757227298178,-4.590176358835891
-5.314243261974813,-4.589883018415142
-5.3157293052332175,-4.5895896968973755
-5.317215347190248,-4.589296395865629
-5.318701368179871,-4.5890031146084445
-5.320187404921172,-4.588709879941275
-5.32167340814002,-4.588416652160734
-5.323159443202325,-4.588123465641396
-5.324645446613247,-4.587830298617376
-5.326131465708478,-4.587537160769493
-5.327617472435392,-4.587244034311872
-5.329103468900957,-4.58695093908215
-5.330589463602037,-4.586657867892677
-5.332075439789413,-4.586364815379127
-5.333561420443898,-4.586071796205498
-5.335047399770143,-4.5857787993218855
-5.336533364645914,-4.585485833719731
-5.338019341661551,-4.585192902117569
-5.3395053115730615,-4.5848999842475235
-5.34099126428629,-4.5846070807642505
-5.342477205666934,-4.5843141947650645
-5.343963146577947,-4.584021339443549
-5.345449090424964,-4.583728529316426
-5.346935014492779,-4.583435729585102
-5.348420929869168,-4.583142967465613
-5.349906852943452,-4.582850220973942
-5.351392756191813,-4.582557483388776
-5.352878665279451,-4.582264775756037
-5.354364571597921,-4.581972096662122
-5.355850443184671,-4.5816794451058325
-5.357336326044502,-4.5813868155723645
-5.358822214443215,-4.581094218962355
-5.360308099809093,-4.5808016369645985
-5.361793961911556,-4.580509085553085
-5.363279833887297,-4.5802165632797145
-5.364765710695706,-4.579924071012222
-5.366251548467487,-4.579631580334708
-5.367737403626832,-4.579339133451011
-5.369223246967074,-4.579046698218252
-5.3707090896055405,-4.578754288870798
-5.372194920266489,-4.578461899226288
-5.373680757326878,-4.578169549581934
-5.375166574871712,-4.577877209202735
-5.3766523874768195,-4.577584889502619
-5.3781382108630185,-4.57729260593846
-5.3796240108819875,-4.577000337454355
-5.381109815602413,-4.576708098976735
-5.3825956158851325,-4.57641591358905
-5.384081424661631,-4.5761237189769055
-5.385567201938068,-4.5758315377941825
-5.387052992554476,-4.575539400667397
-5.388538779438298,-4.575247300070509
-5.390024547997767,-4.5749552094494925
-5.3915102970232915,-4.574663133678269
-5.392996057132214,-4.574371075367522
-5.394481793141143,-4.5740790332549555
-5.395967538652709,-4.5737870617509255
-5.397453281673567,-4.573495082338227
-5.398939033210255,-4.573203148538939
-5.4004247962242165,-4.572911238681338
-5.401910561122065,-4.572619370441055
-5.403396307575953,-4.572327505150618
-5.404882079195095,-4.572035692181437
-5.4063678395268955,-4.5717438961392185
-5.407853605690232,-4.5714521331159625
-5.409339391850077,-4.571160415347659
-5.410825178930948,-4.570868709844355
-5.412310951566129,-4.570577045355833
-5.413796775164936,-4.570285444215666
-5.415282614333373,-4.569993861392006
-5.416768438810428,-4.569702288387411
-5.418254300539677,-4.569410798960416
-5.419740182851333,-4.569119354778995
-5.421226112566394,-4.568827949283867
-5.422712114207903,-4.568536655834114
-5.424198301473683,-4.568245533247863
-5.425684809001533,-4.567954415179746
-5.427171971497446,-4.567663388881294
-5.428659675329728,-4.567372745311983
-5.430147297128401,-4.567082322767718
-5.431634819525952,-4.566792050407031
-5.433122290132132,-4.566501841223219
-5.434609731383028,-4.56621168478535
-5.436097119207611,-4.565921552963437
-5.437584484428985,-4.565631457990489
-5.439071805638018,-4.5653413913441225
-5.440559116457202,-4.565051334095214
-5.442046366071352,-4.564761298881853
-5.44353362970705,-4.564471304739461
-5.4450208771192665,-4.564181333631423
-5.4465080931298,-4.5638913931916765
-5.4479953130108525,-4.563601470247358
-5.449482499179743,-4.563311566787751
-5.450969689334434,-4.5630216680330795
-5.452456840877637,-4.562731793434925
-5.453944019020788,-4.562441956717705
-5.455431198183508,-4.562152149821404
-5.45691835262866,-4.56186235462882
-5.458405498016798,-4.561572576947143
-5.459892632204937,-4.561282821756209
-5.46137976019732,-4.560993089385219
-5.462866911310721,-4.560703378696669
-5.464354017473005,-4.5604136680220195
-5.465841137414874,-4.56012398078152
-5.467328259396911,-4.559834315578128
-5.468815372567644,-4.5595446814982825
-5.470302482000674,-4.5592550709109485
-5.471789581442722,-4.558965469815984
-5.473276667163313,-4.558675876171466
-5.474763758768202,-4.558386309752381
-5.476250864766336,-4.558096775530917
-5.4777379512350866,-4.557807253581061
-5.4792250465441885,-4.557517747147501
-5.480712137519374,-4.557228256294128
-5.482199218645869,-4.5569387912582044
-5.483686298032832,-4.556649345728229
-5.485173366319942,-4.556359915937784
-5.486660429741538,-4.556070516150735
-5.488147507442037,-4.5557811306793745
-5.489634571975884,-4.555491759003148
-5.491121642568651,-4.555202404986291
-5.492608697890436,-4.554913065556301
-5.494095755944728,-4.554623750715077
-5.495582818120508,-4.554334463241575
-5.497069883713637,-4.5540451974366825
-5.498556942548816,-4.553755933443435
-5.500043980096487,-4.553466703153454
-5.501531017082131,-4.553177475211793
-5.503018051795288,-4.552888255166238
-5.504505090438627,-4.5525990738911535
-5.505992143416545,-4.552309917241614
-5.507479179993524,-4.552020786927001
-5.508966217485617,-4.551731672551705
-5.510453254840329,-4.551442567532612
-5.511940278001532,-4.551153475129274
-5.513427304972571,-4.550864395717736
-5.514914330683055,-4.550575346331035
-5.516401360574549,-4.550286330392812
-5.517888386110673,-4.549997325930613
-5.519375399496542,-4.54970833010632
-5.520862396131786,-4.549419367716084
-5.522349427500372,-4.5491304099086545
-5.523836425996624,-4.548841470293515
-5.52532343397074,-4.5485525552588095
-5.526810443102487,-4.548263653611603
-5.5282974435855,-4.547974780501937
-5.529784456094318,-4.547685928059754
-5.531271452030462,-4.547397083408897
-5.532758456143142,-4.547108261513606
-5.534245459931894,-4.546819463516361
-5.535732450320466,-4.546530674125462
-5.537219435300297,-4.546241905809894
-5.5387064118756095,-4.545953154633422
-5.540193408948033,-4.545664419547446
-5.54168039212041,-4.5453757100213945
-5.54316737617191,-4.545087030759091
-5.5446543646282755,-4.544798374864767
-5.546141345098419,-4.54450972691175
-5.547628312966897,-4.544221092566072
-5.549115282533323,-4.543932481337059
-5.550602235723567,-4.543643890098093
-5.552089210427985,-4.543355298543896
-5.5535761562630785,-4.543066730876619
-5.555063119059905,-4.542778195529621
-5.556550075312081,-4.54248967865592
-5.5580370300331845,-4.54220118385724
-5.559523981321778,-4.54191270669902
-5.561010919917719,-4.541624239976336
-5.5624978589375385,-4.54133577499401
-5.563984791409688,-4.541047338056112
-5.565471730209879,-4.540758928414473
-5.566958680865867,-4.540470537969527
-5.568445619833149,-4.540182171319605
-5.569932548641479,-4.539893819452138
-5.571419490280783,-4.539605477531565
-5.572906429735996,-4.539317152988189
-5.574393354666579,-4.539028851404843
-5.5758802898325115,-4.538740572952505
-5.577367218144519,-4.538452321164715
-5.57885415143917,-4.538164081010966
-5.580341065834729,-4.537875846894882
-5.581827991602634,-4.537587635710319
-5.583314904030472,-4.53729945032423
-5.5848018348015795,-4.537011285400895
-5.586288754338451,-4.536723136892944
-5.58777567571343,-4.536435014455982
-5.58926258553354,-4.536146901762508
-5.590749496501883,-4.535858794445705
-5.5922364093467385,-4.53557071760233
-5.593723318662216,-4.535282669037414
-5.595210208067677,-4.534994628349756
-5.596697106825838,-4.534706604624789
-5.598183997545865,-4.534418621383377
-5.599670909958913,-4.534130639136219
-5.601157799202495,-4.533842673979294
-5.6026446740121045,-4.533554723569577
-5.604131562939471,-4.533266782082707
-5.605618450000403,-4.53297886037331
-5.607105334579758,-4.5326909849438906
-5.608592232936225,-4.532403111104609
-5.610079081582347,-4.532115243466799
-5.611565969541692,-4.531827403213119
-5.613052840072619,-4.531539577796046
-5.614539725139828,-4.531251783524306
-5.616026608523866,-4.530964006318117
-5.617513466268607,-4.5306762480255935
-5.619000341856637,-4.530388501343486
-5.62048720234395,-4.5301007644682825
-5.621974076368954,-4.529813053812365
-5.623460944461461,-4.529525369063639
-5.624947809875055,-4.529237696873671
-5.6264346792584305,-4.5289500457647875
-5.627921532697606,-4.528662410180203
-5.629408389061142,-4.528374794108475
-5.630895220588424,-4.5280871893081445
-5.632382060971137,-4.527799597490161
-5.633868924218602,-4.527512039608904
-5.635355766412001,-4.5272244889763185
-5.636842592576018,-4.526936949902849
-5.638329440113539,-4.526649437031766
-5.639816279504341,-4.526361933674062
-5.6413031150802055,-4.526074457971104
-5.642789969285891,-4.525787002354345
-5.644276798610697,-4.525499567823579
-5.645763637402942,-4.525212145350571
-5.647250478440065,-4.524924741773889
-5.6487373086329296,-4.524637359612154
-5.650224139101333,-4.524349989252997
-5.6517109638174885,-4.52406263780907
-5.65319778273971,-4.5237753046069455
-5.654684603873714,-4.523487984687538
-5.656171425518138,-4.5232006923466
-5.657658233297732,-4.522913416050403
-5.659145049938329,-4.522626156091623
-5.660631847573566,-4.522338924250761
-5.662118669377931,-4.52205169833513
-5.663605468445004,-4.52176449120256
-5.6650922677012066,-4.521477299254164
-5.666579059476882,-4.521190123362138
-5.668065860067559,-4.520902969998928
-5.669552672182845,-4.520615839336203
-5.671039484550022,-4.520328763994547
-5.672526312953311,-4.520041720409002
-5.674013118663716,-4.519754658920853
-5.675499928648347,-4.5194675967625315
-5.676986747001179,-4.519180568386859
-5.678473557892646,-4.518893574911892
-5.679960366399253,-4.518606588641284
-5.681447172421766,-4.518319597381867
-5.682933982875804,-4.518032640250157
-5.684420794516383,-4.5177457324516865
-5.685907606614581,-4.517458820699554
-5.687394411403095,-4.517171914426
-5.688881232942114,-4.51688502330801
-5.690368023092157,-4.516598140655067
-5.691854821150231,-4.516311287851181
-5.693341626028521,-4.516024475460926
-5.694828428027161,-4.515737661208368
-5.696315229460895,-4.515450857838556
-5.697802017672812,-4.5151640765598575
-5.6992888327953635,-4.514877306802247
-5.700775626167424,-4.5145905626099125
-5.702262412615994,-4.514303828814829
-5.703749192356974,-4.514017111428553
-5.705235977552341,-4.513730407411179
-5.706722759963097,-4.513443716049729
-5.708209532818007,-4.513157041359463
-5.709696319783539,-4.5128704117621075
-5.711183104275744,-4.512583815821921
-5.712669877278635,-4.5122972367569005
-5.714156640120536,-4.512010652408955
-5.71564341139812,-4.511724088697659
-5.717130183134164,-4.511437534668459
-5.718616968470242,-4.5111510141957964
-5.720103750691665,-4.510864530177461
-5.721590524494003,-4.510578060736636
-5.723077295339056,-4.510291604880982
-5.7245640712915025,-4.510005174601636
-5.726050834053616,-4.50971875391769
-5.727537607570774,-4.509432345127282
-5.729024396417357,-4.509145962332327
-5.73051117191573,-4.508859592258157
-5.73199796896208,-4.508573254920376
-5.733484752872573,-4.508286952411611
-5.7349715288481296,-4.508000674961807
-5.736458310024341,-4.507714423151449
-5.737938826501231,-4.507395161605793
-5.7394017495871275,-4.507022937142278
-5.740848287293868,-4.50663542003603
-5.742284363234706,-4.506253486853948
-5.743710775909613,-4.50587287926644
-5.745128684049706,-4.5054928944461965
-5.746534980049915,-4.505096645126966
-5.747928466462606,-4.504690552409423
-5.749313574442094,-4.5042876087916826
-5.7506913384454625,-4.503887080515959
-5.752064716391518,-4.5034946641363
-5.753438098523988,-4.503118054043919
-5.754815813126104,-4.502762311083046
-5.756201354417333,-4.502428708441681
-5.757596897734677,-4.50211568080489
-5.759003501370492,-4.501820026875744
-5.760421543049815,-4.501538321617363
-5.761850547845988,-4.5012662222798285
-5.7632890802675885,-4.500998585195109
-5.764735051346671,-4.500729938542327
-5.7661858556250785,-4.500455218337148
-5.767638650418959,-4.500170419146098
-5.7690906681168395,-4.499872528314047
-5.770539631902657,-4.499561349442969
-5.7719841980962645,-4.499238371136914
-5.773423720233879,-4.498906300330237
-5.774857897880182,-4.498567235489083
-5.776286815605888,-4.498223572654455
-5.777711131879498,-4.497878060068674
-5.779131919036578,-4.4975334917169425
-5.78055054895916,-4.497192485192812
-5.781968536912289,-4.496857239326462
-5.783387358563285,-4.496529295072226
-5.784808009181242,-4.496208218290137
-5.786230857795008,-4.495892536843522
-5.787655702946917,-4.495579803795263
-5.789082466051641,-4.495269182038142
-5.790511052237557,-4.494960056323817
-5.7919411523767295,-4.494651527875365
-5.793372385767409,-4.494342710116965
-5.794804312943968,-4.494032815981259
-5.796236440612555,-4.493721239994823
-5.797668372268764,-4.493407757663757
-5.799099914406527,-4.4930928318049315
-5.800531276106142,-4.492777783417796
-5.801962559956846,-4.492462993339516
-5.80339381321879,-4.492148466235759
-5.804825060432513,-4.491834188120827
-5.806256328305899,-4.491520155443458
-5.807687573225866,-4.4912063509161175
-5.809118804742186,-4.490892781775072
-5.810550043167706,-4.490579439099055
-5.8119813009187435,-4.490266306513716
-5.8134125597952275,-4.489953389507192
-5.814843831182334,-4.489640700482188
-5.816275134642269,-4.4893282347027235
-5.817706470162026,-4.489015987824915
-5.819137812004653,-4.4887039534079785
-5.820569187925952,-4.488392147286071
-5.822000575814504,-4.488080553912755
-5.82343200960756,-4.48776919288869
-5.824863479364969,-4.48745804768697
-5.826294975373399,-4.487147118321094
-5.827726481409057,-4.486836421839552
-5.829158056306767,-4.486525915568605
-5.830589633552334,-4.486215609163159
-5.8320212408729635,-4.485905538141575
-5.833452916071861,-4.485595689835287
-5.834884620186134,-4.4852860654506435
-5.836316348223771,-4.484976644259728
-5.837748108089774,-4.484667450589367
-5.839179919846752,-4.484358457820381
-5.840611743641867,-4.484049678501209
-5.842043605644835,-4.483741113792997
-5.843475518548336,-4.483432773643866
-5.844907454645259,-4.48312465064771
-5.846339443474505,-4.482816748129784
-5.84777144979012,-4.482509047261583
-5.84920350450429,-4.482201571486625
-5.850635577528602,-4.481894299045675
-5.852067696090684,-4.4815872431801855
-5.853499867995842,-4.481280412180231
-5.854932071236843,-4.480973796193572
-5.856364291930672,-4.480667402618099
-5.857796556530918,-4.480361212295408
-5.859228836498927,-4.480055237131113
-5.860661166975289,-4.479749459060482
-5.86209353474304,-4.479443915136969
-5.863525946156839,-4.479138587063521
-5.86495837125947,-4.478833471631076
-5.866390848042226,-4.478528568772581
-5.867823348473912,-4.478223868574641
-5.869255897740603,-4.47791939396568
-5.870688476152109,-4.477615143151318
-5.872121077137099,-4.477311117735658
-5.873553718504855,-4.477007286600993
-5.874986414027895,-4.476703674311505
-5.876419137003392,-4.4764002900210125
-5.877851887978331,-4.476097117923401
-5.87928466274092,-4.4757941485983475
-5.880717484941686,-4.475491399963973
-5.882150346050615,-4.475188863423915
-5.883583220253738,-4.474886538655437
-5.885016136655934,-4.47458442717463
-5.886449086287361,-4.474282531307889
-5.8878820648265755,-4.473980851320566
-5.889315076552251,-4.473679363865877
-5.8907481309565854,-4.473378108646091
-5.8921812184707285,-4.473077077843532
-5.893614359148276,-4.472776258458783
-5.8950475213743125,-4.472475653336205
-5.8964807084809845,-4.472175257526091
-5.89791393563357,-4.47187507261916
-5.899347214498912,-4.471575108754053
-5.900780514093307,-4.471275400025415
-5.902213854593828,-4.470975863874346
-5.90364720073082,-4.470676518986069
-5.905080600705912,-4.470377409153996
-5.906514030088284,-4.470078519673376
-5.907947479011858,-4.469779854679455
-5.9093809912043245,-4.469481383412511
-5.910814531971459,-4.469183132600301
-5.912248093921361,-4.468885089390792
-5.913681678954269,-4.468587258891274
-5.91511531235757,-4.4682896523094175
-5.9165489758968075,-4.46799225103069
-5.9179826791130505,-4.467695076260384
-5.9194164184274465,-4.46739810911231
-5.920850185769485,-4.4671013619860185
-5.922283986742944,-4.466804827963098
-5.923717807578848,-4.466508495190622
-5.925151671696995,-4.466212403960718
-5.9265855966483025,-4.465916511910039
-5.928019535561305,-4.465620829199716
-5.929453505453007,-4.465325364076206
-5.930887504302619,-4.465030107579392
-5.9323215252662465,-4.46473505940511
-5.933755595687661,-4.464440236400258
-5.935189692568825,-4.464145629638251
-5.936623833510055,-4.463851259669791
-5.938058006955147,-4.46355708362926
-5.939492202499711,-4.463263121169973
-5.940926441168168,-4.462969358028823
-5.942360715497104,-4.462675809320214
-5.943795015355357,-4.462382485056272
-5.945229364631572,-4.4620893797727526
-5.946663739749955,-4.46179648674521
-5.94809816017498,-4.461503815841991
-5.949532603250464,-4.461211374726121
-5.95096706952477,-4.460919126830582
-5.952401581430502,-4.460627101276791
-5.953836116732626,-4.460335292798018
-5.955270714030185,-4.460043705334339
-5.956705337915811,-4.459752344948057
-5.958139998175146,-4.459461189239915
-5.959574662896445,-4.459170233628041
-5.961009375872788,-4.4588794820198006
-5.962444148543427,-4.458588963462118
-5.963878966131899,-4.458298674094589
-5.965313785362839,-4.458008597912118
-5.9667486445815685,-4.457718712258076
-5.968183542672429,-4.457429057941533
-5.969618464316951,-4.457139604609886
-5.971053410673041,-4.456850353798909
-5.9724884223048615,-4.456561337961132
-5.973923480118483,-4.456272548168518
-5.975358534559344,-4.455983984367593
-5.976793622581358,-4.45569560905176
-5.978228778533617,-4.455407472490648
-5.979663982046635,-4.4551195637624375
-5.9810991932046065,-4.454831851758955
-5.982534433671879,-4.4545443440396015
-5.983969741494108,-4.454257075021373
-5.985405066365851,-4.453970020902211
-5.986840429454008,-4.453683160648362
-5.988275817305715,-4.453396526149406
-5.989711239532053,-4.453110125401133
-5.99114670455524,-4.452823928302494
-5.992582192811369,-4.452537925533271
-5.994017729487337,-4.452252143961155
-5.995453306526827,-4.451966588729985
-5.996888913457911,-4.45168121923062
-5.99832453930267,-4.451396104179604
-5.999760196121236,-4.451111168280218
-6.001195887345507,-4.450826445604906
-6.002631622673322,-4.45054194124834
-6.004067401016282,-4.450257671837852
-6.005503200983915,-4.44997361857236
-6.006939016464866,-4.449689781415839
-6.008374891908177,-4.449406152147914
-6.009810785729347,-4.449122741790002
-6.011246693330107,-4.448839516090094
-6.012682640030218,-4.4485565102271645
-6.014118646543533,-4.448273724758777
-6.015554687522284,-4.447991201841863
-6.016990789885252,-4.447708889842628
-6.018426898161288,-4.447426779088743
-6.019863024345619,-4.447144844571082
-6.021299196246206,-4.446863166947727
-6.02273543367256,-4.44658169560867
-6.024171676623347,-4.446300472241448
-6.025607955343576,-4.446019425495653
-6.027044278492528,-4.44573859528681
-6.02848066041401,-4.445457987985824
-6.02991705933832,-4.445177625149131
-6.031353488361914,-4.444897476509857
-6.0327899554609665,-4.444617505233168
-6.034226420024119,-4.444337744724635
-6.035662945150138,-4.444058197457858
-6.0370994990360325,-4.443778868068964
-6.038536089092156,-4.443499754556627
-6.039972715491166,-4.443220856895142
-6.041409374100486,-4.4429421788157315
-6.042846077981182,-4.442663728302172
-6.044282830086902,-4.4423855061686215
-6.045719612010273,-4.442107491868175
-6.047156396718866,-4.44182969363903
-6.048593244588062,-4.441552082885089
-6.050030116192328,-4.44127472477488
-6.051467048081748,-4.44099755762027
-6.052904005723231,-4.440720639865353
-6.054340994279303,-4.440443936736625
-6.055777994601267,-4.440167418242487
-6.05721504430287,-4.4398911174426665
-6.058652137287109,-4.439615038693678
-6.060089269543229,-4.439339183628819
-6.061526421112812,-4.439063538378676
-6.062963593330161,-4.438788118843945
-6.06440083047146,-4.43851288758519
-6.0658380892350605,-4.438237852365465
-6.067275376447738,-4.437963076203243
-6.0687127163221835,-4.4376885301268265
-6.070150095206533,-4.437414165408289
-6.071587496328631,-4.437140035811668
-6.073024946305251,-4.4368661193066945
-6.074462433393117,-4.436592428305344
-6.075899931703278,-4.436318941579776
-6.077337430579815,-4.436045629386807
-6.078774964108548,-4.435772488980457
-6.080212495737278,-4.435499534094069
-6.081650010713719,-4.435226737861065
-6.083087512245854,-4.434954068179555
-6.08452505845016,-4.434681608833825
-6.085962645724855,-4.4344093655616055
-6.087400269780536,-4.434137358886053
-6.0888379071271235,-4.433865570243279
-6.090275571693342,-4.43359399501372
-6.091713249151476,-4.433322626989282
-6.093150948628628,-4.43305146476604
-6.094588651180766,-4.432780531985145
-6.096026382336914,-4.432509824869074
-6.097464166183698,-4.4322393256895225
-6.098901990380222,-4.431969078901009
-6.100339828616463,-4.431699106597088
-6.101777717780887,-4.43142938354414
-6.103215633900787,-4.431159790564883
-6.104653576042164,-4.430890546892715
-6.1060915526333925,-4.430621433924032
-6.107529591542914,-4.430352697416724
-6.108967629026859,-4.430084057224576
-6.110405744521672,-4.4298158749312355
-6.11184386629809,-4.429547662369687
-6.113282051145459,-4.429279904682354
-6.114720248006302,-4.429012137441205
-6.11615852529741,-4.4287449072357905
-6.117596793939623,-4.428477613086033
-6.119035145527705,-4.42821085435677
-6.120473498756676,-4.427944016958216
-6.1219119510025175,-4.427677829948418
-6.123350370039991,-4.427411456221045
-6.124788914037789,-4.4271457354068975
-6.126227437646661,-4.426879848922429
-6.1276660668509955,-4.426614693084867
-6.129104676246489,-4.426349242379215
-6.130543403569628,-4.426084552417674
-6.131982079673165,-4.425819563893911
-6.133420899083182,-4.425555426336573
-6.134859683769463,-4.425290886612968
-6.136298581840095,-4.425027279057159
-6.137737465571764,-4.424763181304994
-6.139176452403454,-4.424499994641067
-6.140615376385995,-4.424236362110757
-6.142054452189,-4.423973712660194
-6.143493478548146,-4.423710561606587
-6.14493267573512,-4.423448487998035
-6.14637179551346,-4.423185780992459
-6.147811023688588,-4.422924119877825
-6.14925020066588,-4.422661801982788
-6.1506895151973335,-4.42240065446148
-6.152128777798838,-4.422138820393893
-6.153568213275493,-4.421878243910232
-6.155007584663235,-4.421616862702207
-6.1564470612576265,-4.421356691934536
-6.157886479935396,-4.421095757650738
-6.159326067256214,-4.4208361527996525
-6.160765591087999,-4.4205757064228415
-6.162205273680193,-4.42031664550991
-6.16364486398745,-4.420056641366828
-6.1650846340848515,-4.41979800825969
-6.166524299995682,-4.419538434668606
-6.167964132025185,-4.419280292219913
-6.169403893985001,-4.419021153132341
-6.170843812770308,-4.418763406574799
-6.172283625235041,-4.41850468643934
-6.173723624144092,-4.418247427430203
-6.175163529494677,-4.417989130878572
-6.176603584561785,-4.417732262719304
-6.17804353399287,-4.417474374821967
-6.179483680794149,-4.417217975774106
-6.18092370270439,-4.416960528404851
-6.182363916052173,-4.416704542730806
-6.183804020042123,-4.416447602496505
-6.1852442988155305,-4.4161920939943435
-6.186684489015165,-4.415935641622195
-6.1881248385064955,-4.415680617745641
-6.189565125517248,-4.415424727022531
-6.191005555159836,-4.415170150903869
-6.19244593308558,-4.414914759609725
-6.193886438534606,-4.414660565295631
-6.195326870078239,-4.414405611491973
-6.196767465655709,-4.414151881793879
-6.198207988071779,-4.41389741520534
-6.199648660718503,-4.413644122365395
-6.2010892596046086,-4.413390082767814
-6.202530004955057,-4.413137251671517
-6.203970700383222,-4.412883787174951
-6.205411504141668,-4.41263140114316
-6.206852261849389,-4.412378355002073
-6.208293165434883,-4.412126432165572
-6.209734017095171,-4.411873913886059
-6.211174969713263,-4.411622423337359
-6.21261591166661,-4.411370466719423
-6.214056947607354,-4.411119423102932
-6.215497960032581,-4.410867914974177
-6.216939083375367,-4.410617312923967
-6.2183801789515485,-4.410366335455309
-6.219821396598814,-4.410116207075877
-6.221262608489758,-4.409865770444056
-6.222703915086431,-4.40961611924188
-6.224145235454609,-4.409366223189455
-6.225586594882513,-4.409117017676063
-6.227027965912111,-4.408867613874882
-6.228469428500443,-4.4086188265756645
-6.229910895434175,-4.408369870385153
-6.2313524379833645,-4.408121503862317
-6.232793957011801,-4.407873024631998
-6.23423555053947,-4.407625127152896
-6.235677178939337,-4.407377272943046
-6.2371188904391115,-4.407129850047021
-6.238560630564823,-4.40688246104371
-6.2400024288923985,-4.406635443493616
-6.241444215821058,-4.406388536652577
-6.242886062742186,-4.40614198442961
-6.24432795177704,-4.405895548412526
-6.2457699076848705,-4.405649426234553
-6.247211874651957,-4.405403541349981
-6.248653894656739,-4.405157900723299
-6.250095934359836,-4.404912452566003
-6.251538038060719,-4.404667257135775
-6.252980194731389,-4.404422269673742
-6.254422348564027,-4.404177484806334
-6.255864544988621,-4.403932892204265
-6.257306781094716,-4.403688502627108
-6.258749037556435,-4.403444343640771
-6.2601913323471505,-4.4032003441941745
-6.261633659826003,-4.402956584312892
-6.263076037576073,-4.402713087635503
-6.264518462089542,-4.402469812666421
-6.265960909383853,-4.402226744887444
-6.2674033762560875,-4.40198390564017
-6.268845878858187,-4.40174125319603
-6.270288417431005,-4.4014987751197
-6.271730960665385,-4.401256545349613
-6.273173549196246,-4.401014517561539
-6.274616182262103,-4.400772677238096
-6.276058832959783,-4.400531087723534
-6.2775015280997435,-4.4002897271349894
-6.278944255682846,-4.400048575251793
-6.280387005317771,-4.399807668895397
-6.281829805009893,-4.399566993641981
-6.283272643038298,-4.399326537011004
-6.284715495658016,-4.399086312210864
-6.286158379124911,-4.398846275027951
-6.287601318468856,-4.398606480129391
-6.2890442621300675,-4.398366859619633
-6.2904872520546515,-4.398127447524585
-6.2919302597600115,-4.397888250292184
-6.293373301752242,-4.397649316544627
-6.29481641895055,-4.397410602801069
-6.296259542075274,-4.397172104847838
-6.297702689556721,-4.396933847497954
-6.299145860511671,-4.396695803584875
-6.300589109531788,-4.396457974436742
-6.302032386551572,-4.3962203609998705
-6.303475665628277,-4.3959829636425765
-6.304918979539353,-4.395745780844611
-6.3063623354866705,-4.395508799125091
-6.307805725088943,-4.395272024639109
-6.309249152545354,-4.395035440671742
-6.310692581152381,-4.394799018533511
-6.312136054786935,-4.3945628682905635
-6.3135795651745115,-4.3943269250656884
-6.315023065537183,-4.394091178393632
-6.316466622649621,-4.393855675431895
-6.31791020492587,-4.393620405690224
-6.319353818041641,-4.393385375920979
-6.320797468148195,-4.3931505210958335
-6.322241137252762,-4.392915917734575
-6.323684827768482,-4.39268153639792
-6.325128569643223,-4.392447375680801
-6.326572325698084,-4.392213403968786
-6.328016124075247,-4.391979688383638
-6.3294599579741835,-4.3917461929563295
-6.330903853987685,-4.391512914974635
-6.33234776708566,-4.391279861940185
-6.333791705131805,-4.391047014680703
-6.3352356592393795,-4.390814377188195
-6.336679672555145,-4.390581938433684
-6.338123718378396,-4.390349738349633
-6.339567769485566,-4.390117724025871
-6.341011848296051,-4.3898858989837715
-6.3424559470968385,-4.389654334565965
-6.343900117296932,-4.3894230298075705
-6.345344288133923,-4.389191944637818
-6.346788541763455,-4.388961058259817
-6.348232814031395,-4.388730407720087
-6.34967709397621,-4.38849997161101
-6.35112142472035,-4.388269702620612
-6.352565775308531,-4.38803966749237
-6.354010145675973,-4.3878098492038315
-6.355454544710462,-4.387580260200689
-6.3568990038085635,-4.387350873107453
-6.35834346080434,-4.387121725151267
-6.359787984335629,-4.3868928046847415
-6.361232548652093,-4.3866640786330375
-6.362677119131044,-4.386435587727904
-6.364121739194592,-4.386207285401116
-6.365566395278971,-4.385979206315743
-6.367011072770057,-4.3857513683058045
-6.368455778420665,-4.38552377133728
-6.369900539341017,-4.385296384600182
-6.371345293343295,-4.385069232608005
-6.372790114668503,-4.384842232757106
-6.374234936590135,-4.384615474613495
-6.375679822964668,-4.3843889768074975
-6.377124753476633,-4.384162628621038
-6.3785696970258545,-4.383936530756942
-6.38001467191609,-4.383710667864565
-6.381459687292312,-4.383485015667683
-6.3829047446131275,-4.383259597477197
-6.384349792751709,-4.383034398777913
-6.385794909727977,-4.382809448045045
-6.3872400887261715,-4.382584666566476
-6.388685282502379,-4.382360114172227
-6.390130493663133,-4.382135750202127
-6.391575699109494,-4.381911626089621
-6.39302093695107,-4.381687721186676
-6.394466244703039,-4.381464011126921
-6.39591157669994,-4.381240540729641
-6.397356941611301,-4.381017269194172
-6.3988023443059765,-4.3807942372279065
-6.400247785953885,-4.380571391033377
-6.401693234567103,-4.380348812128003
-6.4031387432800155,-4.380126430089154
-6.404584235578344,-4.379904261470543
-6.406029800697573,-4.379682336923662
-6.407475409507125,-4.379460631316381
-6.408921048128588,-4.379239159099566
-6.41036674529424,-4.3790178967967845
-6.411812433112685,-4.3787967911903305
-6.413258162082036,-4.378575956893196
-6.414703952335389,-4.378355346333002
-6.416149726548703,-4.378134944287973
-6.417595531496501,-4.377914775770058
-6.419041435348895,-4.377694791777755
-6.420487347318248,-4.377475045280269
-6.4219332739883646,-4.377255543043416
-6.423379255163929,-4.3770362248341526
-6.424825266231811,-4.376817126340908
-6.426271279469932,-4.3765982553682585
-6.427717353257756,-4.376379558730512
-6.429163458663433,-4.3761610755172775
-6.430609570907856,-4.375942889167991
-6.43205573033118,-4.375724896750396
-6.43350195266804,-4.375507117515778
-6.434948177917686,-4.3752895788237
-6.436394428544109,-4.375072203636017
-6.437840722735531,-4.374855048048844
-6.4392870692985555,-4.374638120827077
-6.440733463590108,-4.374421443244249
-6.442179846723536,-4.37420499974809
-6.44362625519899,-4.373988690811423
-6.445072706235992,-4.37377263294249
-6.44651917872377,-4.3735567812390705
-6.447965712803267,-4.373341225612821
-6.449412299024103,-4.373125831736772
-6.4508588745247915,-4.372910692542298
-6.45230548943367,-4.372695729632057
-6.453752132871568,-4.372481016285941
-6.4551988279754715,-4.372266491204364
-6.4566455705546275,-4.372052201839669
-6.458092314934336,-4.371838140933829
-6.459539105645118,-4.3716242697971825
-6.460985906491288,-4.37141058615672
-6.462432748173869,-4.37119710446638
-6.463879638328812,-4.370983880988265
-6.465326551942569,-4.370770908513582
-6.466773511531411,-4.370558157565038
-6.468220486932637,-4.37034557081923
-6.4696674775949585,-4.3701332038291385
-6.471114513271758,-4.369921020267292
-6.472561600189212,-4.369709080243527
-6.474008672730984,-4.369497366240086
-6.475455781811569,-4.3692858854669865
-6.476902951463532,-4.369074568596118
-6.478350131825358,-4.368863446837749
-6.479797324267162,-4.368652517935981
-6.4812445542167545,-4.368441905330617
-6.4826918211190305,-4.368231522168676
-6.484139158236155,-4.36802133150317
-6.485586474532418,-4.367811355163754
-6.4870338434855706,-4.367601571690938
-6.4884812387477595,-4.367392038901012
-6.489928692381431,-4.36718271934226
-6.491376151231959,-4.366973648751538
-6.4928236769442655,-4.366764775504035
-6.494271213770891,-4.366556068967837
-6.495718782090844,-4.366347606390942
-6.4971663996234055,-4.366139390872317
-6.498614051576495,-4.365931392803286
-6.500061698894724,-4.365723562873972
-6.501509368927855,-4.365515913722267
-6.502957083600087,-4.365308551436489
-6.504404824065948,-4.365101379961299
-6.505852606974678,-4.3648944233019
-6.5073004388661655,-4.364687659717491
-6.508748279786486,-4.364481110580491
-6.510196126661329,-4.364274779538012
-6.511644037980739,-4.364068715087066
-6.513092006359915,-4.3638628598799665
-6.514539997222717,-4.363657178741911
-6.515988002447784,-4.363451762909513
-6.517436039504571,-4.363246540695137
-6.518884095222081,-4.363041537785356
-6.520332192672038,-4.362836765879657
-6.521780295549705,-4.362632171281535
-6.523228435320668,-4.36242781761767
-6.524676609605799,-4.362223652585867
-6.526124818093937,-4.362019674802912
-6.527573076346273,-4.361815980644126
-6.529021340574498,-4.361612493704536
-6.530469653108051,-4.361409231068192
-6.531918026796532,-4.361206157478318
-6.533366387843719,-4.361003297046652
-6.534814810012467,-4.360800671574879
-6.536263251968422,-4.360598252979204
-6.5377116998647935,-4.36039604475144
-6.5391602266792885,-4.360194076712275
-6.540608733060848,-4.359992220057652
-6.5420572698866515,-4.3597906703616145
-6.543505848777942,-4.359589331859291
-6.5449544529493675,-4.359388203856087
-6.546403104902501,-4.359187305038796
-6.547851776045682,-4.358986653543713
-6.549300472186872,-4.3587861676801065
-6.550749248179029,-4.358585876650856
-6.552198042855528,-4.358385757180965
-6.553646848122039,-4.358185946727544
-6.5550956822951445,-4.357986352165647
-6.556544551148486,-4.357786953414404
-6.557993437226949,-4.357587698332784
-6.559442338552258,-4.357388700413934
-6.56089125884168,-4.357189928814513
-6.562340233748218,-4.35699140670329
-6.563789245501507,-4.356793115347774
-6.565238278653366,-4.356595003104112
-6.566687379010043,-4.356397120518794
-6.568136518060267,-4.356199429971768
-6.569585672157059,-4.3560019862975405
-6.571034843012066,-4.355804771604019
-6.5724840383141725,-4.355607676501163
-6.573933251892626,-4.355410821986633
-6.575382497020609,-4.355214247896901
-6.576831799819237,-4.35501787709052
-6.57828116949504,-4.354821692432407
-6.57973051930464,-4.354625718733718
-6.581179877612353,-4.354429942931416
-6.58262929231336,-4.354234454647307
-6.58407877182271,-4.354039121769118
-6.585528266104124,-4.353843991089306
-6.586977758294689,-4.353649097307069
-6.588427284882526,-4.353454490084165
-6.5898768748034895,-4.353260060926055
-6.591326496531285,-4.35306582980035
-6.592776149190907,-4.352871766935503
-6.594225785355399,-4.352677880222162
-6.5956754569576015,-4.35248424959639
-6.597125187920447,-4.352290925799234
-6.598574951508581,-4.3520977048210145
-6.600024697986606,-4.3519047100758
-6.601474470906852,-4.351711975766527
-6.60292431023082,-4.351519475834201
-6.604374188622928,-4.35132709668004
-6.605824102830689,-4.351135019820461
-6.607274031827527,-4.350943091469384
-6.608723980355188,-4.350751438239268
-6.610173954126177,-4.350559949933324
-6.611623980279594,-4.350368685100819
-6.613074069699698,-4.350177713337912
-6.614524162275471,-4.349986869930822
-6.615974251735641,-4.349796280627104
-6.617424376568596,-4.34960589180482
-6.618874521135995,-4.349415727764876
-6.620324718399135,-4.349225757808309
-6.62177495686821,-4.349036005304898
-6.623225172200152,-4.348846420023848
-6.624675448277861,-4.348657121672079
-6.6261257681087935,-4.348467928302819
-6.627576105295927,-4.348279012550153
-6.629026450635323,-4.348090387802621
-6.6304768359157285,-4.347901942347897
-6.631927290909616,-4.347713688692967
-6.633377770662344,-4.347525620880846
-6.6348282642332235,-4.347337758689108
-6.636278746946221,-4.347150158124771
-6.637729299487685,-4.346962793089414
-6.639179876461981,-4.346775610000653
-6.640630475744844,-4.346588663784042
-6.642081136347042,-4.346401920277932
-6.643531838425804,-4.346215418025093
-6.644982540869314,-4.3460290899981775
-6.646433261920342,-4.345842942775267
-6.6478840509366925,-4.3456570184239265
-6.649334830365525,-4.34547131557318
-6.650785589877127,-4.3452858022054555
-6.652236431606788,-4.345100519711947
-6.653687288328027,-4.344915391553484
-6.655138193567097,-4.344730504999589
-6.656589102582504,-4.344545906094376
-6.658040018819581,-4.344361481884029
-6.659491021513069,-4.344177269353203
-6.660942029846975,-4.343993265115342
-6.662393038302149,-4.343809507787768
-6.663844141990069,-4.343625937955927
-6.665295215088534,-4.343442540389504
-6.666746351678778,-4.343259344300992
-6.668197484677672,-4.343076417225939
-6.6696486737678065,-4.3428937194367645
-6.671099869953627,-4.342711180585555
-6.672551098148492,-4.3425288558525015
-6.674002330118577,-4.342346769709366
-6.67545363165874,-4.342164894062764
-6.6769049975557655,-4.341983265478178
-6.678356344364337,-4.341801829652474
-6.679807750653328,-4.341620597772968
-6.681259136921242,-4.341439534252205
-6.68271053791987,-4.3412587336402755
-6.684162012790999,-4.341078151870967
-6.685613473489102,-4.340897761273281
-6.687064984937679,-4.340717563184986
-6.688516565299505,-4.340537619846894
-6.68996812772594,-4.340357826477831
-6.691419745975962,-4.3401782198007
-6.69287140548399,-4.339998887715042
-6.694323050008988,-4.339819820496581
-6.695774724118329,-4.339640951009407
-6.697226459406735,-4.339462290087345
-6.698678216153853,-4.33928374681548
-6.700129926930881,-4.339105416958275
-6.701581708937109,-4.338927316812555
-6.703033555225168,-4.338749549423656
-6.704485400709103,-4.338571952383103
-6.705937302438549,-4.338394517747326
-6.707389186427084,-4.338217324456576
-6.708841135367354,-4.33804030565008
-6.710293073352845,-4.3378635046971485
-6.711745067782857,-4.337686887546377
-6.713197076466881,-4.337510548732717
-6.7146491241021815,-4.33733440509245
-6.716101180349382,-4.337158447712048
-6.717553287882116,-4.336982675991159
-6.719005426724969,-4.336807215490413
-6.720457562649598,-4.3366318546354545
-6.721909739506747,-4.336456716285871
-6.723361960728704,-4.33628189275217
-6.724814163291967,-4.336107222268653
-6.72626642809089,-4.335932746050604
-6.727718751169534,-4.335758544800782
-6.729171092388393,-4.335584558606313
-6.730623470934773,-4.335410774112457
-6.732075869005463,-4.335237142238244
-6.733528313754054,-4.335063807142005
-6.734980758944414,-4.334890655179158
-6.736433239157111,-4.334717721169005
-6.737885752893819,-4.3345449814962915
-6.739338321488322,-4.334372474655454
-6.7407909176906955,-4.334200185332562
-6.742243498010632,-4.334028015898811
-6.743696122582966,-4.333856064678002
-6.745148747495102,-4.333684320398293
-6.746601409110767,-4.333512854292918
-6.748054077673937,-4.3333415959585535
-6.749506819352667,-4.3331704841640075
-6.750959540836599,-4.33299958792906
-6.752412285061228,-4.332828841109559
-6.753865097496004,-4.332658388274727
-6.755317910562937,-4.332488167348465
-6.756770759884159,-4.332318146437394
-6.7582236588928275,-4.332148273804068
-6.759676430084243,-4.331977287246229
-6.761128927210039,-4.331803664436989
-6.762581610054575,-4.331632773298989
-6.764034570115519,-4.331463618432152
-6.7654875126072,-4.331294234731488
-6.766940162105968,-4.331121677103309
-6.768393048250416,-4.33095165656179
-6.769846104208151,-4.330783358276665
-6.771299174146495,-4.330614809095681
-6.77275188227752,-4.330442947884833
-6.774204829305244,-4.330273804979896
-6.775658019223036,-4.3301063253449374
-6.777111183089235,-4.329938507956888
-6.778564020004443,-4.329767463868187
-6.780017075257145,-4.329599181426186
-6.781470293920115,-4.329432214584274
-6.782923357365034,-4.329262156033927
-6.7843761290920925,-4.32909039988645
-6.785829287991251,-4.328922721167392
-6.787282697610713,-4.32875627237791
-6.788735751882598,-4.32858618474891
-6.790188638354234,-4.328415222176761
-6.791641938433137,-4.328248479168276
-6.79309544126249,-4.328082812115911
-6.794548571055923,-4.327913304979693
-6.796001569963606,-4.327743125443361
-6.797454929662862,-4.327577214133123
-6.798908479760354,-4.3274123054531115
-6.8003616416555985,-4.327243514467148
-6.8018147351465315,-4.327074141680592
-6.803268175052352,-4.326908976569312
-6.8047217793318096,-4.326744858406983
-6.806175034660048,-4.326576817341519
-6.807628218177769,-4.326408207772276
-6.80908181331134,-4.326243965178531
-6.810535567641619,-4.326080705906306
-6.811988878458377,-4.325913338177067
-6.813442114766294,-4.325745525221293
-6.814895821875582,-4.32558211251894
-6.816349653375085,-4.325419617911185
-6.817803065146778,-4.325253017463039
-6.819256389522799,-4.325085950971397
-6.820710186036499,-4.324923403138183
-6.822164091817922,-4.324761711458058
-6.823617556085656,-4.324595805825791
-6.825070991331086,-4.324429526590933
-6.826524879010248,-4.324267877573455
-6.827978910925209,-4.324106998850112
-6.8294324826405,-4.323941752867495
-6.830886008665882,-4.3237762000643984
-6.832339917301308,-4.323615318998997
-6.833793988319155,-4.323455231533438
-6.835247670261185,-4.323290744664501
-6.836701294650575,-4.3231260205974005
-6.8381553741521115,-4.322966072313181
-6.839609583821805,-4.3228067818904075
-6.841063306012826,-4.322642982799654
-6.842516987401238,-4.322479073588097
-6.843971103330058,-4.322319405241348
-6.845425102362869,-4.322157003956459
-6.846878860475825,-4.321993513156478
-6.8483330480184,-4.321834526226562
-6.8497871723747235,-4.321673041043961
-6.851241000438018,-4.321510169552161
-6.852695237712445,-4.32135137502569
-6.8541492900572445,-4.32118952204914
-6.855603189289508,-4.321027220775672
-6.857057491650742,-4.32086905579395
-6.858511559374914,-4.320707770168028
-6.859965497951098,-4.320546029999651
-6.861419867559015,-4.320388477159037
-6.862873983849601,-4.320227701668858
-6.8643279879233985,-4.320066631901803
-6.865782452910798,-4.319909711276856
-6.8672366521039905,-4.319749480021718
-6.868690701428357,-4.319588968330542
-6.870145196195182,-4.31943262769837
-6.871599442210207,-4.319272963807013
-6.873053560101115,-4.319113045469274
-6.874508124585369,-4.31895732860589
-6.875962406614784,-4.318798179111553
-6.8774165874211,-4.318638872002662
-6.878871196877744,-4.318483716670008
-6.8803255222544255,-4.3183251542863115
-6.8817797431572165,-4.318166380206622
-6.883234441310291,-4.318011821574836
-6.884688829697728,-4.317853791153345
-6.8861431553408075,-4.317695600387138
-6.887597898019952,-4.317541658499213
-6.889052332908222,-4.317384182500143
-6.890506646472688,-4.3172265193250725
-6.891961411307149,-4.317073157024421
-6.893415916234053,-4.316916220774055
-6.89487032515675,-4.316758774045613
-6.8963249093595245,-4.316602037594769
-6.8977794099841585,-4.316445285735471
-6.89923427948756,-4.316290702882029
-6.900688884177155,-4.316133675172553
-6.902143447322127,-4.315977088293649
-6.903598086613101,-4.315820855408005
-6.905052723687991,-4.315664605083601
-6.906507429988708,-4.315508869066105
-6.907962125641732,-4.31535279243494
-6.909416784527497,-4.315197034916994
-6.9108714990898985,-4.315041659849934
-6.912326201262016,-4.314886124212241
-6.913780911913593,-4.314730765290203
-6.91523561625398,-4.314575690471289
-6.916690381382669,-4.314421056356991
-6.9181451435014845,-4.31426627719529
-6.919599885951632,-4.3141117222898195
-6.921054635690739,-4.313957357512114
-6.9225094043135655,-4.3138031521796165
-6.923964230651637,-4.31364917197002
-6.925419062691287,-4.313495347466243
-6.926873901461915,-4.313341694706579
-6.928328702534794,-4.313188250204641
-6.9297835645903465,-4.313034996005477
-6.93123845958918,-4.312881948521756
-6.932693328982601,-4.312729071342913
-6.934148217764697,-4.312576390351827
-6.935603154800809,-4.312423908313647
-6.937058095591798,-4.312271603877777
-6.938513023468957,-4.312119452939655
-6.939967959794361,-4.311967525495637
-6.941422948549864,-4.311815764114587
-6.942877975400485,-4.311664235321034
-6.9443329942716145,-4.31151287224268
-6.945788028855318,-4.311361690274414
-6.947243090323688,-4.311210722846132
-6.948698148135833,-4.311059934070898
-6.950153228985055,-4.310909317410863
-6.95160834328224,-4.3107589359696625
-6.953063472806301,-4.310608730386347
-6.954518643141457,-4.310458701722967
-6.955973789836216,-4.3103088059560335
-6.957428934014461,-4.310159177492476
-6.958884160371587,-4.310009715933086
-6.960339410477841,-4.30986044307202
-6.96179467828867,-4.309711378896529
-6.963249924669645,-4.309562463966873
-6.964705227515728,-4.309413780191779
-6.966160476829761,-4.309265221355892
-6.967615791396013,-4.30911688832811
-6.969071143230702,-4.308968733611828
-6.970526489270821,-4.30882080992772
-6.971981822064155,-4.30867302523089
-6.973437196947618,-4.3085254389639855
-6.974892592074567,-4.308378058943764
-6.976347975079603,-4.308230828379277
-6.977803355908274,-4.308083799191621
-6.979258787145305,-4.307936990969478
-6.9807142899851,-4.307790352484407
-6.98216978797708,-4.307643902058851
-6.983625246099342,-4.307497651559099
-6.985080763519447,-4.307351603418794
-6.986536264617773,-4.307205707081709
-6.987991782062476,-4.307059999370397
-6.989447347419742,-4.306914491580686
-6.990902950262138,-4.306769203844426
-6.992358553923915,-4.306624070434231
-6.993814165156284,-4.30647915125084
-6.995269805166304,-4.306334381804305
-6.996725446890913,-4.306189860166381
-6.9981810742930595,-4.306045448757526
-6.999636717812862,-4.30590128901431
-7.0010924333981075,-4.305757307992522
-7.002548136046599,-4.305613508717302
-7.0040038666309625,-4.305469876480101
-7.005459624075072,-4.305326436730465
-7.006915364552112,-4.305183198212374
-7.008371122994207,-4.305040142959989
-7.009826943957025,-4.304897287990653
-7.01128276399976,-4.304754630708738
-7.012738547173211,-4.304612125861023
-7.014194379599317,-4.3044698544439814
-7.015650258225468,-4.30432777141715
-7.017106100210086,-4.304185868766858
-7.018562007139192,-4.3040441218007475
-7.02001794515427,-4.3039026129301154
-7.021473886053546,-4.303761263715039
-7.022929813243342,-4.303620128325643
-7.024385769068178,-4.303479134608126
-7.025841750533248,-4.303338350636044
-7.027297736309289,-4.303197769742555
-7.028753755989738,-4.3030573932901595
-7.03020979874122,-4.302917184397934
-7.03166582886943,-4.302777205274616
-7.033121916693226,-4.302637359970143
-7.034577974091052,-4.3024976958034316
-7.036034026524114,-4.302358218462956
-7.0374901111963535,-4.3022189363215215
-7.038946248986063,-4.302079870479098
-7.040402404203338,-4.301941016954525
-7.041858527319286,-4.30180229461736
-7.04331466540156,-4.301663765467506
-7.044770863819204,-4.301525442037728
-7.046227114977741,-4.301387306683792
-7.047683315619009,-4.3012493915253724
-7.049139509501768,-4.301111619254441
-7.050595750257976,-4.300974052736945
-7.052052036805283,-4.300836668023915
-7.0535083244826415,-4.300699510297816
-7.054964628400361,-4.300562522513834
-7.05642091780987,-4.300425711682582
-7.057877250840071,-4.30028908935694
-7.059333557392925,-4.300152657926052
-7.060789923180735,-4.300016417011239
-7.06224631908208,-4.299880386831285
-7.06370271326223,-4.299744555718629
-7.06515913650371,-4.299608876306989
-7.0666155559454555,-4.299473410617189
-7.068072014572934,-4.299338106754603
-7.069528429757655,-4.299202992177701
-7.070984866378645,-4.299068068810814
-7.072441353151247,-4.298933335897414
-7.073897876883609,-4.2987988131516595
-7.075354378359394,-4.298664470862312
-7.076810874497418,-4.298530285277008
-7.078267394020668,-4.298396323235963
-7.079723949848557,-4.298262527358624
-7.081180541963657,-4.298128947576364
-7.082637167690738,-4.2979955588880285
-7.084093755904641,-4.297862341924029
-7.085550388724362,-4.297729328543369
-7.0870070146888695,-4.297596514679879
-7.088463648968162,-4.297463883768637
-7.089920330071343,-4.2973314249788706
-7.091377053821976,-4.297199178360421
-7.092833783710408,-4.297067111990325
-7.09429049393814,-4.296935257240203
-7.095747243820249,-4.296803563567616
-7.097204010682951,-4.296672054697836
-7.098660742956989,-4.296540745153641
-7.100117503299449,-4.296409619002531
-7.101574316503637,-4.296278683693332
-7.103031173614786,-4.296147969803053
-7.1044880361208,-4.296017407564443
-7.105944859281369,-4.295887029993398
-7.107401696168567,-4.29575684542181
-7.108858579336309,-4.295626853081506
-7.110315470372795,-4.2954970897783635
-7.111772349332009,-4.2953674572714915
-7.113229264851553,-4.295238034488239
-7.114686214681553,-4.2951088303035405
-7.116143185446438,-4.294979812247711
-7.117600172710689,-4.294850974323354
-7.119057163799543,-4.2947223045284515
-7.120514144093806,-4.294593842363813
-7.12197116534171,-4.2944655919767545
-7.123428229246457,-4.294337513557192
-7.124885258523319,-4.2942096001516035
-7.126342295805929,-4.294081892329144
-7.127799362488745,-4.293954363876166
-7.129256433579014,-4.29382702608007
-7.130713527169654,-4.293699879659222
-7.132170645152133,-4.293572914392474
-7.133627787300527,-4.293446140290827
-7.135084931956993,-4.293319599574481
-7.136542101615129,-4.293193245866456
-7.137999268522196,-4.293067031553217
-7.139456419935177,-4.292941017773038
-7.1409136344801425,-4.292815218248466
-7.142370862499905,-4.292689590666795
-7.143828103011093,-4.292564144329911
-7.145285331436274,-4.292438938776565
-7.146742595559734,-4.292313863515546
-7.1481998988413755,-4.292189018586342
-7.149657193294722,-4.292064349451125
-7.1511144372213495,-4.291939841069744
-7.152571761725893,-4.2918155493890175
-7.15402910110468,-4.291691449793101
-7.15548645530417,-4.291567554524472
-7.156943819622929,-4.291443861185234
-7.15840119742919,-4.291320330348933
-7.15985862323925,-4.2911969756426
-7.1613160294297185,-4.291073824441546
-7.162773452209281,-4.290950863214555
-7.164230881836871,-4.29082809521109
-7.165688326140956,-4.290705503758108
-7.167145744592881,-4.290583098491974
-7.168603227031192,-4.290460894369935
-7.170060714705979,-4.290338873114073
-7.171518194787941,-4.290217038232716
-7.172975720240795,-4.290095419995364
-7.174433278142475,-4.289973986874609
-7.175890858939873,-4.289852721934489
-7.177348417869185,-4.289731687058887
-7.178805994513829,-4.289610826435295
-7.180263596305782,-4.28949014446131
-7.1817211881679,-4.289369639468871
-7.183178748340563,-4.2892493527594855
-7.184636405268223,-4.2891292303785615
-7.186094048601437,-4.289009314454669
-7.187551692095398,-4.28888957506283
-7.189009359916884,-4.288770020584828
-7.190467044711635,-4.288650667966805
-7.191924752981713,-4.288531496784234
-7.193382457276183,-4.288412566646346
-7.194840221432891,-4.288293825038708
-7.196297989499961,-4.288175242298222
-7.197755728957031,-4.288056848007633
-7.199213531195905,-4.287938645705072
-7.200671342258387,-4.287820627051472
-7.2021291070420315,-4.287702777954989
-7.2035868705540755,-4.2875851455019225
-7.205044739545103,-4.287467670615969
-7.206502581372163,-4.287350410661764
-7.207960434692398,-4.287233344652022
-7.209418306134108,-4.2871164760157745
-7.210876195948996,-4.286999804154498
-7.212334072951361,-4.286883270978133
-7.2137919411988864,-4.286766958130586
-7.215249898431338,-4.286650824716712
-7.216707852661185,-4.286534899670336
-7.218165779857629,-4.2864191570729675
-7.219623743698479,-4.286303606257893
-7.221081687712882,-4.286188246359996
-7.222539652157245,-4.286073049581869
-7.223997637618101,-4.285958060286502
-7.225455636355583,-4.285843237687194
-7.226913656230518,-4.28572866814402
-7.228371697957691,-4.285614285997612
-7.229829752135653,-4.285500105411957
-7.231287811958304,-4.28538603833451
-7.232745861969184,-4.285272276262453
-7.23420393576254,-4.285158614014887
-7.23566205687533,-4.285045070991862
-7.237120179711685,-4.284931957460509
-7.2385782872804905,-4.284818919283679
-7.2400364552053915,-4.284706037327256
-7.241494636476656,-4.284593395020699
-7.242952768025862,-4.2844808530407725
-7.244410932890596,-4.284368624031612
-7.245869130578008,-4.284256438664748
-7.247327352327283,-4.2841446010654245
-7.248785574207203,-4.284032766949987
-7.25024382724569,-4.283921414539798
-7.251702065271249,-4.2838100007971835
-7.253160336891488,-4.283698915458595
-7.254618554083274,-4.283587817104074
-7.256076828716978,-4.283477235630089
-7.257535146867365,-4.283366595480005
-7.258993418243734,-4.28325627166419
-7.260451715455661,-4.283145851188827
-7.261910014737243,-4.283036145320563
-7.2633683448368584,-4.282926196093671
-7.264826676876877,-4.282816713634242
-7.266285028009524,-4.282707150264824
-7.267743373046969,-4.282598107302584
-7.269201757779218,-4.282488853816802
-7.270660157818202,-4.282380279335901
-7.272118565435142,-4.282271461405926
-7.27357698690839,-4.282163239104684
-7.275035422685268,-4.2820547603180925
-7.2764938813556705,-4.281946945663536
-7.27795234948613,-4.281838838898578
-7.279410826482105,-4.281731435928977
-7.280869258598379,-4.281623688086259
-7.282327751280558,-4.281516624221007
-7.283786214045133,-4.281409240281554
-7.285244758836831,-4.281302621795646
-7.286703242157924,-4.281195636817327
-7.288161769839523,-4.281089401451543
-7.2896202987595204,-4.280982745123152
-7.291078885813531,-4.280876972007258
-7.292537417642741,-4.2807707001980715
-7.293995963769307,-4.280665321254632
-7.295454527897062,-4.2805594053471285
-7.296913211127972,-4.280454475070842
-7.298371835422565,-4.280348867530431
-7.299830434121623,-4.2802443352584865
-7.301289030822433,-4.2801391581418455
-7.302747701032056,-4.280035013437077
-7.304206361424808,-4.279930194479016
-7.305665086220292,-4.279826464094025
-7.307123710202687,-4.27972194163839
-7.308582429973956,-4.279618653833451
-7.310041073430506,-4.279514553975051
-7.311499835580825,-4.279411621994029
-7.312958526075605,-4.279307894286233
-7.314417286476603,-4.279205323295637
-7.315875989395664,-4.279101988637656
-7.317334749857223,-4.278999844463636
-7.318793492690807,-4.2788968261819775
-7.320252307899744,-4.278795182820388
-7.321711059829897,-4.278692611408314
-7.323169923781286,-4.278591291133648
-7.324628690302289,-4.278489014489853
-7.326087531555621,-4.2783882144667915
-7.3275463474093225,-4.278286318694148
-7.329005238478576,-4.278185826768014
-7.330464082283479,-4.2780843115823695
-7.331923002860734,-4.277984281168353
-7.333381851832773,-4.277883132370831
-7.334840749748435,-4.277783453885978
-7.336299616141778,-4.2776826618279795
-7.337758579686695,-4.277583456830425
-7.339217496825625,-4.2774830616172
-7.340676472597549,-4.277384197501199
-7.34213534400412,-4.277284154097971
-7.3435942708374435,-4.277185734449091
-7.3450532332429574,-4.277086081605573
-7.346512232167195,-4.276988022289265
-7.347971193673075,-4.276888781995397
-7.349430208937615,-4.276791077532948
-7.350889198445061,-4.276692244610453
-7.352348217184548,-4.276594942318227
-7.353807177317543,-4.2764964897561555
-7.355266271549384,-4.27639953465436
-7.356725241550845,-4.276301519840861
-7.358184318866345,-4.276204969395962
-7.359643331821363,-4.276107330601697
-7.361102429905123,-4.276011120324993
-7.362561470048871,-4.275913909442343
-7.364020604651108,-4.275818087112352
-7.36547966415584,-4.275721286159263
-7.366938814929338,-4.275625860626834
-7.368397898177527,-4.27552949188004
-7.369857057985544,-4.27543443400978
-7.3713161640449805,-4.27533842508499
-7.372775332637245,-4.275243762366704
-7.374234502063455,-4.275148127685246
-7.375693715193728,-4.275053855889075
-7.377152859980683,-4.274958649781925
-7.378612067858399,-4.274864767517193
-7.380071247063604,-4.274769945989917
-7.381530460433695,-4.274676396924028
-7.3829896320444135,-4.274582016511447
-7.384448930781283,-4.2744888774722325
-7.385908173489417,-4.274394843008881
-7.387367434402549,-4.274302114059387
-7.388826671969275,-4.274208513515856
-7.390285995448401,-4.274116117543335
-7.391745255646856,-4.274022919763239
-7.393204527048675,-4.273930904846489
-7.394663805789145,-4.2738381052422
-7.396123158563723,-4.27374648147133
-7.397582469967919,-4.273653997170415
-7.399041809824187,-4.273562642128928
-7.400501070566719,-4.273469943066501
-7.401960290155815,-4.273376318257688
-7.4034193122210485,-4.273280798197809
-7.404878220472275,-4.273184484623429
-7.406337023242642,-4.273088299410126
-7.407795704545588,-4.272992293331337
-7.409254358297745,-4.272896505838841
-7.410712970251403,-4.272800915329998
-7.412171513603174,-4.272705520892492
-7.4136300341210495,-4.272610361521547
-7.415088492975268,-4.2725153461858785
-7.416546915063417,-4.272420572831451
-7.418005325318929,-4.272326032641347
-7.419463708818569,-4.27223169916381
-7.420922115475209,-4.272137553967098
-7.4223804596879805,-4.272043574997092
-7.42383881703874,-4.27194982515738
-7.425297145934149,-4.271856286613083
-7.426755461804179,-4.271762942135573
-7.428213770567786,-4.271669830099964
-7.42967210039202,-4.271576894901598
-7.431130431119096,-4.271484166843947
-7.432588784648581,-4.271391660377643
-7.434047101259155,-4.271299358616877
-7.435505435870649,-4.271207221404019
-7.436963776930492,-4.2711153761802105
-7.438422124406625,-4.271023713815755
-7.439880442256841,-4.270932176852752
-7.441338793778408,-4.270840904790221
-7.442797137674858,-4.270749808941561
-7.444255505889572,-4.270658920796647
-7.445713872253096,-4.270568267843223
-7.447172203095817,-4.270477745161504
-7.448630583720648,-4.27038747035924
-7.450088932910057,-4.270297429796544
-7.451547307893257,-4.270207568694249
-7.4530057158577385,-4.270117928113342
-7.454464127470626,-4.270028463013727
-7.455922529241668,-4.269939192888745
-7.45738094266494,-4.2698501338259325
-7.458839322041969,-4.26976124928497
-7.460297706040565,-4.269672552711869
-7.461756096203284,-4.269584089789818
-7.463214513128014,-4.2694957930992485
-7.464672963396337,-4.269407734875312
-7.466131395133234,-4.269319903120409
-7.4675897918523475,-4.26923225596598
-7.46904824996271,-4.269144848339355
-7.470506712728401,-4.269057616297463
-7.471965179561208,-4.268970592785384
-7.473423673337015,-4.268883770511428
-7.474882132429791,-4.268797154168936
-7.476340588609795,-4.268710675219498
-7.4777990599303,-4.26862441686853
-7.479257547467205,-4.268538388446102
-7.480716063811212,-4.268452579571706
-7.482174566441338,-4.268366939891622
-7.48363303149816,-4.26828150403774
-7.485091539009001,-4.268196322471764
-7.486550072896753,-4.268111318415548
-7.488008630488037,-4.268026508050537
-7.489467151074193,-4.26794196757816
-7.490925723236633,-4.267857592848883
-7.4923842939998035,-4.267773387189102
-7.493842871444609,-4.267689466268097
-7.495301440880701,-4.267605692077477
-7.496759979381729,-4.26752205922963
-7.4982185728667226,-4.267438802724831
-7.499677191378807,-4.267355633060019
-7.501135834869945,-4.267272730837503
-7.502594463623706,-4.267189990775786
-7.504053040871269,-4.2671074601993295
-7.505511659258211,-4.267025212710749
-7.506970346703078,-4.266943111528992
-7.508429006710887,-4.266861239202742
-7.50988770106448,-4.266779527296608
-7.511346394832442,-4.2666981390809005
-7.512805139863467,-4.266616877368052
-7.5142638605229735,-4.2665358423632345
-7.515722609756097,-4.266455070647788
-7.517181336041151,-4.266374455949112
-7.518640087997826,-4.2662940356818115
-7.520098820078396,-4.266213825444692
-7.521557594712071,-4.2661338920295675
-7.523016400180033,-4.266054289055537
-7.524475209347504,-4.265974859549732
-7.5259340391448,-4.265895625575338
-7.527392919522206,-4.265816744001978
-7.528851893337496,-4.265738106802474
-7.530310877352155,-4.265659724164434
-7.531769838878282,-4.2655817233915405
-7.533228830906628,-4.265503845227647
-7.534687860121186,-4.265426092323252
-7.536146933529065,-4.26534860325124
-7.537606047881935,-4.265271492596516
-7.539065224671147,-4.265194738340371
-7.54052439495249,-4.265118111254476
-7.541983588976235,-4.265041711371424
-7.543442871356346,-4.2649656507059746
-7.544902202247254,-4.2648898978866825
-7.546361534180167,-4.264814483418265
-7.547820964554048,-4.2647393653361165
-7.549280466036697,-4.264664355331139
-7.550739979172568,-4.264589481240794
-7.552199503607263,-4.26451505507173
-7.5536590819427065,-4.2644409056079144
-7.555118733162217,-4.264366865674593
-7.556578393972934,-4.26429311011537
-7.558038099286242,-4.264219694726385
-7.559497833884939,-4.264146605758155
-7.560957615233303,-4.264073759554123
-7.562417468254627,-4.264001037793118
-7.563877349981619,-4.26392858225449
-7.565337263142728,-4.2638564649182955
-7.566797226775551,-4.263784608325301
-7.568257257927596,-4.263713034838672
-7.569717289390213,-4.263641609377084
-7.57117738974134,-4.263570538617568
-7.572637543213869,-4.2634999137346
-7.574097797425439,-4.263429567836957
-7.575558055767058,-4.263359384524572
-7.577018390651424,-4.263289425882885
-7.5784787706417,-4.2632198031976865
-7.5799391889847705,-4.26315037390599
-7.581399680659969,-4.263081223040035
-7.582860205522019,-4.26301242701507
-7.584320785607695,-4.2629438509604185
-7.585781425232308,-4.262875561365806
-7.5872421183588745,-4.262807611686235
-7.58870286321015,-4.262739881855992
-7.59016368198496,-4.262672375397726
-7.59162449147086,-4.262605203997205
-7.593085423461518,-4.262538369975018
-7.594546375093909,-4.262471854636534
-7.596007433276895,-4.262406554000252
-7.5974688008564275,-4.262347461945152
-7.598930901269223,-4.262302039568636
-7.600394335418828,-4.262271589456129
-7.6018584990086335,-4.262241088459566
-7.603323263438709,-4.262210560675276
-7.604788629834039,-4.26218015118401
-7.60625456802514,-4.262149837930999
-7.607720902606133,-4.262119686522148
-7.60918758030331,-4.262089707756748
-7.610654586744064,-4.262059863202644
-7.612121837727659,-4.2620301577800905
-7.613589369199195,-4.26200056178498
-7.61505709482169,-4.261971130810493
-7.616524969451364,-4.261941839325834
-7.6179930344269815,-4.2619126964478635
-7.6194612461378055,-4.261883693911983
-7.620929536224661,-4.261854843375846
-7.622397919964929,-4.261826143844142
-7.623866407529108,-4.261797598942933
-7.625334955591706,-4.261769227115658
-7.626803561581536,-4.261741008269331
-7.6282721891352825,-4.261712945886966
-7.629740920153141,-4.261684999857881
-7.631209690945801,-4.261657218996544
-7.632678442088732,-4.261629608974152
-7.634147254281784,-4.261602121720561
-7.6356160827845505,-4.261574803065423
-7.637084927738297,-4.261547560774176
-7.638553813806533,-4.261520398965154
-7.640022685990049,-4.261493382180373
-7.641491510396395,-4.261466498082914
-7.642960321359349,-4.261439841399712
-7.644429024842319,-4.261413496190182
-7.64589770075627,-4.26138735485021
-7.64736637431295,-4.261361348301148
-7.648835112447803,-4.261335402687849
-7.650303926964119,-4.261309466687887
-7.651775897191896,-4.261314156830032
-7.653260041893327,-4.261373469530641
-7.654758858338166,-4.261456635312576
-7.65626780968673,-4.261539944391943
-7.657785616743766,-4.261623496436068
-7.659311599200289,-4.261708208696307
-7.660845521442728,-4.261809721206586
-7.662390378758914,-4.261925008968905
-7.663944034821672,-4.26204175727697
-7.665505343061533,-4.2621576609410265
-7.6670730680621055,-4.262266011057698
-7.6686449677686435,-4.2623587334944135
-7.670217960660601,-4.262429632868202
-7.671788826928703,-4.262476516407565
-7.673354787674876,-4.262500828753902
-7.674913620000036,-4.262504955922397
-7.676463680848316,-4.262492095554842
-7.678004060252912,-4.262466930126958
-7.679534818765353,-4.262435556982911
-7.681056757824902,-4.262402969181771
-7.682571295339356,-4.262374679482204
-7.68408053661835,-4.26235639830004
-7.685586924791471,-4.2623516656820435
-7.68709283943144,-4.262361354579585
-7.688600047605832,-4.26238401243163
-7.690109946697006,-4.26241746142993
-7.6916233142327775,-4.262459799409994
-7.693140700839322,-4.262507917436944
-7.694662179242425,-4.262560303711537
-7.696187472380968,-4.2626131118933595
-7.697715857112284,-4.26266370632528
-7.6992463817983685,-4.262708916088835
-7.700777991794416,-4.26274687264192
-7.702309447225113,-4.262777768376203
-7.7038400159429345,-4.262802823172472
-7.705369219028012,-4.262824061622304
-7.706896783024538,-4.262842752859682
-7.708422765025095,-4.262859608432965
-7.709947114765542,-4.262875414716547
-7.711469946616271,-4.26289130516487
-7.712991598633973,-4.262908194380626
-7.714512431940801,-4.262926826299848
-7.716032913327639,-4.262947791661753
-7.71755332883158,-4.262970735459521
-7.71907377397999,-4.262994023359529
-7.720594312601292,-4.263017235869259
-7.722114843766334,-4.263040355421196
-7.723635332980562,-4.26306342098698
-7.725155853783862,-4.263086441423637
-7.726676383246401,-4.263109478287552
-7.728196958777078,-4.263132459461438
-7.729717523841551,-4.263155401051132
-7.7312381627196505,-4.26317834527934
-7.732758806079983,-4.263201226023952
-7.734279379356897,-4.263224089113256
-7.735799939827415,-4.26324689500008
-7.737320579688525,-4.2632697288305925
-7.738841230298373,-4.263292488164787
-7.74036183011006,-4.263315206143319
-7.741882396472801,-4.263337897431931
-7.743402981743049,-4.263360586170214
-7.744923580657902,-4.263383220491749
-7.7464442674556135,-4.263405838505027
-7.7479649259528,-4.263428456638814
-7.749485538944627,-4.263451006665613
-7.751006127980642,-4.263473540097017
-7.75252678862571,-4.2634960277251945
-7.754047433252556,-4.26351852088047
-7.755568039343796,-4.263540956494809
-7.757088640401953,-4.263563350527965
-7.758609287079572,-4.263585766161436
-7.7601299383201425,-4.263608129939929
-7.761650566608838,-4.263630439594823
-7.7631712307447565,-4.26365278331431
-7.764691904636761,-4.2636750620087716
-7.766212554786665,-4.263697287216125
-7.767733176869088,-4.263719510507639
-7.7692538177837065,-4.2637416980750595
-7.77077451027727,-4.263763883496331
-7.77229517432586,-4.263786025463936
-7.7738158180894334,-4.263808130147317
-7.7753364697903,-4.26383017005793
-7.776857150128914,-4.263852256473052
-7.778377820452004,-4.26387428221379
-7.77989846484268,-4.2638962701313545
-7.78141911416404,-4.263918236977382
-7.7829397810114065,-4.263940193605033
-7.784460490191641,-4.263962124357381
-7.785981160912563,-4.263984022508461
-7.787501815481893,-4.2640059078265145
-7.789022477338684,-4.2640277423711215
-7.790543156209535,-4.264049522942472
-7.792063842406401,-4.264071337248074
-7.793584563681578,-4.264093099469668
-7.795105248509948,-4.26411483457517
-7.796625927434879,-4.264136548941009
-7.798146618801063,-4.264158221459832
-7.799667306476457,-4.264179889286017
-7.801188003030677,-4.264201512099174
-7.802708698189686,-4.264223126331418
-7.804229401063144,-4.2642447012094085
-7.80575012147306,-4.264266265413802
-7.807270828252033,-4.26428778009254
-7.808791520812898,-4.264309315152485
-7.810312242696715,-4.2643307554538366
-7.811832981068371,-4.264352213868396
-7.81335375504352,-4.264373675473269
-7.814874497657539,-4.264395090931159
-7.816395237114804,-4.264416460558849
-7.817915978686255,-4.264437797317587
-7.819436709129645,-4.264459139590649
-7.820957442509549,-4.264480434613286
-7.822478193794967,-4.264501680326957
-7.823998938559746,-4.264522950949819
-7.825519697594624,-4.264544150767456
-7.827040466665025,-4.264565329235387
-7.828561229291556,-4.264586508075245
-7.830081990555916,-4.264607640945974
-7.831602759546108,-4.264628751103693
-7.833123539335046,-4.264649844202206
-7.834644299838321,-4.264670926139241
-7.836165068430886,-4.264691966618964
-7.837685849752589,-4.264712955302996
-7.839206623763056,-4.2647339533458375
-7.840727411447098,-4.264754884465526
-7.842248186391718,-4.264775833464362
-7.843768972228046,-4.264796734367931
-7.845289759427477,-4.264817627142059
-7.846810552564306,-4.264838485858173
-7.848331342548817,-4.264859351323119
-7.849852164594232,-4.264880130336569
-7.851372979675753,-4.264900933075478
-7.852893810132629,-4.264921667056914
-7.8544146364066805,-4.264942382978677
-7.855935434771908,-4.264963141087042
-7.857456276051959,-4.264983789053926
-7.858977114301846,-4.265004450972197
-7.860497955098372,-4.265025088049363
-7.862018803978875,-4.265045685061383
-7.863539651961837,-4.265066255146283
-7.86506049220122,-4.265086812923613
-7.86658133142835,-4.265107374815766
-7.868102201048009,-4.2651278644236585
-7.8696230752541005,-4.265148337454004
-7.871143942648213,-4.265168792289779
-7.872664809773182,-4.265189224245922
-7.8741856763900575,-4.265209640379551
-7.875706547356566,-4.265230062017112
-7.87722745025101,-4.265250416167356
-7.878748357460341,-4.265270764539227
-7.880269264639816,-4.26529109988124
-7.8817901799866785,-4.26531142737162
-7.88331112480402,-4.265331690909791
-7.884832064419218,-4.265351954021051
-7.886353000897229,-4.265372220578378
-7.887873972222651,-4.265392402037231
-7.889394942320578,-4.265412577245043
-7.890915901602232,-4.2654327428652845
-7.892436854589038,-4.2654529402241295
-7.893957856314834,-4.265473026928782
-7.895478874957414,-4.265493145677353
-7.8969999221242295,-4.265513267407283
-7.898520960248721,-4.2655333386511405
-7.9000419845138286,-4.265553429759108
-7.901563061895905,-4.265573447665926
-7.903084119985072,-4.265593462729165
-7.904605190091948,-4.265613431602989
-7.906126253908257,-4.265633377142125
-7.907647309598515,-4.26565331209764
-7.909168390594064,-4.265673220724697
-7.9106894705612625,-4.265693100763792
-7.912210539980367,-4.265712953766945
-7.913731607017204,-4.265732791626577
-7.915252706275686,-4.265752583707555
-7.916773807777116,-4.265772348677487
-7.918294893253888,-4.265792118772194
-7.919815984332524,-4.2658118422645055
-7.921337061053206,-4.265831555475009
-7.922858171507112,-4.2658512495380325
-7.9243793071854505,-4.265870884806423
-7.925900422972842,-4.2658905327711025
-7.927421543337292,-4.265910148435977
-7.928942679774174,-4.265929697537419
-7.930463817474286,-4.265949262019136
-7.931984968727782,-4.265968774669964
-7.933506099191863,-4.265988302770938
-7.935027237954752,-4.266007815094336
-7.936548430131615,-4.266027256269368
-7.938069584657959,-4.266046697730303
-7.9395907556285295,-4.266066099246236
-7.9411119034615965,-4.266085458142478
-7.942633071301477,-4.266104813789175
-7.944154244661064,-4.266124150515296
-7.945675418068026,-4.266143463249868
-7.947196605152819,-4.266162764829201
-7.948717798788247,-4.266182024727695
-7.950238967125852,-4.266201225905224
-7.9517601740059005,-4.266220432152002
-7.953281378671373,-4.2662396134120355
-7.954802581613409,-4.266258765103343
-7.956323790123725,-4.266277880320416
-7.9578449883469915,-4.266296991055661
-7.95936619973775,-4.266316115054881
-7.960887420619181,-4.266335164804074
-7.9624086488736845,-4.266354221117423
-7.963929890966455,-4.266373223651909
-7.9654511394763965,-4.266392219722947
-7.966972403705009,-4.266411159343704
-7.968493626692504,-4.266430093685044
-7.970014852814694,-4.266449038107321
-7.97153611552322,-4.266467931277353
-7.973057380308036,-4.266486763850573
-7.974578625452699,-4.266505596462727
-7.976099876795552,-4.2665244059509435
-7.977621130100267,-4.266543180625176
-7.9791423808672315,-4.26656192929251
-7.980663610996978,-4.266580635018556
-7.98218487468565,-4.266599335915641
-7.9837061190566825,-4.266618015342312
-7.985227373787606,-4.2666366865220136
-7.986748617521805,-4.266655331719057
-7.988269907460375,-4.26667392692233
-7.989791205154723,-4.266692540276958
-7.991312495517226,-4.266711113286267
-7.99283378813305,-4.266729680344222
-7.994355102681484,-4.266748173252138
-7.995876407587241,-4.266766641631293
-7.997397718029081,-4.266785123139259
-7.998919011007254,-4.266803590381142
-8.000440309691555,-4.266821981686598
-8.001961614329456,-4.2668403869177896
-8.003482930559239,-4.266858747279367
-8.005004273161953,-4.266877071472864
-8.006525595118907,-4.266895393200459
-8.008046876767954,-4.2669136894805995
-8.009568194991243,-4.26693194589723
-8.011089536180544,-4.266950211818584
-8.012610889927762,-4.266968435734752
-8.014132224207966,-4.266986641350908
-8.015653579767143,-4.267004830424583
-8.017174937559297,-4.267022997742527
-8.0186962900168,-4.267041126336165
-8.020217660436268,-4.267059229666452
-8.021739046268937,-4.2670773243525
-8.02326042844162,-4.267095389575204
-8.024781817356184,-4.267113432492868
-8.02630320844304,-4.267131423088281
-8.027824573802697,-4.2671494088845865
-8.029345960398066,-4.2671673787132605
-8.030867354557534,-4.267185335688714
-8.032388775331711,-4.2672032336382095
-8.033910172724712,-4.267221134897213
-8.035431580558846,-4.267238982392341
-8.036952986666806,-4.267256853805051
-8.038474384917793,-4.267274637463362
-8.039995796122456,-4.26729245905574
-8.041517248595472,-4.267310216873721
-8.043038646267405,-4.267327964903934
-8.044560049678545,-4.26734568350345
-8.046081474282998,-4.2673633889464675
-8.047602915027417,-4.267381059176643
-8.049124350081962,-4.267398684714462
-8.050645777696905,-4.267416310913219
-8.052167193202925,-4.267433909078243
-8.053688635348148,-4.267451465400006
-8.05521007137681,-4.267469024695101
-8.056731532552044,-4.267486525416432
-8.05825295981895,-4.26750401693635
-8.059774374265102,-4.26752149093814
-8.061295835109197,-4.267538944753974
-8.062817276271332,-4.2675563485438595
-8.064338735017845,-4.2675737538893435
-8.065860180985945,-4.267591121169657
-8.067381641526334,-4.267608492944019
-8.068903123541096,-4.267625800830959
-8.070424576779109,-4.267643118888823
-8.071946039002658,-4.2676604011339645
-8.073467537449087,-4.2676776548768816
-8.07498901734027,-4.267694889038987
-8.076510490593762,-4.267712086608504
-8.078031973682599,-4.267729277089017
-8.079553467717734,-4.267746443239641
-8.081074970485616,-4.267763561897847
-8.0825964544972,-4.267780672425244
-8.084117973103346,-4.2677977429361365
-8.0856394580626,-4.267814790312369
-8.087160952897602,-4.267831817166203
-8.088682427623189,-4.2678488421311425
-8.09020394969432,-4.267865813348956
-8.091725449645217,-4.267882789094349
-8.093246967674002,-4.267899719766123
-8.094768464998488,-4.267916623963134
-8.09628998771149,-4.2679335114723305
-8.097811500854885,-4.267950396799481
-8.099333013944355,-4.267967206330559
-8.100854540740697,-4.267984028063203
-8.10237604341732,-4.26800083270338
-8.103897580116165,-4.268017609529946
-8.105419156646423,-4.268034365374521
-8.106940684597344,-4.268051093017145
-8.108462204932938,-4.268067799207357
-8.109983758834087,-4.268084470062476
-8.111505333243699,-4.26810110369558
-8.113026866634534,-4.2681177141876
-8.114548402428994,-4.268134355281497
-8.116069987355532,-4.268150952774336
-8.117591571714355,-4.268167513206465
-8.119113158010041,-4.268184049517073
-8.120634740145448,-4.268200543064701
-8.122156318851001,-4.268217035440056
-8.12367790901687,-4.268233483910992
-8.125199469269667,-4.268249950992714
-8.126721041937211,-4.268266363999578
-8.128242630497553,-4.26828273989182
-8.129764216763629,-4.26829908115528
-8.131285812557605,-4.268315433433799
-8.132807415724017,-4.268331751787375
-8.134328992037442,-4.268348057669652
-8.135850587907939,-4.268364309142312
-8.137372182648644,-4.268380531885753
-8.138893779617632,-4.2683967566495875
-8.1404153761492,-4.268412941394425
-8.141936998605178,-4.268429111771715
-8.143458607105575,-4.268445305463447
-8.144980232028146,-4.268461445634062
-8.146501897070301,-4.268477507640236
-8.148023505809395,-4.268493605658047
-8.149545120247918,-4.268509639288862
-8.151066725739138,-4.2685256879020805
-8.152588359245412,-4.268541689783578
-8.154110006989796,-4.268557656791493
-8.15563164021524,-4.268573612925239
-8.157153279503662,-4.268589543233785
-8.15867491183312,-4.2686054884257265
-8.160196558485385,-4.268621364552834
-8.161718212521148,-4.268637231319707
-8.16323984163636,-4.2686530790233395
-8.164761497119361,-4.2686688872007785
-8.16628314309998,-4.268684688110235
-8.167804800949762,-4.268700467703716
-8.169326478942903,-4.268716200220322
-8.1708481398342,-4.26873193613972
-8.172369811768743,-4.268747630933847
-8.17389150150023,-4.268763305914908
-8.175413158443277,-4.268778989029963
-8.176934878639303,-4.268794593993812
-8.178456573388173,-4.268810204498041
-8.1799782384751,-4.268825789127056
-8.181499908550023,-4.268841360065441
-8.183021599198591,-4.268856880147095
-8.184543288603951,-4.268872402576635
-8.186064982409812,-4.268887872572853
-8.187586694497282,-4.268903353487108
-8.18910839290472,-4.2689188047010145
-8.190630100835287,-4.268934205472002
-8.19215181821998,-4.26894961773447
-8.193673538863127,-4.268964999346259
-8.195195256445817,-4.268980358198944
-8.196716980471594,-4.268995685937924
-8.198238700037171,-4.269010981782314
-8.199760437332753,-4.269026266178333
-8.201282148518777,-4.269041535309244
-8.202803874675809,-4.2690567688162036
-8.204325614921549,-4.2690719844403855
-8.205847366214925,-4.269087176467654
-8.207369137191165,-4.269102367019899
-8.208890927224004,-4.269117486548168
-8.210412677023351,-4.269132623385877
-8.211934441479706,-4.2691477264902105
-8.21345622930704,-4.269162763416069
-8.214977998618528,-4.269177820695424
-8.216499766641954,-4.2691928577814275
-8.218021521415531,-4.269207861988328
-8.219543294975058,-4.269222844934115
-8.221065091871804,-4.269237793094706
-8.222586868061605,-4.269252717984548
-8.224108633675723,-4.269267633889841
-8.225630416187686,-4.26928250920077
-8.227152209376285,-4.269297356537857
-8.228673982770056,-4.269312201229973
-8.230195767501288,-4.269327029985962
-8.231717579837513,-4.269341822951668
-8.233239377403802,-4.269356588291242
-8.234761181915164,-4.269371338753752
-8.236282995679396,-4.269386070618393
-8.237804840756676,-4.2694007467147355
-8.239326637071928,-4.269415433509115
-8.24084845550199,-4.269430092326011
-8.242370294495908,-4.269444693606628
-8.243892106974014,-4.269459316082801
-8.245413938331813,-4.269473905463667
-8.246935808221926,-4.2694884429727695
-8.24845764682177,-4.269502999954558
-8.249979486191016,-4.269517523464417
-8.25150135176281,-4.269531987869478
-8.25302320436731,-4.269546470222337
-8.254545057463696,-4.269560905839566
-8.25606691326645,-4.269575312362949
-8.25758875587558,-4.269589726907597
-8.25911062178162,-4.26960407974828
-8.260632481439554,-4.269618434355269
-8.262154356553726,-4.269632754702436
-8.263676233869619,-4.269647051252904
-8.265198088068326,-4.2696613524823395
-8.266719992452444,-4.269675585785881
-8.268241858880549,-4.2696898375664505
-8.269763751634262,-4.269704044062539
-8.27128563719158,-4.269718229251821
-8.272807527207897,-4.269732401440783
-8.274329418810536,-4.269746543299475
-8.275851316683143,-4.269760654158064
-8.277373209269513,-4.269774747309949
-8.278895104704157,-4.269788837253112
-8.280417018735292,-4.26980288318372
-8.281938925259565,-4.269816914903615
-8.28346087220578,-4.269830903071521
-8.284982782948129,-4.269844908799309
-8.286504713289672,-4.269858834110065
-8.288026621811591,-4.2698727905814655
-8.289548557683213,-4.269886672956885
-8.291070479912623,-4.269900592654471
-8.29259244301943,-4.269914426772823
-8.294114380762547,-4.269928268737339
-8.295636322347404,-4.269942084754318
-8.297158270272773,-4.2699558772397
-8.29868020886971,-4.269969666088949
-8.300202155016347,-4.269983421088533
-8.301724137043832,-4.269997125809858
-8.303246091699599,-4.270010846052242
-8.304768068568492,-4.270024517284361
-8.30629003048234,-4.270038176557384
-8.307812001771422,-4.2700518098522195
-8.309333978782881,-4.27006542931552
-8.310855958559184,-4.270079026716126
-8.312377948358748,-4.270092590489279
-8.313899927924707,-4.2701061303949235
-8.315421910625693,-4.270119655495966
-8.316943909237908,-4.270133155303131
-8.318465908840658,-4.270146634253594
-8.319987893655712,-4.270160071653936
-8.321509887694452,-4.270173519099953
-8.323031916275461,-4.270186897540452
-8.324553907698554,-4.2702003052655595
-8.32607593848749,-4.270213643584377
-8.327597960988017,-4.270226969807728
-8.329119957970445,-4.270240288367829
-8.33064197411541,-4.270253574466725
-8.332164008144872,-4.270266833433869
-8.333686026207694,-4.270280085423187
-8.335208047977416,-4.270293322351968
-8.336730084785032,-4.270306509762112
-8.338252103691683,-4.270319689892248
-8.339774138428524,-4.27033285926219
-8.341296188039019,-4.270345980077701
-8.342818222019996,-4.27035908486586
-8.34434026393768,-4.270372173397656
-8.34586231020074,-4.2703852494265515
-8.34738437521411,-4.270398277252333
-8.348906425717283,-4.270411299792199
-8.35042849212506,-4.270424291243682
-8.351950553726281,-4.270437263056435
-8.353472611584221,-4.270450220347501
-8.354994673943525,-4.27046314048132
-8.356516762097108,-4.2704760192225395
-8.358038823789498,-4.270488921720576
-8.359560917258772,-4.270501748596187
-8.361082993084521,-4.270514593215699
-8.362605090155112,-4.2705273799343875
-8.364127166866771,-4.270540187630763
-8.365649272449128,-4.2705529276388505
-8.367171373047238,-4.270565660199119
-8.368693473357046,-4.27057838774119
-8.370215574385382,-4.27059110088157
-8.371737696224406,-4.270603755111471
-8.373259795742904,-4.270616406326026
-8.374781908687059,-4.270629036592051
-8.376304027496722,-4.2706416297118475
-8.37782614043103,-4.270654206674529
-8.379348257359165,-4.27066676891776
-8.380870395655894,-4.270679279369508
-8.382392525933497,-4.270691785937601
-8.383914648935688,-4.270704278481498
-8.385436781669817,-4.2707167436671
-8.386958911665957,-4.270729190287058
-8.388481048419811,-4.270741593147721
-8.390003173228129,-4.270753992069625
-8.391525316544953,-4.27076637404454
-8.393047479293855,-4.27077870596416
-8.394569616370307,-4.270791055229212
-8.396091788017875,-4.270803351534057
-8.397613945175731,-4.270815618150442
-8.39913611323083,-4.270827876647291
-8.400658272378486,-4.270840116781751
-8.402180446619132,-4.2708523310685
-8.403702618967237,-4.270864535631755
-8.405224807370816,-4.270876696481762
-8.40674698739503,-4.270888823372102
-8.40826916021065,-4.270900949726713
-8.409791363226992,-4.270913032404643
-8.411313551930142,-4.270925110354862
-8.412835723468186,-4.270937155513682
-8.414357907708002,-4.270949189489657
-8.415880100706381,-4.270961190729297
-8.417402308001524,-4.270973158118324
-8.418924494112256,-4.27098511812117
-8.420446700180655,-4.270997059959307
-8.421968905775026,-4.271008975863984
-8.423491117218044,-4.271020882057061
-8.425013339508569,-4.271032741771894
-8.426535563826562,-4.27104457722265
-8.428057783505764,-4.271056399112343
-8.429579990840937,-4.2710682108538185
-8.431102230258837,-4.271079984008658
-8.432624460785656,-4.271091724193619
-8.434146695271494,-4.271103444945663
-8.435668923589656,-4.271115163514574
-8.437191176321246,-4.2711268265453635
-8.438713410087818,-4.271138486958904
-8.440235649603586,-4.271150123999069
-8.441757897977823,-4.271161743022401
-8.443280145271254,-4.271173344167143
-8.444802388208902,-4.2711849263982895
-8.446324664999402,-4.271196451531121
-8.447846931001454,-4.271207972477311
-8.449369189157654,-4.271219488114665
-8.45089146426612,-4.27123094329297
-8.45241372896724,-4.27124240058905
-8.453936003249838,-4.2712538225584
-8.455458268889338,-4.2712652250411915
-8.45698054320913,-4.271276608106867
-8.458502822521103,-4.271287973359367
-8.46002510144346,-4.271299310118697
-8.461547383900811,-4.271310623217676
-8.463069668820236,-4.271321911645767
-8.464591958601378,-4.271333176815213
-8.466114252469904,-4.2713444309930075
-8.467636549031976,-4.271355644550516
-8.46915883621309,-4.271366853689163
-8.47068113961475,-4.271378021032453
-8.472203430233122,-4.2713891947386315
-8.47372574086601,-4.2714003154270905
-8.475248037941096,-4.27141143772507
-8.476770348237325,-4.271422524784466
-8.478292655449243,-4.271433591171081
-8.479814976223869,-4.271444618559272
-8.481337294616964,-4.2714556404872175
-8.482859620235374,-4.271466641545363
-8.48438194383708,-4.271477618978823
-8.48590426781113,-4.271488578239295
-8.487426598348572,-4.27149951595711
-8.48894893669275,-4.271510419054976
-8.490471272273643,-4.2715213065470135
-8.491993618716004,-4.271532151339083
-8.493515961557788,-4.2715429824809314
-8.495038299624008,-4.271553799488129
-8.496560658691742,-4.271564598942495
-8.498083002421152,-4.271575367555456
-8.499605354541167,-4.271586100044283
-8.50112770603539,-4.271596824888707
-8.502650064269977,-4.271607533410307
-8.504172420222071,-4.271618212058165
-8.505694771381837,-4.271628879159455
-8.507217153923278,-4.271639513294021
-8.508739523882179,-4.271650115346791
-8.510261897402065,-4.271660705093892
-8.511784278548394,-4.271671264505015
-8.51330664366792,-4.2716818082935575
-8.514829022789758,-4.271692340656886
-8.516351409420867,-4.2717028449670265
-8.517873800673042,-4.271713306875118
-8.519396187591477,-4.2717237666166366
-8.520918579456563,-4.27173420758772
-8.522440976021546,-4.271744620731125
-8.523963392967074,-4.271754988687368
-8.525485785751007,-4.271765350807955
-8.527008191703445,-4.271775696795962
-8.528530592686097,-4.271786015354298
-8.530052995896765,-4.271796320452853
-8.531575410498434,-4.27180659250783
-8.53309782733846,-4.2718168357566455
-8.534620231130521,-4.271827066557014
-8.536142672687804,-4.271837269657012
-8.537665090735866,-4.27184743772078
-8.539187528065828,-4.271857593489765
-8.540709950831863,-4.271867730725085
-8.542232355893603,-4.27187785537226
-8.543754801875346,-4.271887934913861
-8.545277225397314,-4.271898010622527
-8.54679964739923,-4.271908059839641
-8.548322093398813,-4.271918071702226
-8.549844550227883,-4.27192805913328
-8.551366980893402,-4.271938026552503
-8.552889427385077,-4.271947983489349
-8.554411865244726,-4.271957909942658
-8.55593430811982,-4.2719678136013
-8.557456742284478,-4.271977691768178
-8.558979187166253,-4.27198756605583
-8.56050162136275,-4.271997411560036
-8.562024078666175,-4.272007226669006
-8.56354654047084,-4.272017014644812
-8.565068987585795,-4.272026793672664
-8.566591467913408,-4.272036544376517
-8.568113939423549,-4.272046265855905
-8.569636402783322,-4.272055982181876
-8.571158878944443,-4.272065653236787
-8.572681366668094,-4.27207530512985
-8.574203833976803,-4.272084936099701
-8.575726305809013,-4.272094561881999
-8.577248770891307,-4.272104148037911
-8.578771257041945,-4.272113699805607
-8.5802937277687,-4.272123246074099
-8.58181621010421,-4.272132781312568
-8.583338689996063,-4.272142281564104
-8.584861166198229,-4.272151763058223
-8.586383657134062,-4.272161212083068
-8.587906157335905,-4.272170629975412
-8.589428642126212,-4.272180036264577
-8.590951134275405,-4.2721894305764625
-8.592473605993753,-4.27219880452012
-8.593996118015571,-4.272208132420203
-8.595518616110382,-4.272217456313486
-8.59704111801524,-4.2722267664745175
-8.598563617306468,-4.272236044163959
-8.60008613866507,-4.272245291540116
-8.601608655453552,-4.272254516408866
-8.603131162006957,-4.2722637298651485
-8.604653677468551,-4.272272910701037
-8.606176203091978,-4.272282051129185
-8.607698712983064,-4.2722911961470675
-8.60922122839065,-4.272300303453091
-8.610743751270507,-4.272309400225429
-8.612266258919451,-4.272318481426402
-8.613788791609197,-4.272327533126707
-8.615311329008936,-4.2723365441835925
-8.61683386429224,-4.272345561018717
-8.618356385333229,-4.27235455055959
-8.6198789333857,-4.272363491334145
-8.621401469805509,-4.272372416569491
-8.62292401281858,-4.272381347171957
-8.624446559638097,-4.272390230319813
-8.625969099341104,-4.272399101154744
-8.627491630626508,-4.272407949342366
-8.629014189595173,-4.272416787657512
-8.630536753209503,-4.272425578616732
-8.63205929911523,-4.272434365446658
-8.633581888233177,-4.272443106092115
-8.635104449988301,-4.272451834747073
-8.63662700918359,-4.272460545180303
-8.638149564240509,-4.272469238585927
-8.639672144263235,-4.272477918859248
-8.64119471778657,-4.272486538614938
-8.64271728495997,-4.272495173138151
-8.644239860167367,-4.272503768089471
-8.645762430460628,-4.272512351182589
-8.647284998991202,-4.272520907849896
-8.648807601331136,-4.272529428924749
-8.650330179382923,-4.272537955983536
-8.6518527778548,-4.272546418113637
-8.653375358162723,-4.272554885644822
-8.654897939016442,-4.272563349173806
-8.656420541115029,-4.272571748284106
-8.65794312434635,-4.27258016545043
-8.659465744904077,-4.272588526501944
-8.660988342397033,-4.272596883592844
-8.662510939946735,-4.272605225143359
-8.664033544075636,-4.272613523429518
-8.665556149886402,-4.27262179099153
-8.667078751635493,-4.2726300602266605
-8.668601362246207,-4.272638318931016
-8.670123989279487,-4.272646521166377
-8.67164659982138,-4.272654725729866
-8.673169217162943,-4.272662887991024
-8.67469183883884,-4.27267103860436
-8.676214465443158,-4.272679161724725
-8.677737083762066,-4.272687261141471
-8.67925971244978,-4.272695338228169
-8.680782334711152,-4.272703403003749
-8.68230495525293,-4.272711441349153
-8.683827578443537,-4.2727194775941255
-8.68535022605619,-4.272727447252426
-8.686872865830235,-4.2727354200865095
-8.688395495472168,-4.272743381406864
-8.689918135880264,-4.272751308531186
-8.691440776028942,-4.272759201421529
-8.692963429173624,-4.272767088322064
-8.694486086031164,-4.272774939092854
-8.696008733616816,-4.272782784738897
-8.697531392750308,-4.2727905902503585
-8.699054025400267,-4.27279839200824
-8.700576699141415,-4.272806151075711
-8.70209934282469,-4.272813895868887
-8.703622016909234,-4.272821620983189
-8.705144689220033,-4.27282931953626
-8.706667337895109,-4.272837002188545
-8.708190001820387,-4.272844656498721
-8.70971268332303,-4.272852296160827
-8.711235376654365,-4.272859892760309
-8.712758037890314,-4.272867480075582
-8.714280709280581,-4.272875061844806
-8.715803395135822,-4.272882579534508
-8.717326066694081,-4.272890117737649
-8.718848741938988,-4.272897603204187
-8.720371420457047,-4.272905094405113
-8.721894120037582,-4.272912524614807
-8.723416801994546,-4.272919954000005
-8.724939491951206,-4.272927370825318
-8.726462176725867,-4.27293476679776
-8.727984897272508,-4.27294211966347
-8.729507588351803,-4.272949457537851
-8.731030279431607,-4.272956790157259
-8.732553002215946,-4.272964078964615
-8.734075694525846,-4.272971354707739
-8.735598394083532,-4.272978616184529
-8.73712111716196,-4.272985823187346
-8.738643819150601,-4.272993036736927
-8.740166527549789,-4.27300023032449
-8.741689246258765,-4.273007379625723
-8.74321194800941,-4.273014540484338
-8.744734686417376,-4.273021652165405
-8.746257391936865,-4.273028742442873
-8.747780125765427,-4.2730358129090416
-8.749302842616007,-4.273042885696554
-8.750825571220307,-4.273049900905149
-8.752348285452145,-4.273056918043191
-8.753871036004991,-4.2730638841259
-8.755393761161574,-4.273070844077334
-8.75691649211986,-4.273077802257782
-8.758439236667785,-4.273084698515803
-8.759961974578289,-4.273091604577505
-8.761484718552595,-4.27309847909373
-8.763007458557464,-4.273105315430399
-8.764530202881808,-4.273112144770092
-8.766052949640306,-4.273118963039371
-8.76757571178943,-4.273125726987018
-8.769098436340688,-4.273132483821435
-8.770621196496734,-4.273139235862024
-8.77214394414518,-4.273145955971937
-8.77366672244842,-4.273152628592036
-8.775189477880655,-4.273159304622932
-8.77671223845402,-4.2731659629150744
-8.778235006170117,-4.273172567436014
-8.779757763817486,-4.273179184352155
-8.781280529303178,-4.273185764992765
-8.782803296664778,-4.273192323403873
-8.784326082857087,-4.273198833916076
-8.785848845974725,-4.2732053532182
-8.787371623908712,-4.273211846446938
-8.788894410892736,-4.273218313967385
-8.790417188785693,-4.273224776173094
-8.791939992533989,-4.273231173574777
-8.793462755324619,-4.273237580116994
-8.794985540398757,-4.273243963358144
-8.79650833001247,-4.273250329004144
-8.798031145602339,-4.273256643719386
-8.79955393501078,-4.273262963673555
-8.801076722677816,-4.273269264472784
-8.802599532798949,-4.273275512122897
-8.804122315124355,-4.273281777511458
-8.805645134475267,-4.273287979327963
-8.807167925005013,-4.273294199716819
-8.808690737213436,-4.273300360271639
-8.81021354602571,-4.273306534057976
-8.811736355399118,-4.273312643464205
-8.813259156264646,-4.273318759941774
-8.814781963083911,-4.273324850258192
-8.816304784222828,-4.273330925264608
-8.817827626445567,-4.273336944992718
-8.81935042804267,-4.2733429744912295
-8.820873248525768,-4.273348983570586
-8.82239609672038,-4.273354936565485
-8.82391890707159,-4.2733609068644
-8.825441730529882,-4.273366840334482
-8.826964580266845,-4.2733727273106705
-8.828487402667008,-4.273378633913515
-8.830010245725685,-4.273384483247594
-8.831533081105885,-4.273390321036157
-8.83305591188886,-4.273396162493496
-8.83457876847034,-4.273401937954943
-8.836101597876823,-4.273407729989144
-8.837624458868339,-4.273413459941837
-8.839147292839971,-4.2734191983409815
-8.840670129857347,-4.273424924614873
-8.842193001788015,-4.273430593638618
-8.843715845485995,-4.273436273377425
-8.84523872365302,-4.273441895925852
-8.84676155552944,-4.273447520170372
-8.84828442569348,-4.273453096903755
-8.849807269389206,-4.273458680726323
-8.85133011581819,-4.273464249845485
-8.852853015669766,-4.2734697577654055
-8.854375869528777,-4.2734752666069244
-8.855898720149158,-4.273480762026072
-8.857421615932065,-4.27348621079051
-8.858944469443653,-4.2734916562802105
-8.86046734697953,-4.273497076017515
-8.861990222863502,-4.273502462675187
-8.863513111726567,-4.273507811047965
-8.865035973503677,-4.273513165652599
-8.866558852393087,-4.273518489769396
-8.868081736768946,-4.273523795738859
-8.869604612223933,-4.273529075501762
-8.871127521513726,-4.273534332273462
-8.872650406084272,-4.273539563840544
-8.874173298216698,-4.273544787747906
-8.875696201967957,-4.273549967623923
-8.87721908131251,-4.273555156039816
-8.878741992662782,-4.273560279805158
-8.88026487886932,-4.273565421416947
-8.88178779284274,-4.27357050549562
-8.88331067710206,-4.273575602706965
-8.884833601720146,-4.273580633347067
-8.88635648646853,-4.273585702963452
-8.887879420250682,-4.27359068893694
-8.889402310599554,-4.273595693634514
-8.890925241016562,-4.273600640215673
-8.892448139661104,-4.273605602125418
-8.893971075096632,-4.2736105027091424
-8.89549397750351,-4.273615404021054
-8.897016889932253,-4.273620278649993
-8.898539810886284,-4.273625134085058
-8.900062740015969,-4.273629973214177
-8.901585677602364,-4.273634758693713
-8.903108588957577,-4.273639562582705
-8.90463153077814,-4.273644327700666
-8.906154465180316,-4.273649065134666
-8.907677417774318,-4.273653769300235
-8.909200340853655,-4.273658477141573
-8.9107232811924,-4.273663156212497
-8.912246224222521,-4.273667801927264
-8.913769160838845,-4.2736724428643535
-8.915292100283347,-4.27367704537882
-8.91681504943039,-4.27368162081216
-8.918337996330788,-4.273686188732815
-8.91986093339435,-4.27369073928349
-8.921383899281297,-4.273695236440927
-8.922906841308903,-4.2736997494026205
-8.924429809764783,-4.273704202232883
-8.92595273756832,-4.273708666681127
-8.927475706215501,-4.273713076998545
-8.92899865597219,-4.273717511579441
-8.930521635322744,-4.27372186801942
-8.932044581019218,-4.273726256466664
-8.933567558437456,-4.273730573845347
-8.93509050733051,-4.273734894405147
-8.936613461230802,-4.273739210090363
-8.93813644714438,-4.273743450874118
-8.93965939293761,-4.273747731208919
-8.941182386120431,-4.273751935564901
-8.942705338886643,-4.273756154369899
-8.944228308004494,-4.273760337367865
-8.945751282075069,-4.273764491527397
-8.947274276323544,-4.273768613325163
-8.94879724240933,-4.273772737059589
-8.950320213243874,-4.2737768482110665
-8.951843213919517,-4.273780889106257
-8.953366180011649,-4.273784959220651
-8.954889178895646,-4.273788960146316
-8.956412160554786,-4.273792971527072
-8.9579351365241,-4.27379696708178
-8.95945814945745,-4.273800895975393
-8.960981124484011,-4.273804861327232
-8.962504133801941,-4.2738087535730775
-8.964027118452597,-4.273812660360655
-8.965550137413478,-4.273816506713533
-8.96707311977953,-4.273820359714828
-8.968596128538374,-4.273824194010265
-8.970119141403575,-4.2738279784135775
-8.971642131204757,-4.273831768014607
-8.973165131789289,-4.273835533140259
-8.974688155342264,-4.273839248921689
-8.976211158726272,-4.273842963139015
-8.977734170508668,-4.273846641210949
-8.979257183989958,-4.273850313106677
-8.980780209825502,-4.273853932571368
-8.982303212410343,-4.273857555415112
-8.98382621673507,-4.273861152852275
-8.985349241259865,-4.273864729765753
-8.986872268691645,-4.273868277737611
-8.988395291172472,-4.273871815212741
-8.989918331747216,-4.273875308296956
-8.991441346828779,-4.273878815631824
-8.992964386244179,-4.273882252990247
-8.99448741430914,-4.273885700740377
-8.996010447784286,-4.273889112999664
-8.99753348827269,-4.273892513763051
-8.999056521688924,-4.273895873979565
-9.000579551748787,-4.273899247581435
-9.002102612171532,-4.273902552958349
-9.00362562905558,-4.273905884190371
-9.005148687277275,-4.273909146599082
-9.006671716262522,-4.2739124238647
-9.008194778830056,-4.273915641592237
-9.009717815087008,-4.273918872958821
-9.011240884356411,-4.273922043452716
-9.012763926348953,-4.273925221309514
-9.014286979537145,-4.273928388180266
-9.015810048689422,-4.27393148994147
-9.017333092498086,-4.273934610739684
-9.018856176865134,-4.2739376744542925
-9.020379221706223,-4.273940744787858
-9.021902305115608,-4.273943755868862
-9.023425355010174,-4.273946777630771
-9.024948408264862,-4.273949771527941
-9.026471480571965,-4.273952747457411
-9.027994570336075,-4.273955673445132
-9.029517631456411,-4.273958611071728
-9.031040707855169,-4.2739615127841315
-9.032563787351785,-4.27396438436033
-9.034086883524402,-4.273967227888649
-9.035609948565504,-4.273970073776206
-9.03713304322013,-4.273972874676666
-9.038656112410845,-4.273975674490183
-9.04017921291426,-4.273978424339734
-9.041702297191907,-4.273981168082163
-9.043225369862999,-4.273983889994736
-9.044748461726297,-4.27398660481472
-9.046271567909745,-4.273989257225188
-9.04779467061297,-4.273991894701897
-9.049317748634572,-4.273994534435082
-9.050840833265184,-4.27399713699192
-9.052363923569784,-4.273999721731706
-9.053887023849672,-4.274002294043353
-9.055410143353315,-4.274004807756465
-9.056933231555536,-4.2740073330575665
-9.058456321304092,-4.274009832015031
-9.059979426686976,-4.274012311686548
-9.061502555241152,-4.274014748294221
-9.063025647137547,-4.274017187214622
-9.064548776307921,-4.274019579251504
-9.066071878348737,-4.274021973080451
-9.067595012183702,-4.2740243126789315
-9.069118113178908,-4.274026658369724
-9.070641221490312,-4.274028970815402
-9.072164338059068,-4.274031279256804
-9.073687472333553,-4.274033526126363
-9.075210581252172,-4.2740357853418285
-9.076733693775939,-4.274038016466081
-9.0782568418036,-4.274040194904455
-9.079779943462604,-4.274042382469975
-9.081303073034217,-4.274044538762484
-9.08282619376364,-4.274046687692919
-9.084349335379738,-4.274048777621896
-9.085872454092804,-4.2740508790391525
-9.087395585548574,-4.274052946763554
-9.088918720363772,-4.274055000535426
-9.09044185677394,-4.274057010250976
-9.091964996202455,-4.274059011395458
-9.09348811582585,-4.274061009265914
-9.095011258541277,-4.274062959624185
-9.0965344222324,-4.274064874913578
-9.098057546187343,-4.274066817506436
-9.099580709212946,-4.274068682092752
-9.101103836440412,-4.274070573721989
-9.10262700402733,-4.274072396053243
-9.104150137964425,-4.274074240850643
-9.105673289671824,-4.274076036759979
-9.10719646426974,-4.27407779729324
-9.108719598110312,-4.274079576252475
-9.11024277059714,-4.27408128804765
-9.11176590898188,-4.274083013319932
-9.113289066051564,-4.274084685539613
-9.114812212696316,-4.274086359274153
-9.116335373591436,-4.274087997088577
-9.117858539090934,-4.27408960671516
-9.119381707598958,-4.274091210788173
-9.12090487406685,-4.274092778143972
-9.122428057123464,-4.274094316103093
-9.123951208507822,-4.27409585780566
-9.125474370079765,-4.274097363550803
-9.126997564358703,-4.274098827835104
-9.128520725628807,-4.274100298245007
-9.130043893168859,-4.274101730376696
-9.131567069117148,-4.274103162960025
-9.133090263974289,-4.274104535159949
-9.134613436096563,-4.274105915092142
-9.136136608783508,-4.27410727031517
-9.13765979421988,-4.274108597051433
-9.139182975657077,-4.274109895912027
-9.140706176374962,-4.274111163658815
-9.142229349733487,-4.274112428940816
-9.143752538803824,-4.274113680282614
-9.145275746457168,-4.274114874373745
-9.146798923848138,-4.274116070159738
-9.148322120776154,-4.274117237994028
-9.149845334501247,-4.274118376513426
-9.15136851225712,-4.274119517199214
-9.152891731268866,-4.274120603488313
-9.154414909909132,-4.274121693143622
-9.155938134947286,-4.274122739649499
-9.157461324999892,-4.27412378654638
-9.158984548047636,-4.274124775512732
-9.160507739758367,-4.274125786906851
-9.16203095083694,-4.274126733779448
-9.163554153365926,-4.274127686989187
-9.165077361220046,-4.2741286089581285
-9.166600577531572,-4.274129502869014
-9.16812380743472,-4.2741303588724735
-9.16964699837686,-4.274131221584848
-9.171170222893934,-4.27413205328298
-9.172693439575133,-4.274132871779157
-9.1742166739036,-4.27413363236539
-9.17573987280594,-4.274134397869918
-9.177263084781544,-4.274135139843396
-9.178786312795243,-4.274135867481734
-9.180309555915125,-4.274136539361774
-9.18183277309786,-4.274137222377478
-9.183356004472827,-4.274137871022998
-9.18487923663967,-4.274138492982003
-9.186402471072835,-4.274139102622882
-9.18792569789033,-4.274139676374023
-9.189448939574484,-4.274140232465626
-9.190972169478792,-4.274140768744143
-9.192495400568783,-4.274141294751095
-9.194018656970647,-4.274141766036898
-9.19554189491032,-4.274142244197436
-9.19706513787461,-4.274142682216459
-9.198588387900308,-4.274143108766902
-9.2001116197518,-4.27414350751747
-9.201634863503104,-4.274143899737277
-9.203158125048049,-4.274144234156028
-9.204681360515714,-4.274144589704034
-9.20620461570031,-4.274144881578626
-9.207727848943826,-4.274145189054657
-9.209251111398217,-4.274145450996266
-9.21077437462334,-4.2741456790915695
-9.212297621085892,-4.274145910097299
-9.213820879398446,-4.274146115508333
-9.215344145450304,-4.274146280490792
-9.2168673958025,-4.27414645023463
-9.21839066275387,-4.274146564064677
-9.219913923379552,-4.274146685553695
-9.2214371927933,-4.274146754102214
-9.222960448029788,-4.274146828773137
-9.22448371453578,-4.274146864854136
-9.22600699866939,-4.27414686992164
-9.22753024794551,-4.274146872342472
-9.229053528679076,-4.274146840701616
-9.230576787761484,-4.274146812838772
-9.2321000794235,-4.274146717386439
-9.23362333928516,-4.2741466490812945
-9.23514662341988,-4.274146510114134
-9.23666988149184,-4.2741463966989075
-9.238193176195711,-4.274146219163445
-9.239716449128055,-4.274146031216634
-9.2412397266371,-4.274145824058219
-9.242763005729188,-4.274145575119279
-9.244286298304525,-4.274145307933686
-9.245809569606998,-4.2741450392554645
-9.247332851964524,-4.274144744681461
-9.248856133284448,-4.274144431139542
-9.250379446556483,-4.2741440552461185
-9.25190271856791,-4.274143697405387
-9.253426006574683,-4.274143316938117
-9.254949330435332,-4.274142876418171
-9.25647261019507,-4.274142449014998
-9.257995914733415,-4.2741419595004
-9.259519200700577,-4.2741414954038675
-9.261042513931601,-4.274140956027584
-9.262565806819222,-4.274140450051386
-9.264089123884935,-4.27413985123643
-9.265612427689174,-4.274139284642766
-9.267135729066457,-4.274138657589443
-9.268659051600547,-4.274138020208193
-9.27018236002656,-4.2741373194247245
-9.271705662378462,-4.274136646450686
-9.273228974456005,-4.274135958174409
-9.274752286764729,-4.274135241084381
-9.27627561603923,-4.274134441921894
-9.27779892356044,-4.2741336856901455
-9.279322232806669,-4.274132904273207
-9.28084558537444,-4.274132046598149
-9.282368886219633,-4.274131198478833
-9.283892217328322,-4.274130291940352
-9.285415529921687,-4.2741294139660795
-9.286938853760159,-4.274128513971753
-9.288462206272452,-4.2741275317644
-9.289985520263683,-4.274126569363848
-9.291508854480602,-4.274125537755256
-9.293032175201368,-4.274124530545856
-9.294555497556523,-4.274123493136313
-9.296078831666726,-4.274122402045893
-9.297602169598054,-4.274121316885455
-9.29912550916556,-4.274120193526346
-9.300648851782023,-4.274119066220591
-9.302172205086501,-4.274117870833539
-9.303695526643551,-4.274116707947035
-9.30521889166631,-4.274115471630983
-9.306742226832135,-4.2741142584550085
-9.308265575140986,-4.274112984777968
-9.309788934203093,-4.274111687780493
-9.31131226564272,-4.27411039845225
-9.31283563961363,-4.2741090349939395
-9.314358976778369,-4.274107697923829
-9.31588235010215,-4.274106295173767
-9.317405684851078,-4.274104898893384
-9.318929058860958,-4.274103448724928
-9.320452396260968,-4.274101974552455
-9.321975753312568,-4.274100514589725
-9.32349912904141,-4.274098981258562
-9.325022470407022,-4.274097471936652
-9.326545827780437,-4.274095929325415
-9.328069215061237,-4.274094335370246
-9.329592561700888,-4.274092721844744
-9.33111592647533,-4.274091116525558
-9.33263931357607,-4.274089446847814
-9.334162671398923,-4.274087797094123
-9.335686033984928,-4.274086075734277
-9.337209415316245,-4.274084361627589
-9.338732780919798,-4.274082600727528
-9.340256147610818,-4.274080837735963
-9.341779535714112,-4.274079023396967
-9.343302893429358,-4.274077252747876
-9.344826303128109,-4.2740753841317005
-9.346349676959697,-4.274073533017407
-9.347873050240672,-4.274071638364473
-9.349396455308089,-4.274069723486393
-9.350919829309733,-4.274067787248666
-9.352443223299574,-4.274065810162866
-9.353966592385838,-4.274063844396584
-9.355489995249133,-4.2740618168579765
-9.357013374268066,-4.2740598104783425
-9.358536786445033,-4.274057714197497
-9.36006016155413,-4.274055649973808
-9.36158354679848,-4.274053566379868
-9.363106965604224,-4.274051409452004
-9.36463034357348,-4.274049283011638
-9.366153768734023,-4.274047083017763
-9.367677150101061,-4.27404489834788
-9.369200571252433,-4.274042656799932
-9.370723971862608,-4.2740403941172165
-9.37224736937744,-4.274038125436228
-9.373770784029531,-4.274035802083129
-9.375294176826019,-4.274033499823266
-9.376817583561651,-4.274031148338404
-9.378341003010116,-4.274028770731153
-9.379864408642625,-4.27402640853644
-9.38138783470649,-4.274023948428768
-9.382911235129203,-4.274021534302931
-9.384434669615928,-4.274019055187422
-9.385958077988947,-4.274016550503972
-9.38748149687038,-4.274014051971012
-9.3890049309667,-4.2740114862554295
-9.390528333622193,-4.274008946485982
-9.392051761188847,-4.274006354297971
-9.39357518572524,-4.274003750674462
-9.395098618374714,-4.274001087110068
-9.396622035845875,-4.2739984704956955
-9.39814548378067,-4.273995753573253
-9.399668899519174,-4.273993065274583
-9.401192350111483,-4.273990309713113
-9.402715759918584,-4.273987564783199
-9.404239219327373,-4.27398477052591
-9.405762638752012,-4.273981962881573
-9.4072860817367,-4.273979107792744
-9.40880950386128,-4.273976261415699
-9.410332930723577,-4.27397339258328
-9.41185636137726,-4.273970508372279
-9.41337981947603,-4.27396755627391
-9.414903248920416,-4.2739646249908
-9.41642668418791,-4.273961648429618
-9.417950150808272,-4.273958658409519
-9.419473600268054,-4.273955596810723
-9.420997033382495,-4.273952593841355
-9.422520509151548,-4.2739494999669425
-9.424043937583717,-4.273946426641402
-9.425567407000601,-4.273943283635726
-9.427090849328918,-4.273940154142928
-9.428614294982589,-4.273936989697948
-9.430137758783276,-4.273933805371255
-9.43166122440961,-4.27393056114229
-9.43318467598818,-4.273927349068804
-9.434708123380412,-4.273924074127685
-9.436231597898162,-4.273920803049123
-9.437755080018482,-4.273917463677583
-9.439278527463633,-4.273914138993723
-9.44080198472425,-4.273910814831635
-9.442325475682752,-4.273907405497716
-9.443848929801977,-4.273903995042923
-9.44537240242311,-4.273900575945581
-9.446895888858597,-4.27389708271622
-9.448419341236573,-4.2738936164688495
-9.449942818793057,-4.273890121579406
-9.451466277619208,-4.273886594726953
-9.452989785562997,-4.27388303419645
-9.45451323983076,-4.273879450637942
-9.456036734974768,-4.2738758672697506
-9.457560221163645,-4.273872207005232
-9.459083676595801,-4.273868596879064
-9.460607183442566,-4.273864908966382
-9.462130644299734,-4.273861242057254
-9.463654152058803,-4.273857505532421
-9.46517763616278,-4.273853747567915
-9.466701105783297,-4.273849990496958
-9.468224613131818,-4.273846180251309
-9.469748082075373,-4.273842366280938
-9.471271586131842,-4.273838538306972
-9.472795090541418,-4.273834635419324
-9.474318563668817,-4.273830753417103
-9.47584207058572,-4.273826818090456
-9.477365551324487,-4.273822872449808
-9.478889033232964,-4.273818916394702
-9.48041254893905,-4.273814905351284
-9.481936025983835,-4.273810887306601
-9.483459545042322,-4.273806830254128
-9.484983020143167,-4.273802737537117
-9.486506527144659,-4.273798667564641
-9.488030038689928,-4.273794511350498
-9.489553513093947,-4.273790367451153
-9.491077044759926,-4.273786172846377
-9.492600525810625,-4.273781977953345
-9.4941240483876,-4.273777728317249
-9.49564753521421,-4.273773460581846
-9.497171051514517,-4.273769161633236
-9.498694554548432,-4.273764787791303
-9.500218048383298,-4.273760432408624
-9.501741538670803,-4.273756053996868
-9.50326504371119,-4.273751672676092
-9.504788568460956,-4.273747202811009
-9.506312051380934,-4.273742725272531
-9.507835564478837,-4.273738181976734
-9.509359073320654,-4.273733686202418
-9.510882569310102,-4.273729127271572
-9.51240609032837,-4.273724565237503
-9.513929609424437,-4.2737198752962495
-9.515453096479622,-4.273715192724193
-9.516976593454213,-4.2737105203819965
-9.51850011882552,-4.273705800177744
-9.520023618478508,-4.273701003657842
-9.52154712171023,-4.27369621235021
-9.523070633352601,-4.27369131629646
-9.524594131555649,-4.273686434580444
-9.526117622153079,-4.273681548094342
-9.52764115594254,-4.273676614267457
-9.529164640549778,-4.273671630999967
-9.530688159202187,-4.273666681852381
-9.532211685592353,-4.273661610547266
-9.53373516496157,-4.273656522382652
-9.535258679904972,-4.273651398512015
-9.536782173372943,-4.273646294476652
-9.538305713204206,-4.273641132435904
-9.53982920024388,-4.273635922526291
-9.541352727042703,-4.273630664887816
-9.542876221029282,-4.273625365975773
-9.544399725252754,-4.273620120734921
-9.545923268982932,-4.273614802162529
-9.547446753043282,-4.273609432866469
-9.54897029078184,-4.273604029964905
-9.550493796619154,-4.273598547520272
-9.552017296478144,-4.273593064313442
-9.553540808464845,-4.273587591650644
-9.5550643406894,-4.273582042820015
-9.556587835575652,-4.273576520546981
-9.558111380479126,-4.273570918653619
-9.559634882995619,-4.273565283400453
-9.561158395492155,-4.273559616873331
-9.562681912303212,-4.2735539435397385
-9.564205437657861,-4.2735482356383026
-9.565728955796407,-4.2735424597922
-9.56725246718248,-4.273536730540562
-9.568776020727995,-4.273530932031559
-9.570299516556709,-4.273525065453801
-9.571823061168104,-4.273519231033358
-9.573346595610172,-4.273513272837197
-9.574870100948726,-4.273507349830755
-9.576393641004486,-4.273501338205635
-9.577917155194978,-4.2734953203717705
-9.579440677940337,-4.273489347479123
-9.580964228578624,-4.273483278512911
-9.582487743842945,-4.273477213988159
-9.584011291964677,-4.273471078191568
-9.585534809304662,-4.273464947764307
-9.587058362389888,-4.273458748922198
-9.588581880193907,-4.273452504605362
-9.590105418429154,-4.2734461946034
-9.591628933433615,-4.273439932975879
-9.593152488381914,-4.27343359918734
-9.594676011374572,-4.273427246695589
-9.59619954952313,-4.2734208150202795
-9.597723075190673,-4.273414418836949
-9.599246633418097,-4.273407969357502
-9.600770156728117,-4.273401472001819
-9.602293681787522,-4.273394965383293
-9.603817243340004,-4.2733884111854366
-9.605340756509376,-4.273381809491505
-9.606864314057365,-4.273375196761151
-9.60838784675869,-4.273368536481163
-9.609911373176473,-4.2733618601006675
-9.611434916704798,-4.273355196602115
-9.61295847318984,-4.273348424628628
-9.614481991005091,-4.273341635594702
-9.61600555631128,-4.273334831506515
-9.61752907729034,-4.273327974952599
-9.619052634761404,-4.273321162678175
-9.62057619175446,-4.273314228298613
-9.6220997165513,-4.2733073090247125
-9.623623274515662,-4.273300309012116
-9.625146817928343,-4.2732933029146745
-9.626670345498706,-4.273286285283598
-9.628193911543342,-4.273279225519927
-9.629717449646275,-4.273272169909577
-9.631241013855863,-4.27326504191754
-9.63276454225239,-4.2732578947035105
-9.634288111948521,-4.273250684130066
-9.6358116447088,-4.2732434842148965
-9.637335199711433,-4.273236250495671
-9.63885876214087,-4.273229017078314
-9.6403823326322,-4.273221680745078
-9.6419058641395,-4.2732143307796315
-9.643429434539472,-4.273206961268947
-9.644952983714626,-4.2731995226609945
-9.646476536365,-4.273192083054108
-9.648000082666448,-4.273184585012341
-9.649523647539535,-4.273177108278235
-9.651047214630832,-4.273169528453907
-9.65257074825024,-4.2731619458761045
-9.654094306067305,-4.273154392439881
-9.655617870068564,-4.273146773773656
-9.657141436954994,-4.273139148729937
-9.658665009855262,-4.2731314227168715
-9.660188558158646,-4.273123694284047
-9.66171210670897,-4.273115976493572
-9.66323569337898,-4.27310821837031
-9.664759263000535,-4.273100373494778
-9.666282809661164,-4.2730925788910294
-9.667806391050943,-4.273084669691224
-9.66932993599278,-4.273076761771618
-9.67085350776643,-4.273068836365677
-9.672377078745729,-4.273060835547609
-9.67390064512873,-4.273052795262866
-9.67542419741618,-4.2730447782631265
-9.676947775827044,-4.273036675272851
-9.67847132809879,-4.273028559453897
-9.679994886494097,-4.273020478308998
-9.68151847912257,-4.273012317515057
-9.68304202411245,-4.2730041320038605
-9.684565613162786,-4.272995919500813
-9.686089164105782,-4.272987658783576
-9.687612746049984,-4.2729794349738
-9.689136331085153,-4.272971078171246
-9.690659873616607,-4.272962728667196
-9.692183457467669,-4.272954344174789
-9.693707018290992,-4.272945945454198
-9.695230603380562,-4.272937500749344
-9.696754163924528,-4.272928985729597
-9.698277738881593,-4.2729204437736135
-9.699801285485703,-4.2729119013473955
-9.701324881549155,-4.272903348145424
-9.702848450857752,-4.272894709082561
-9.704372018141024,-4.272886126340515
-9.7058955868386,-4.2728774966399445
-9.70741917963418,-4.272868871413872
-9.708942762364957,-4.272860178132273
-9.710466353012709,-4.272851420014419
-9.711989908463993,-4.272842675815994
-9.713513527454356,-4.272833873139081
-9.715037077815637,-4.2728250305529025
-9.716560685584586,-4.272816178067631
-9.718084258284753,-4.272807261004192
-9.719607841393954,-4.272798371416856
-9.721131444025527,-4.272789393416225
-9.722655010117387,-4.27278034405987
-9.724178588126314,-4.2727710177641836
-9.725702093570016,-4.272760730291571
-9.727225475569748,-4.272746731660887
-9.728748307055612,-4.272724389244679
-9.730270482711326,-4.272697536212397
-9.731792257947506,-4.272666792037224
-9.733313176113988,-4.272627082573815
-9.734832924958875,-4.272579679424427
-9.736351999500744,-4.272532015496635
-9.737870503911651,-4.272484456901501
-9.739388471422899,-4.272436904462538
-9.74090594679779,-4.272389399867256
-9.742423047509098,-4.272341933711716
-9.743939794226346,-4.272294490759012
-9.745456283454915,-4.272247059940092
-9.746972470128975,-4.272199699525471
-9.74848847400645,-4.2721523088685736
-9.750004248377037,-4.272104990540236
-9.751519898732232,-4.272057653221168
-9.753035355493374,-4.272010383587072
-9.754550740772027,-4.271963096698705
-9.756066019279848,-4.27191581367012
-9.757581167723869,-4.271868608592488
-9.759096260648759,-4.271821365242648
-9.760611279610911,-4.27177418299702
-9.7621262263325,-4.271727018576917
-9.76364115286896,-4.2716798543562176
-9.765156025962549,-4.27163268818513
-9.766670827081912,-4.271585599663646
-9.768185631830647,-4.2715384886765655
-9.769700404259332,-4.271491391017922
-9.771215123538115,-4.2714443454919255
-9.772729861391575,-4.271397281728167
-9.774244556772718,-4.2713502646241475
-9.775759242764968,-4.271303248196428
-9.777273936797855,-4.271256232992737
-9.778788573274545,-4.271209291645461
-9.780303253075504,-4.271162316345141
-9.7818178992381,-4.271115352184106
-9.783332530826687,-4.271068418320112
-9.784847149762353,-4.271021528785426
-9.78636178537371,-4.270974628198709
-9.787876419735934,-4.270927741946752
-9.789391018374639,-4.270880891190154
-9.790905647124337,-4.270834028855381
-9.792420252093718,-4.270787197681994
-9.793934853266162,-4.270740403061713
-9.795449471795603,-4.2706935966954855
-9.796964059997988,-4.270646857478681
-9.798478680181494,-4.270600092733209
-9.799993293312605,-4.270553347138267
-9.80150788185672,-4.270506638260704
-9.803022511116344,-4.270459919255295
-9.804537091934233,-4.270413246511608
-9.806051690140553,-4.2703665689211565
-9.807566315705706,-4.270319904993184
-9.80908088643817,-4.27027328365938
-9.81059550014217,-4.270226649848772
-9.81211010611193,-4.270180032585554
-9.813624687234157,-4.270133438591341
-9.815139265573722,-4.270086897991032
-9.816653883659908,-4.270040322769762
-9.81816845622198,-4.269993818847729
-9.819683061313441,-4.269947293553437
-9.8211976830233,-4.2699007833105975
-9.822712248823157,-4.269854320901627
-9.824226860464309,-4.269807846920418
-9.825741459641838,-4.269761382823741
-9.827256038790486,-4.269714956542023
-9.828770644354448,-4.2696685182999845
-9.830285233088969,-4.269622118511425
-9.831799821395679,-4.2695757414409075
-9.833314423693613,-4.2695293716180265
-9.834829036526909,-4.269483008512634
-9.836343628633584,-4.269436653817042
-9.837858215791641,-4.2693903446974995
-9.839372808422569,-4.269344021864636
-9.840887397054239,-4.269297757197589
-9.842402011527911,-4.269251472812154
-9.843916592657003,-4.269205254909782
-9.84543121248667,-4.269158997831412
-9.846945789641861,-4.269112797520059
-9.848460398208994,-4.26906658446661
-9.84997499214986,-4.2690204131255305
-9.85148955786459,-4.268974273830402
-9.853004181289155,-4.268928103199857
-9.854518774289508,-4.268881958619854
-9.856033348770765,-4.268835852751033
-9.857547943432362,-4.2687897623473035
-9.859062550527586,-4.268743668682634
-9.86057713006487,-4.268697629426548
-9.862091761314101,-4.268651561876453
-9.8636063566346,-4.268605551009852
-9.865120941632716,-4.268559526934937
-9.866635553853389,-4.268513517548382
-9.868150140579669,-4.268467547958037
-9.869664750800496,-4.26842156537821
-9.871179333860782,-4.2683756207974195
-9.87269392941843,-4.268329686973995
-9.874208521139149,-4.268283804299969
-9.875723147774266,-4.268237884329171
-9.87723772062918,-4.268192041058007
-9.878752339360217,-4.268146163455557
-9.88026694107231,-4.268100305685105
-9.881781523472876,-4.268054474716909
-9.883296107660902,-4.268008691983059
-9.884810726775473,-4.267962876631007
-9.88632529919359,-4.267917118093268
-9.887839909013321,-4.267871339504436
-9.889354495517244,-4.267825590652683
-9.890869074333754,-4.267779882398
-9.892383705575181,-4.267734160614724
-9.893898287967078,-4.267688489377738
-9.895412893343757,-4.267642791683854
-9.896927474649068,-4.267597156557329
-9.898442088419106,-4.267551513235901
-9.899956700238446,-4.267505863417123
-9.901471274143283,-4.267460259628222
-9.902985868353603,-4.267414673059322
-9.904500471424246,-4.267369076856934
-9.90601505247648,-4.267323523356857
-9.907529649221482,-4.267277976942588
-9.909044231442907,-4.267232482197843
-9.910558843791122,-4.267186977036522
-9.912073469237534,-4.267141466196353
-9.913588039609607,-4.267096003735962
-9.915102661681512,-4.267050517259684
-9.916617240498525,-4.267005082221889
-9.918131826747803,-4.2669596582517535
-9.919646441972304,-4.266914233050368
-9.921161024415582,-4.266868849989583
-9.922675624056884,-4.266823473160158
-9.924190218976069,-4.266778130711515
-9.925704819246523,-4.2667327885633295
-9.92721942751057,-4.266687453596496
-9.928734006097734,-4.266642158928588
-9.93024861640025,-4.266596874912196
-9.931763214343244,-4.266551590438149
-9.933277806079364,-4.266506359943011
-9.934792419627103,-4.266461089788389
-9.93630700722234,-4.266415872343079
-9.937821601745176,-4.266370701973589
-9.939336215474468,-4.2663255002031235
-9.940850825919814,-4.2662803174799295
-9.942365414981943,-4.266235176669127
-9.943880008339548,-4.266190019694866
-9.94539459791747,-4.26614489975933
-9.946909213667086,-4.266099781430772
-9.948423801577395,-4.266054683388928
-9.949938386532564,-4.266009646121086
-9.951452999857942,-4.26596457453565
-9.952967599577802,-4.265919520902292
-9.954482167017527,-4.2658745004908605
-9.955996778024552,-4.265829496279033
-9.957511391199494,-4.265784493065199
-9.959025964977148,-4.265739536577151
-9.960540574391485,-4.265694566335688
-9.962055160717016,-4.265649643419282
-9.963569785950526,-4.2656047192895965
-9.965084374196959,-4.265559803967528
-9.96659894451466,-4.265514951444062
-9.968113569028983,-4.265470068305202
-9.969628164748494,-4.265425198222384
-9.971142748985944,-4.265380372683508
-9.972657333748032,-4.265335557945337
-9.97417195542739,-4.265290747518375
-9.975686533491293,-4.265245983231939
-9.97720113765087,-4.265201217320196
-9.978715754130864,-4.265156444037245
-9.980230321095005,-4.265111733937415
-9.981744951628755,-4.265066991039379
-9.983259541116102,-4.265022306402599
-9.984774128562204,-4.264977623085133
-9.986288723375573,-4.264932935021295
-9.987803317078962,-4.26488828321683
-9.989317906397527,-4.264843668959946
-9.99083251844004,-4.264799043187088
-9.992347101114726,-4.2647544636826975
-9.993861694966629,-4.264709871538766
-9.99537630084474,-4.264665293517958
-9.996890885581577,-4.264620763756863
-9.998405493618254,-4.264576203707511
-9.999920057247927,-4.264531700318534
-10.001434675463939,-4.264487192411333
-10.0029492601414,-4.264442743143796
-10.004463863474975,-4.264398264604559
-10.005978470175002,-4.2643538078200525
-10.007493052938306,-4.26430938491326
-10.009007662526903,-4.264264956800087
-10.010522246391274,-4.264220552263414
-10.01203683470528,-4.264176183364362
-10.013551422364968,-4.2641318124948
-10.015066035683358,-4.264087453626506
-10.016580615335714,-4.264043123002404
-10.018095199753317,-4.263998836942756
-10.019609827303212,-4.263954519861658
-10.021124429676245,-4.2639102239057465
-10.022639010773641,-4.263865952949312
-10.024153600040359,-4.263821712171552
-10.025668208756917,-4.2637774830106565
-10.027182801967177,-4.263733279344401
-10.028697412169272,-4.263689058681445
-10.030211989732589,-4.2636449159054886
-10.03172659445514,-4.263600738941525
-10.033241193662471,-4.263556575082339
-10.034755768600643,-4.263512455575376
-10.03627035972691,-4.263468350703839
-10.037784967506228,-4.263424237994496
-10.03929955639729,-4.263380155976129
-10.04081415578295,-4.263336100754806
-10.042328740254689,-4.263292075491325
-10.043843357894405,-4.263248042771394
-10.045357962245834,-4.263204019285242
-10.046872539251154,-4.263160039943399
-10.048387155007967,-4.263116055581547
-10.049901740105055,-4.263072105616973
-10.051416325495408,-4.263028157995237
-10.052930941894864,-4.262984224609073
-10.054445531991584,-4.2629403274688755
-10.055960116050006,-4.262896428053716
-10.057474733688471,-4.26285253882798
-10.0589893157003,-4.262808712164647
-10.06050391814009,-4.2627648489506145
-10.062018522496952,-4.262721009995058
-10.06353310457305,-4.2626772025306
-10.065047711555154,-4.262633390831474
-10.066562292906038,-4.26258960872266
-10.068076873735468,-4.262545860331727
-10.069591487728273,-4.2625020865374506
-10.071106070051439,-4.262458369301092
-10.07262067005473,-4.262414662744059
-10.074135254995822,-4.2623709709784885
-10.075649836447232,-4.26232732506965
-10.077164453850926,-4.262283638586392
-10.078679019765856,-4.262240035854543
-10.080193634762498,-4.262196398419742
-10.081708229956938,-4.262152776812362
-10.083222803622148,-4.262109185281169
-10.084737403194403,-4.26206561497883
-10.086251993636354,-4.262022030439214
-10.087766567676347,-4.261978497069863
-10.089281162144154,-4.261934973100025
-10.090795750661462,-4.2618914723341845
-10.092310350534271,-4.261847974892582
-10.09382493325755,-4.261804510464871
-10.095339519862844,-4.2617610369765675
-10.09685410144534,-4.261717607925576
-10.098368692546519,-4.261674187499677
-10.099883308149522,-4.2616307731450105
-10.101397881345296,-4.261587414812296
-10.102912486571258,-4.261544029019224
-10.10442708418086,-4.261500654203666
-10.10594165839771,-4.261457314695732
-10.107456230449886,-4.261414020109227
-10.108970856598317,-4.261370705662451
-10.110485450908504,-4.261327403874271
-10.112000026416013,-4.261284127069129
-10.113514600949392,-4.2612409027402265
-10.115029211329476,-4.2611976472626525
-10.116543783942516,-4.261154437505207
-10.118058372039751,-4.261111242978344
-10.119572983529595,-4.261068031598324
-10.121087554981273,-4.261024890285067
-10.122602149645576,-4.260981723266031
-10.12411672899643,-4.260938599845367
-10.125631334720822,-4.26089547022546
-10.127145917230347,-4.260852373971483
-10.128660503613263,-4.260809296355758
-10.130175119124065,-4.2607662088494
-10.13168968536907,-4.260723193054133
-10.133204282528512,-4.260680140992886
-10.134718882650043,-4.260637109677363
-10.136233448645607,-4.260594121811514
-10.137748067136059,-4.260551109212229
-10.139262644163962,-4.2605081467399195
-10.140777221355112,-4.260465216056852
-10.142291828721156,-4.260422269758095
-10.143806412818572,-4.260379356901519
-10.14532097824945,-4.260336458724532
-10.146835593297366,-4.2602935598256675
-10.148350174302372,-4.260250706635922
-10.14986475184793,-4.260207828551387
-10.151379330111538,-4.260164991259554
-10.1528939118719,-4.2601222099380305
-10.154408519726655,-4.260079386939977
-10.155923110582785,-4.260036594575998
-10.157437674518977,-4.25999380957158
-10.158952254494508,-4.259951066286318
-10.160466833440989,-4.25990836117672
-10.161981440150667,-4.259865634243816
-10.163496032307705,-4.259822913820589
-10.165010599905779,-4.259780260402234
-10.166525197926779,-4.259737560293485
-10.168039759192968,-4.259694922769628
-10.169554373222297,-4.259652262480966
-10.171068938761644,-4.259609648318478
-10.172583514166556,-4.259567041102885
-10.174098084134194,-4.259524490403766
-10.17561268260268,-4.259481915756377
-10.177127280382273,-4.2594393587641335
-10.178641840341943,-4.259396827890166
-10.180156445812104,-4.259354303986428
-10.181671019843911,-4.2593118159896015
-10.183185613015837,-4.2592693386789096
-10.184700199921318,-4.259226855335383
-10.18621476985588,-4.259184404076722
-10.18772934116347,-4.2591419883377375
-10.189243943377763,-4.2590995531061795
-10.190758525831106,-4.259057152296076
-10.192273097149506,-4.259014793292654
-10.19378769075133,-4.258972404360962
-10.195302254526672,-4.258930081416013
-10.196816867657724,-4.258887740485264
-10.198331441679066,-4.258845450782218
-10.199846030341735,-4.258803158269215
-10.20136063460219,-4.258760847960671
-10.202875187142743,-4.258718617551558
-10.204389792912997,-4.258676349910364
-10.205904356798488,-4.2586341562716035
-10.207418946517118,-4.258591931512318
-10.208933540985582,-4.258549728864174
-10.210448095115567,-4.258507560783642
-10.211962697651607,-4.258465387339504
-10.213477277356704,-4.258423243013179
-10.214991842293843,-4.258381100527424
-10.21650641796969,-4.258339021434977
-10.218021017121721,-4.258296918691718
-10.219535604164369,-4.258254824058876
-10.221050169024217,-4.258212787621985
-10.222564759902003,-4.258170728859701
-10.224079328749408,-4.258128715960423
-10.225593908716187,-4.2580866951311425
-10.227108507390984,-4.258044683677283
-10.228623064707214,-4.2580027233644895
-10.230137633335326,-4.257960770216574
-10.231652231021378,-4.257918816569343
-10.233166802661591,-4.257876896635449
-10.234681380135346,-4.257834985681874
-10.236195949721743,-4.257793115476762
-10.237710550571432,-4.257751221126085
-10.239225122968705,-4.257709355326142
-10.240739689192228,-4.257667527029949
-10.242254291355351,-4.2576256693933905
-10.243768857871316,-4.25758387061273
-10.245283426933232,-4.257542080446627
-10.246798020650417,-4.257500286450295
-10.248312578701906,-4.25745853267753
-10.249827161721589,-4.257416798383936
-10.251341744560564,-4.257375085509446
-10.252856325151043,-4.257333382323665
-10.254370922124625,-4.2572916886085626
-10.255885501277216,-4.257250025378216
-10.257400065389525,-4.257208381712122
-10.258914656290173,-4.25716674174604
-10.260429246927572,-4.25712508777912
-10.261943795459585,-4.25708348645076
-10.263458366003686,-4.257041895403367
-10.264972946880565,-4.257000347489827
-10.266487534623156,-4.256958798519394
-10.268002130304911,-4.256917239417552
-10.269516693576207,-4.256875723635
-10.271031251222905,-4.256834227089431
-10.272545851295568,-4.256792724938168
-10.27406040707163,-4.256751255534905
-10.275574997743488,-4.256709785984146
-10.277089570787256,-4.256668353175592
-10.27860413614735,-4.256626944954811
-10.280118715245138,-4.256585520392664
-10.28163328355004,-4.256544138478904
-10.28314784513212,-4.256502791344252
-10.284662440614307,-4.256461437829839
-10.286177026179981,-4.256420086303779
-10.287691575697266,-4.256378776901617
-10.289206164486728,-4.256337462217417
-10.290720740405453,-4.256296187024714
-10.292235289314437,-4.256254949919313
-10.29374988536013,-4.256213680678175
-10.295264444652789,-4.256172456943647
-10.296779009048793,-4.256131241620835
-10.298293599688408,-4.256090032065794
-10.299808163359746,-4.256048865632445
-10.30132274465237,-4.256007669239943
-10.302837307380974,-4.25596652928008
-10.3043518651327,-4.25592541080382
-10.305866445398456,-4.25588429609053
-10.307381038331297,-4.2558431746467695
-10.308895578830104,-4.255802121443464
-10.310410156911034,-4.25576104795879
-10.311924749440829,-4.255719976921973
-10.313439286556347,-4.25567894062991
-10.314953850988097,-4.255637954485808
-10.316468444019355,-4.255596956618501
-10.317983016679202,-4.255555946612402
-10.319497562560898,-4.255515003047666
-10.321012160919441,-4.255474031821184
-10.322526709135461,-4.255433137727873
-10.32404128652125,-4.2553922120529
-10.325555869786339,-4.2553512954517405
-10.327070417311415,-4.2553104147878855
-10.328584987733691,-4.255269578537863
-10.330099580289122,-4.2552287017307036
-10.331614130883667,-4.255187883479526
-10.333128679432383,-4.255147082035949
-10.334643280759362,-4.2551062688658305
-10.336157834244615,-4.255065524025044
-10.337672419807372,-4.255024749383434
-10.339186993426209,-4.254983990391105
-10.340701553252122,-4.254943268069703
-10.342216119872196,-4.254902557783004
-10.343730682595433,-4.254861871005073
-10.345245270322284,-4.254821168303753
-10.346759818339846,-4.25478052703718
-10.34827437817303,-4.254739880835538
-10.349788964871916,-4.2546992432205535
-10.351303515225647,-4.254658671467149
-10.352818108168723,-4.254618042128784
-10.354332671678822,-4.254577451895419
-10.35584721918357,-4.2545368886538855
-10.357361777515592,-4.25449634681521
-10.358876362312646,-4.254455812392584
-10.36039091542982,-4.254415311373634
-10.3619054942031,-4.254374826170012
-10.363420053663898,-4.254334351489415
-10.364934606326806,-4.2542939000880535
-10.366449193907796,-4.254253445486578
-10.367963743329335,-4.254213044091746
-10.369478319563743,-4.254172633112281
-10.370992896178837,-4.254132218915633
-10.372507437274223,-4.254091849797622
-10.374021994255411,-4.2540515045947975
-10.375536580650436,-4.254011135038516
-10.37705112841262,-4.253970818994348
-10.37856569725163,-4.253930512295529
-10.380080248149461,-4.2538902283038995
-10.38159483674568,-4.253849929387482
-10.383109376507266,-4.253809712322127
-10.384623953256508,-4.253769459298733
-10.386138529595268,-4.253729220883873
-10.387653064187267,-4.253689011608894
-10.389167634139751,-4.2536488181088234
-10.390682196631754,-4.25360865649599
-10.392196764712754,-4.253568500968055
-10.393711333113863,-4.253528342358889
-10.395225872068814,-4.253488243964129
-10.396740448781472,-4.253448137846707
-10.398255016080372,-4.2534080224812625
-10.399769554984434,-4.253367955605458
-10.401284108657222,-4.253327936172437
-10.40279868852987,-4.25328787724455
-10.404313254459444,-4.2532478435169585
-10.405827793991186,-4.253207828054419
-10.407342330613396,-4.25316787291112
-10.408856913469043,-4.253127899971372
-10.410371490965238,-4.253087928474818
-10.411886011759327,-4.253048002400742
-10.413400599740134,-4.25300807222289
-10.414915153339113,-4.252968166585505
-10.416429694872487,-4.252928314836256
-10.417944264540473,-4.252888421715184
-10.41945881881272,-4.252848568385432
-10.420973385328558,-4.252808731167399
-10.422487921051681,-4.252768939196909
-10.424002494659101,-4.252729131228447
-10.425517071294445,-4.252689327644779
-10.427031607841569,-4.2526495628016105
-10.428546160036156,-4.252609835322149
-10.430060727243266,-4.252570083174286
-10.431575282358246,-4.25253035173614
-10.433089819182754,-4.252490670360119
-10.434604396901953,-4.252450965855925
-10.436118933992436,-4.25241128878043
-10.437633482060537,-4.252371649160876
-10.439148067358955,-4.252332002636326
-10.440662611366653,-4.252292385160011
-10.442177167814751,-4.252252797525271
-10.443691716519558,-4.252213224725105
-10.445206280501235,-4.252173634274967
-10.446720819300454,-4.252134092371841
-10.448235370354638,-4.252094570108528
-10.449749940027285,-4.252055042538281
-10.451264484681174,-4.252015546946506
-10.452779031416865,-4.251976072573886
-10.45429359946843,-4.251936591612502
-10.45580814532687,-4.251897141293688
-10.45732269188639,-4.251857712021292
-10.45883723351192,-4.251818334378916
-10.460351805689392,-4.2517789278437474
-10.46186636899804,-4.251739534960184
-10.46338090334516,-4.251700192054686
-10.464895466145558,-4.251660843802974
-10.466410011906792,-4.251621528858525
-10.46792456518537,-4.251582212113217
-10.46943912829802,-4.251542893381291
-10.470953657010508,-4.251503617050477
-10.472468196944716,-4.251464381253644
-10.473982753494935,-4.251425133608621
-10.475497316570967,-4.251385896658678
-10.477011846755547,-4.251346683160497
-10.478526418381518,-4.251307481857367
-10.480040954636083,-4.2512683062639205
-10.481555491556206,-4.251229165751512
-10.483070058870481,-4.251190020346251
-10.484584628946267,-4.2511508691151105
-10.486099153565496,-4.251111764213285
-10.487613693059407,-4.251072692114177
-10.48912825935542,-4.251033618012638
-10.49064281580979,-4.250994543276604
-10.492157356435637,-4.2509554888513446
-10.493671891100089,-4.250916494905765
-10.49518646053835,-4.2508774643315554
-10.496700993971482,-4.250838475851603
-10.498215520868772,-4.25079951035094
-10.499730098583596,-4.250760524013919
-10.501244627237929,-4.250721593097661
-10.502759161053604,-4.250682681189557
-10.504273737496943,-4.250643762887113
-10.50578825376245,-4.2506048988331795
-10.507302817980385,-4.250566025051703
-10.508817374677536,-4.250527154207385
-10.51033190425907,-4.250488311508513
-10.511846446977763,-4.250449495837274
-10.51336099574074,-4.25041070260152
-10.514875542057789,-4.250371906321321
-10.51639010867562,-4.250333126969721
-10.517904635552485,-4.250294403351376
-10.519419194890162,-4.25025565833668
-10.520933748179173,-4.25021692002013
-10.522448285501547,-4.250178207238576
-10.52396280928289,-4.250139545170639
-10.525477373050325,-4.250100858615896
-10.526991903967406,-4.250062231819465
-10.528506459021129,-4.250023598529141
-10.530021005788099,-4.249984958145339
-10.53153552956281,-4.249946365778452
-10.533050095371653,-4.249907770741987
-10.5345646161995,-4.249869234844253
-10.536079183194598,-4.249830671268354
-10.537593719041713,-4.249792114612107
-10.539108240344692,-4.249753599612487
-10.5406227872589,-4.249715102865504
-10.542137334634743,-4.2496766111774615
-10.543651867021568,-4.249638143309059
-10.545166405033928,-4.249599724779918
-10.54668096939532,-4.249561282957571
-10.548195519819576,-4.249522854566333
-10.549710048014626,-4.2494844609656734
-10.551224569815306,-4.249446092446275
-10.552739137739254,-4.249407707319013
-10.554253660706143,-4.249369396100915
-10.555768200420463,-4.249331059561268
-10.557282760405775,-4.2492927255710224
-10.558797269478521,-4.249254446915145
-10.560311835733746,-4.249216150839405
-10.561826362393186,-4.24917790408851
-10.563340910838688,-4.249139640650913
-10.564855435561693,-4.2491014118598
-10.566369950331673,-4.2490632260808185
-10.567884517652976,-4.24902501505022
-10.569399057715335,-4.248986816363078
-10.57091357323542,-4.248948649691874
-10.57242810960993,-4.248910499662952
-10.57394264042125,-4.2488723841634775
-10.575457201739926,-4.248834250758604
-10.576971710813224,-4.248796159143046
-10.578486246355006,-4.24875811499177
-10.580000799715613,-4.248720041831904
-10.581515349534845,-4.24868198724071
-10.583029860655396,-4.24864398427195
-10.58454440321306,-4.248605972983301
-10.586058956082347,-4.248567969665233
-10.587573475882696,-4.248529997585738
-10.589088026092924,-4.248492029487547
-10.590602552195431,-4.248454097898783
-10.592117088595568,-4.248416157538445
-10.593631612932665,-4.248378271542231
-10.595146185127556,-4.248340360799943
-10.596660690777716,-4.248302516020676
-10.598175233436404,-4.24826465204066
-10.599689787056466,-4.248226801296495
-10.601204306216225,-4.248188975394382
-10.602718855808488,-4.248151151211404
-10.60423337654027,-4.248113361541836
-10.605747904447014,-4.248075600493359
-10.607262454731842,-4.248037832360314
-10.608776976696484,-4.2480001300421115
-10.610291530569741,-4.247962394791042
-10.611806066089457,-4.2479246776545505
-10.613320581467496,-4.247886989525274
-10.614835116045603,-4.247849346516739
-10.616349667107691,-4.2478116910511945
-10.617864211939693,-4.247774032434799
-10.61937872865461,-4.247736413252287
-10.620893253296714,-4.247698834669035
-10.622407803867013,-4.247661248437189
-10.623922349184793,-4.247623650922173
-10.62543685610637,-4.247586103263753
-10.62695138461253,-4.247548583940359
-10.628465938919767,-4.24751103629636
-10.629980453666438,-4.24747354783855
-10.631494992468973,-4.247436075485813
-10.633009528235855,-4.247398609703012
-10.63452407867788,-4.247361155165968
-10.636038604502533,-4.24732373707416
-10.637553143947674,-4.247286297750636
-10.639067668578688,-4.247248897506101
-10.64058218420967,-4.247211542717194
-10.642096728122185,-4.2471741800344205
-10.643611280150395,-4.2471368048482185
-10.645125783887124,-4.247099507290128
-10.646640331754762,-4.247062186420927
-10.648154874319674,-4.247024870094164
-10.649669376617684,-4.246987593528641
-10.651183906040808,-4.2469503304862375
-10.652698465444125,-4.246913072260544
-10.654212982384193,-4.2468758388820875
-10.65572750821491,-4.246838633529632
-10.657242036320755,-4.246801429732208
-10.658756569469725,-4.246764234492635
-10.660271086878884,-4.246727075314225
-10.661785604277059,-4.2466899603247645
-10.663300156317533,-4.246652805535903
-10.664814663058621,-4.24661572957121
-10.66632920931996,-4.246578636279703
-10.667843753799115,-4.246541543823249
-10.66935826210862,-4.246504503541986
-10.670872801596284,-4.246467460868111
-10.672387338925382,-4.246430413323521
-10.673901843718856,-4.2463934183023815
-10.675416395098933,-4.246356410978615
-10.676930917616401,-4.24631942562264
-10.678445429830493,-4.2462824956146745
-10.679959974291076,-4.246245545361589
-10.681474510492905,-4.246208605722341
-10.682989011929873,-4.24617172887962
-10.684503564885162,-4.246134813639601
-10.686018081490593,-4.2460979519616275
-10.687532601983222,-4.2460610911894205
-10.689047144090562,-4.246024239209388
-10.690561647780461,-4.245987422896983
-10.692076195282887,-4.245950609017623
-10.693590707286278,-4.245913849918994
-10.695105251092237,-4.245877065035782
-10.69661978098671,-4.245840295672494
-10.698134298321092,-4.245803561819087
-10.69964883495335,-4.245766826743843
-10.701163350713797,-4.245730124031033
-10.702677885837398,-4.245693419049694
-10.704192392957456,-4.245656745794128
-10.705706900472064,-4.24562010947615
-10.707221457143543,-4.245583472758502
-10.70873599772514,-4.245546823092647
-10.71025049374449,-4.245510221251704
-10.711765018985568,-4.245473640746602
-10.71327956067705,-4.245437069981577
-10.714794060903746,-4.2454005321543935
-10.716308586439627,-4.245364010600322
-10.717823137053541,-4.245327474856985
-10.719337639125586,-4.2452910026596085
-10.720852178428375,-4.245254510109447
-10.722366696714966,-4.245218039992853
-10.72388120539327,-4.245181591386192
-10.72539575326487,-4.24514514048241
-10.726910259356698,-4.245108725189325
-10.728424777306564,-4.2450723170022275
-10.729939315488343,-4.245035930631919
-10.731453816083128,-4.244999592696089
-10.732968365556427,-4.2449632299156965
-10.73448287385337,-4.244926919348059
-10.735997406645938,-4.244890599037772
-10.73751192511173,-4.244854315144071
-10.739026450148867,-4.244818032064514
-10.74054098849516,-4.244781754156751
-10.74205549495982,-4.244745529153696
-10.743570027229719,-4.244709292434071
-10.745084544671686,-4.2446730819264165
-10.746599068529292,-4.244636869141494
-10.74811357111398,-4.244600692301656
-10.749628094897883,-4.244564544449124
-10.751142624631424,-4.244528385798153
-10.752657129657242,-4.244492287424806
-10.754171663406575,-4.244456164884482
-10.755686196669778,-4.244420059112968
-10.757200691123064,-4.244384008968295
-10.758715228854218,-4.2443479193790825
-10.760229723176728,-4.244311911365908
-10.761744259169323,-4.244275876355778
-10.763258788476215,-4.2442398579721985
-10.764773279846729,-4.244203891992903
-10.76628782057179,-4.244167892174853
-10.767802318779273,-4.244131930634566
-10.769316822788932,-4.244096017554452
-10.770831370508365,-4.24406006723329
-10.772345865967694,-4.244024195200584
-10.773860393105057,-4.243988298349115
-10.77537491816146,-4.24395241734111
-10.776889406982288,-4.243916576813507
-10.778403950361204,-4.243880714744031
-10.779918441341342,-4.243844932838329
-10.781432965438244,-4.2438091190151885
-10.78294749838971,-4.243773313359594
-10.784461994826048,-4.243737568807093
-10.785976521765402,-4.243701819230487
-10.78749105829002,-4.243666059919273
-10.789005542506535,-4.243630370492196
-10.790520069540744,-4.243594661091377
-10.792034593400599,-4.243558960586304
-10.79354909104561,-4.243523297608409
-10.795063620264363,-4.243487638344554
-10.79657811312339,-4.243452025865175
-10.79809264256593,-4.243416397009276
-10.799607161514794,-4.243380782170182
-10.80112166571576,-4.243345199694016
-10.802636191674832,-4.243309648678493
-10.804150703363725,-4.243274075470362
-10.805665212516116,-4.243238546474023
-10.807179728842122,-4.243203030938526
-10.80869423619448,-4.2431675665948765
-10.810208778932383,-4.243132072946842
-10.811723299165914,-4.2430965916484364
-10.813237801044767,-4.24306114087434
-10.814752323953508,-4.243025709659181
-10.81626684332061,-4.242990305189195
-10.817781353886748,-4.242954906065555
-10.819295859202999,-4.242919543930251
-10.820810386486631,-4.242884162214626
-10.822324885883448,-4.2428488333245635
-10.823839429463888,-4.242813506146242
-10.82535394414743,-4.242778184709374
-10.826868459885622,-4.242742881360106
-10.828382970530823,-4.2427076137558135
-10.829897480269103,-4.2426723473438
-10.83141201313348,-4.242637090997778
-10.832926514612517,-4.242601867106929
-10.834441025841633,-4.242566663363159
-10.835955554572381,-4.242531467115761
-10.837470053164854,-4.242496311670858
-10.838984600857362,-4.2424611353917125
-10.840499091462426,-4.242426028294625
-10.842013613990199,-4.242390905298888
-10.84352815536299,-4.242355777343802
-10.845042646404098,-4.242320725057217
-10.846557171408413,-4.242285655592528
-10.848071708139585,-4.242250575560115
-10.84958618826818,-4.242215569979214
-10.851100720595925,-4.242180545189271
-10.85261525114852,-4.242145528864038
-10.854129759831686,-4.24211053628277
-10.855644257009185,-4.242075595317217
-10.857158778099723,-4.2420406286505985
-10.858673291140425,-4.242005686896477
-10.860187793334294,-4.241970790570984
-10.861702329632145,-4.241935876183868
-10.8632168310737,-4.2419010141396924
-10.864731346820475,-4.241866144949523
-10.866245877304232,-4.241831276254289
-10.86776037770554,-4.241796468025828
-10.869274894743501,-4.241761647740992
-10.87078942069542,-4.241726831279924
-10.87230392294652,-4.241692042877813
-10.873818418367856,-4.241657305628128
-10.875332946304765,-4.241622550667725
-10.87684746889143,-4.241587809322029
-10.878361958138418,-4.241553130205275
-10.879876484511597,-4.241518427831915
-10.8813910064814,-4.241483732107809
-10.882905501547985,-4.241449069287104
-10.884420027157924,-4.241414408073177
-10.885934531135987,-4.241379786157762
-10.887449043042908,-4.241345168428149
-10.888963547345902,-4.24131059923606
-10.890478065874957,-4.241276005585356
-10.891992567336752,-4.241241449650903
-10.893507088310756,-4.241206901774945
-10.895021585241146,-4.241172369699298
-10.896536086822074,-4.2411378606833186
-10.898050602059746,-4.241103386517223
-10.899565126611174,-4.241068890134126
-10.901079632081073,-4.241034435604471
-10.902594129817953,-4.241000011244773
-10.904108656741734,-4.240965586364817
-10.905623185528762,-4.240931168009999
-10.907137685033462,-4.240896771993582
-10.908652184848146,-4.24086240408265
-10.910166696128215,-4.240828049108347
-10.911681226724001,-4.240793705545024
-10.913195712109768,-4.24075941428535
-10.9147102448188,-4.240725080803447
-10.916224745906607,-4.2406907834791125
-10.917739244383785,-4.24065651807783
-10.919253747199987,-4.240622292073378
-10.920768274751595,-4.240588056254174
-10.922282794010576,-4.240553827350289
-10.92379728428542,-4.240519634573248
-10.92531182041316,-4.240485449738394
-10.926826337987528,-4.240451265422878
-10.92834083121595,-4.240417118063955
-10.929855338152795,-4.240382988780018
-10.931369866749842,-4.240348859040519
-10.932884361130737,-4.240314769282339
-10.934398881642085,-4.240280698101838
-10.935913394218465,-4.2402466330980815
-10.937427910365036,-4.240212570880612
-10.9389424035031,-4.240178569518624
-10.94045692581685,-4.240144551706667
-10.941971453358612,-4.2401105356564885
-10.943485941665529,-4.240076577782462
-10.945000476113565,-4.24004260649444
-10.94651498881937,-4.240008662202114
-10.948029481071963,-4.239974737368257
-10.949544004114982,-4.239940809166868
-10.951058506325035,-4.239906911598451
-10.95257300565795,-4.239873041253442
-10.95408751231318,-4.239839178483424
-10.955602021052636,-4.239805346542914
-10.95711653309131,-4.239771522240673
-10.958631052987485,-4.239737707888224
-10.960145566178705,-4.239703910503894
-10.961660070563154,-4.239670128270911
-10.96317456510352,-4.239636396686695
-10.96468911390389,-4.239602625630307
-10.966203617426727,-4.239568892126974
-10.96771810972582,-4.239535180979887
-10.96923261982922,-4.239501514947932
-10.970747133500554,-4.239467840265676
-10.972261650193609,-4.239434171382082
-10.973776144845553,-4.23940053793407
-10.975290669317419,-4.2393669089589245
-10.976805157540317,-4.239333315902683
-10.978319686827955,-4.239299705906604
-10.979834180746268,-4.239266136606438
-10.981348690950945,-4.239232583532107
-10.982863190957005,-4.239199058600391
-10.984377687435252,-4.239165556787295
-10.985892220115744,-4.239132040972023
-10.987406716458477,-4.239098583200584
-10.98892124645928,-4.2390650991578225
-10.990435734542078,-4.239031674620391
-10.99195024261417,-4.238998231220386
-10.993464749953576,-4.238964824720894
-10.99497925823005,-4.238931419186555
-10.996493787076107,-4.238898033927537
-10.99800828558838,-4.238864673399665
-10.999522783928775,-4.238831325753678
-11.001037308504017,-4.238797977317825
-11.002551800612414,-4.238764690568819
-11.00406632439265,-4.23873136475856
-11.0055808122248,-4.23869811728089
-11.007095331725349,-4.238664841968811
-11.008609827351215,-4.238631607773421
-11.010124325747665,-4.238598375128356
-11.011638853761985,-4.238565159868695
-11.013153346689394,-4.238531975564115
-11.014667849560764,-4.238498788734085
-11.016182362493087,-4.238465613486202
-11.017696849447756,-4.238432477776852
-11.019211357207634,-4.2383993676358855
-11.02072588663147,-4.238366233071794
-11.022240373297333,-4.2383331569913
-11.023754894269528,-4.238300062998896
-11.025269392108342,-4.238267005265129
-11.02678389991943,-4.238233960814224
-11.028298381288982,-4.238200968782487
-11.029812907991918,-4.2381679659009155
-11.031327432062753,-4.238134963373732
-11.03284191730635,-4.23810201407319
-11.03435643842085,-4.238069061064195
-11.035870952377884,-4.238036105337914
-11.037385443258694,-4.238003173391697
-11.038899948226538,-4.237970273486052
-11.040414437726389,-4.237937394266525
-11.041928950058582,-4.237904515291227
-11.043443436736023,-4.2378716878302765
-11.044957966288994,-4.237838837855626
-11.046472450466863,-4.237806045203147
-11.047986964651997,-4.237773243296361
-11.04950148446051,-4.237740451548401
-11.051015970025638,-4.237707689887725
-11.052530483012642,-4.237674932179359
-11.054044979565644,-4.237642227019313
-11.05555950536579,-4.237609499401489
-11.057073997183297,-4.237576830149775
-11.058588516212572,-4.237544141971709
-11.0601030287998,-4.237511464447468
-11.061617512302309,-4.237478850320272
-11.063132033866944,-4.237446212006106
-11.064646542021798,-4.2374135882770645
-11.06616102845231,-4.237381017388263
-11.067675560852646,-4.2373484181102095
-11.06919002999634,-4.237315896475833
-11.070704555173089,-4.237283356723852
-11.072219078707388,-4.2372508085522025
-11.073733554290552,-4.237218335287604
-11.07524806761135,-4.237185841845551
-11.076762592371868,-4.237153338773676
-11.078277065836229,-4.237120920707078
-11.079791579398794,-4.237088466141129
-11.081306094461702,-4.237056026771722
-11.082820585438832,-4.237023613391786
-11.08433506302816,-4.236991254537171
-11.08584958720624,-4.23695888416819
-11.087364109564994,-4.236926507067596
-11.088878575983381,-4.2368942056991745
-11.090393098959765,-4.23686188532982
-11.09190761424962,-4.236829568063498
-11.093422094986721,-4.236797305942802
-11.09493660902669,-4.236765029748969
-11.09645112402087,-4.23673275736278
-11.097965605610359,-4.2367005234753
-11.099480110069006,-4.236668307870865
-11.100994605939103,-4.236636108725436
-11.102509101646062,-4.236603935411617
-11.104023610960676,-4.236571773180587
-11.105538113220614,-4.236539610704098
-11.10705261335558,-4.236507499070875
-11.108567114014306,-4.236475384926253
-11.110081623554033,-4.236443270743249
-11.111596105532263,-4.236411224218857
-11.113110629867741,-4.236379146695004
-11.114625123297524,-4.236347097132303
-11.116139609179077,-4.236315081119936
-11.11765413755107,-4.2362830665379025
-11.119168625439363,-4.236251085450172
-11.120683122531478,-4.236219109300171
-11.122197635687547,-4.23618713913697
-11.123712129127176,-4.236155211158947
-11.125226624512441,-4.236123282031898
-11.126741131843145,-4.236091364477668
-11.128255619215965,-4.236059503730931
-11.129770145904539,-4.236027619169232
-11.131284643793254,-4.235995768222229
-11.13279913738724,-4.23596393997928
-11.134313653528215,-4.235932102753343
-11.135828154059691,-4.235900315510848
-11.137342662079652,-4.235868523785886
-11.138857176669296,-4.235836746202672
-11.140371673783132,-4.235804997496738
-11.141886158309267,-4.235773268352793
-11.143400680010558,-4.235741532831063
-11.14491516659622,-4.2357098667863555
-11.146429678079924,-4.235678168806006
-11.147944190738242,-4.235646489410498
-11.149458669866492,-4.235614860320732
-11.15097317356457,-4.235583216746769
-11.152487682728436,-4.235551582462835
-11.154002168315671,-4.235519977335426
-11.155516645516126,-4.235488431086958
-11.15703116114727,-4.235456859157302
-11.158545666782274,-4.2354253044685155
-11.160060141069936,-4.2353938093567685
-11.161574647924029,-4.2353622916663785
-11.1630891618194,-4.235330787275867
-11.164603643831907,-4.235299317850878
-11.166118168306374,-4.235267854522459
-11.167632648604528,-4.235236415132566
-11.16914714670073,-4.235204991275414
-11.170661659069284,-4.235173573412572
-11.17217615086656,-4.2351422002112935
-11.173690636372227,-4.235110823953606
-11.175205164877354,-4.235079452606694
-11.176719648399793,-4.2350481344247095
-11.178234155594962,-4.235016806187241
-11.179748673003845,-4.2349854801892475
-11.181263139879448,-4.234954197352282
-11.182777651886274,-4.234922929703226
-11.184292135626759,-4.234891690159833
-11.185806642628384,-4.234860450136043
-11.187321149812249,-4.234829225032465
-11.188835622979834,-4.234798041586369
-11.190350129443,-4.23476685468053
-11.19186463445038,-4.234735663069041
-11.193379103114957,-4.23470453409814
-11.194893615447544,-4.234673380093171
-11.196408107720405,-4.234642269620897
-11.197922598428967,-4.23461119097721
-11.199437110991388,-4.234580082302089
-11.20095157317384,-4.234549055257866
-11.202466074913259,-4.234518001199471
-11.203980586054044,-4.234486956516416
-11.205495069911535,-4.234455946704811
-11.207009577191156,-4.234424931777176
-11.20852405323893,-4.234393964557848
-11.210038539930391,-4.2343630165814545
-11.21155305943796,-4.234332061393054
-11.213067555628552,-4.234301155775606
-11.214582039025856,-4.234270236598466
-11.216096555836302,-4.234239333254372
-11.217611027671444,-4.234208495439024
-11.219125538841702,-4.234177626697454
-11.220640049249551,-4.234146775952409
-11.222154526430451,-4.234115958961738
-11.223669033015874,-4.234085134107493
-11.225183515944302,-4.234054354353051
-11.226698009826483,-4.234023602507018
-11.228212522594346,-4.233992825913719
-11.229727003667158,-4.2339620869530625
-11.23124148366535,-4.233931400974339
-11.232755990353294,-4.233900701802675
-11.23427050875939,-4.233870007287088
-11.235784975671471,-4.233839359387828
-11.23729947794493,-4.233808702718987
-11.23881398581114,-4.233778055484404
-11.240328468494928,-4.233747437330561
-11.241842940272468,-4.233716867084022
-11.243357447239587,-4.23368629150781
-11.24487195569161,-4.233655705317266
-11.246386429737738,-4.233625197564447
-11.247900937999153,-4.23359464566886
-11.249415413493995,-4.2335641440771505
-11.250929899587433,-4.2335336624093225
-11.252444417332772,-4.233503166448653
-11.253958898989657,-4.233472733751217
-11.25547339853322,-4.233442261199324
-11.256987870474918,-4.233411864654704
-11.258502388877337,-4.233381447193315
-11.260016864676485,-4.233351059390788
-11.261531351416995,-4.233320681771363
-11.263045861541318,-4.2332903148208905
-11.264560343676436,-4.233259990988506
-11.26607483692729,-4.233229675549566
-11.267589352870809,-4.233199351032039
-11.269103837887016,-4.233169073007515
-11.27061831270121,-4.233138813260792
-11.272132812413158,-4.233108561696242
-11.273647314413525,-4.233078312819055
-11.275161788261586,-4.233048104896458
-11.27667628967924,-4.233017887409926
-11.27819076508153,-4.2329877257389565
-11.279705282217483,-4.2329575305106975
-11.281219756240302,-4.232927389621262
-11.28273422812843,-4.232897283235769
-11.284248745511244,-4.232867144613328
-11.285763230787282,-4.232837053269951
-11.28727770793164,-4.232806973789733
-11.288792186319633,-4.232776920335157
-11.290306682455471,-4.232746874831086
-11.291821154883028,-4.232716876645263
-11.2933356706414,-4.232686855325619
-11.29485015127256,-4.232656842811873
-11.296364626857686,-4.2326268814185095
-11.297879099265113,-4.232596950989015
-11.299393604869643,-4.232567003972597
-11.300908107903332,-4.232537069111137
-11.30242258350526,-4.232507174475989
-11.303937090856527,-4.232477273484071
-11.305451577396974,-4.232447409863886
-11.306966055869209,-4.2324175670881505
-11.30848054873317,-4.232387705245391
-11.309995023271117,-4.232357886935813
-11.311509500571109,-4.232328116752271
-11.313024007781856,-4.2322983052893575
-11.314538476036146,-4.232268559044648
-11.316052974987471,-4.232238791132964
-11.317567445537632,-4.232209088635627
-11.319081947414702,-4.232179366750428
-11.320596446706425,-4.232149647316126
-11.32211091497507,-4.232119964986335
-11.323625388842864,-4.232090321996237
-11.32513990499015,-4.232060671327972
-11.326654400336288,-4.232031021934592
-11.328168874486545,-4.232001407577888
-11.329683350883764,-4.231971815403144
-11.33119785788338,-4.231942221770032
-11.332712323673718,-4.231912680913949
-11.334226817933217,-4.23188312632616
-11.335741324142294,-4.231853592224215
-11.337255802901772,-4.231824092376813
-11.338770270534898,-4.231794614591602
-11.340284771838407,-4.231765130160341
-11.341799267536713,-4.231735661656662
-11.343313739329187,-4.2317062321493095
-11.344828219090262,-4.231676818383353
-11.346342727708334,-4.231647397584289
-11.347857195176324,-4.231618054363014
-11.349371699765088,-4.231588667213665
-11.350886193271693,-4.231559303967477
-11.35240065182259,-4.2315300112839696
-11.35391515670137,-4.2315006821483045
-11.355429659849124,-4.231471367403662
-11.356944132402996,-4.231442086274315
-11.358458610352224,-4.231412832089725
-11.35997310309534,-4.231383590305315
-11.36148759919432,-4.231354335417058
-11.363002065660538,-4.231325149217163
-11.364516563948744,-4.231295946324722
-11.366031050798355,-4.231266746983678
-11.367545522216533,-4.231237576851113
-11.369059985103984,-4.231208466849045
-11.370574486617429,-4.231179324357299
-11.372088973397899,-4.231150204948467
-11.37360342826123,-4.231121130798276
-11.375117909700466,-4.2310920588505185
-11.376632410688531,-4.231062973370357
-11.378146861318719,-4.231033958441169
-11.379661367435393,-4.231004914515289
-11.381175839625744,-4.230975944915612
-11.382690338638472,-4.230946930841128
-11.384204822107643,-4.230917943882815
-11.38571928531337,-4.230888999357998
-11.387233755575169,-4.23086006003478
-11.388748249362528,-4.2308311299222
-11.390262711265258,-4.230802251038652
-11.391777218253463,-4.230773336449239
-11.393291666048444,-4.230744506602257
-11.39480616027056,-4.230715654406694
-11.396320650938618,-4.230686805409537
-11.397835121573724,-4.230657996890193
-11.399349609814987,-4.230629175760607
-11.40086408032024,-4.230600406026511
-11.402378552782887,-4.230571632435868
-11.403893032274866,-4.230542912573413
-11.405407517576107,-4.230514181581691
-11.406922006488035,-4.2304854641283125
-11.408436475365864,-4.230456779270988
-11.409950966359823,-4.230428077664015
-11.411465433364828,-4.230399424021004
-11.412979917897731,-4.230370774328789
-11.41449439574326,-4.230342160325994
-11.416008868201232,-4.230313554612367
-11.417523354628601,-4.230284951695633
-11.41903781878236,-4.230256402130049
-11.420552312204485,-4.23022783305333
-11.422066777695855,-4.230199309026082
-11.42358125741313,-4.230170784144955
-11.425095750212542,-4.23014227273806
-11.426610221048778,-4.230113805888925
-11.428124685178965,-4.230085357434142
-11.429639185666502,-4.230056875366352
-11.431153656149549,-4.230028439527887
-11.432668112744205,-4.23000002945022
-11.434182582733458,-4.22997165709245
-11.435697069155927,-4.22994327056637
-11.437211560050562,-4.229914897301283
-11.438726017476096,-4.229886579098876
-11.440240505634488,-4.2298582211434255
-11.441754969830821,-4.229829907550746
-11.44326943715711,-4.229801623487912
-11.44478392024298,-4.229773342457578
-11.446298383303558,-4.229745092711303
-11.447812879948456,-4.229716841316158
-11.44932733541279,-4.229688636251295
-11.450841807279664,-4.229660425160865
-11.452356297315607,-4.229632221231519
-11.453870759296676,-4.229604051552856
-11.455385242316726,-4.229575878591081
-11.456899701530103,-4.229547747602678
-11.458414169767869,-4.229519641612937
-11.459928647475483,-4.22949154241808
-11.461443132892427,-4.229463442637984
-11.46295758076555,-4.229435397246087
-11.46447206108525,-4.229407337947611
-11.465986540767716,-4.229379284055538
-11.467500995905075,-4.229351266836579
-11.46901544444009,-4.229323284394792
-11.470529944204644,-4.229295289104013
-11.472044401793656,-4.229267348500874
-11.473558870888915,-4.229239390525521
-11.475073353746758,-4.229211433137817
-11.476587799136926,-4.229183536634137
-11.47810225662302,-4.229155655684517
-11.479616753384292,-4.229127764703628
-11.48113121002099,-4.2290999208180855
-11.482645673066877,-4.2290720702497415
-11.484160161586804,-4.229044238873582
-11.485674613916252,-4.229016464865285
-11.48718909344877,-4.228988660464542
-11.488703567368187,-4.22896087927975
-11.490218015961144,-4.228933149640517
-11.49173250271193,-4.228905374180874
-11.493246955404857,-4.228877694571422
-11.494761430985278,-4.228849989929601
-11.496275913205347,-4.228822276810053
-11.49779035537591,-4.2287946205281
-11.499304826033168,-4.228766982218835
-11.500819282481686,-4.228739361051741
-11.50233375244935,-4.228711743948154
-11.503848225841551,-4.2286841316123125
-11.505362669560277,-4.228656565879318
-11.5068771546009,-4.228628989926911
-11.508391599704924,-4.2286014755924475
-11.509906073836477,-4.2285739421222095
-11.511420550957363,-4.228546418575543
-11.512934996253726,-4.228518933416546
-11.51444947174648,-4.2284914404112115
-11.515963917471527,-4.228463993014834
-11.517478385091714,-4.228436564029935
-11.51899285341711,-4.228409147092829
-11.520507337761476,-4.22838172455353
-11.522021783619177,-4.228354370576094
-11.523536262416858,-4.228326993645895
-11.525050742776752,-4.228299613093865
-11.526565176194545,-4.228272299206644
-11.528079642611678,-4.2282449868399
-11.529594125198077,-4.228217657797132
-11.531108560391049,-4.228190410530019
-11.532623043311483,-4.2281631307486816
-11.534137491702761,-4.228135880979734
-11.535651948927457,-4.228108648539069
-11.537166412314875,-4.228081435268142
-11.538680854304552,-4.228054242418888
-11.540195318860913,-4.228027047890536
-11.541709764963919,-4.227999904056711
-11.543224244452452,-4.227972724561171
-11.544738685424909,-4.227945609276999
-11.546253135129927,-4.227918529244766
-11.547767603950051,-4.227891433582917
-11.5492820752056,-4.227864342922278
-11.550796521484035,-4.227837313221484
-11.552310978909828,-4.227810245370956
-11.55382542407273,-4.227783261064582
-11.555339899691585,-4.227756232332732
-11.55685435117015,-4.227729236740745
-11.558368777768612,-4.227702292944001
-11.559883264592195,-4.22767530792705
-11.561397694983562,-4.227648408209062
-11.562912156069835,-4.227621489578975
-11.564426625893066,-4.227594566889579
-11.565941064835963,-4.227567690473169
-11.567455504986352,-4.227540843348301
-11.568969969751686,-4.227513978737187
-11.570484425986134,-4.227487135925342
-11.571998865710963,-4.227460338693272
-11.573513317598083,-4.227433536927212
-11.575027766707745,-4.227406771572572
-11.576542230706062,-4.2273799938533685
-11.578056676077523,-4.227353244349244
-11.579571112387418,-4.227326544906305
-11.581085591714052,-4.2272998225082485
-11.582600043163112,-4.227273131686384
-11.584114468520072,-4.227246487496262
-11.58562893360226,-4.227219837558309
-11.587143394480856,-4.22719316827578
-11.588657815873805,-4.227166590508538
-11.590172285831256,-4.2271399831520755
-11.59168674751046,-4.227113378234915
-11.593201186174529,-4.227086814939619
-11.59471561746232,-4.22706027516534
-11.596230080600856,-4.227033729063162
-11.597744518311128,-4.227007232616331
-11.599258975351882,-4.226980713313978
-11.60077340885993,-4.226954246305908
-11.602287853851012,-4.226927794046702
-11.603802327131504,-4.226901323998116
-11.605316739309412,-4.226874930173849
-11.606831193775683,-4.226848520645547
-11.608345665583522,-4.226822106361013
-11.609860092781776,-4.2267957666099525
-11.611374543300917,-4.226769394942673
-11.612888990889136,-4.2267430484228825
-11.61440341442939,-4.226716751785888
-11.615917893352327,-4.226690438128372
-11.617432321679711,-4.226664147442003
-11.618946756325037,-4.226637889082255
-11.620461232465566,-4.226611629968726
-11.621975668969018,-4.226585404854829
-11.623490107525589,-4.226559177343039
-11.625004574674186,-4.226532967248688
-11.626518995793987,-4.226506820738177
-11.62803345779804,-4.226480635088065
-11.629547895640547,-4.226454471688647
-11.631062324164398,-4.226428351768483
-11.632576749648472,-4.226402260960131
-11.634091217174747,-4.226376150728549
-11.635605648157622,-4.226350087856761
-11.637120097587163,-4.2263240141128975
-11.63863452750365,-4.226297978447934
-11.640148976902367,-4.226271933246008
-11.641663410782794,-4.226245935560188
-11.643177839273488,-4.226219972497039
-11.644692304720007,-4.2261939777254085
-11.646206738309093,-4.226168013717437
-11.647721169694522,-4.2261420688919555
-11.64923559965167,-4.226116155646158
-11.650750032665629,-4.226090259453469
-11.652264490247378,-4.226064372488073
-11.653778941192144,-4.226038494937731
-11.655293364027465,-4.2260126520596675
-11.656807789381654,-4.225986830611946
-11.658322240332225,-4.225961007723123
-11.659836689917935,-4.225935201942115
-11.661351105496548,-4.225909444554191
-11.662865570637287,-4.225883666560177
-11.664379987347795,-4.2258579264701295
-11.66589441794605,-4.2258322250705875
-11.667408872191158,-4.2258065148828035
-11.668923327793953,-4.225780805908077
-11.67043775901117,-4.225755138977443
-11.671952201069233,-4.225729459568272
-11.673466617163227,-4.225703829903722
-11.674981044312466,-4.225678220279476
-11.676495503279275,-4.225652593446251
-11.678009926379557,-4.225627018776816
-11.679524352699167,-4.225601454150208
-11.681038806585565,-4.22557589250218
-11.682553219980147,-4.225550393059212
-11.684067663316007,-4.225524880209269
-11.685582121290832,-4.225499369840615
-11.687096531888578,-4.2254739255182905
-11.688610983104764,-4.22544843702821
-11.690125411169513,-4.225422982928144
-11.691639815385596,-4.225397585288852
-11.693154284240636,-4.2253721662958
-11.694668718229735,-4.22534675286819
-11.69618313965213,-4.225321385093022
-11.697697562762864,-4.225296012122899
-11.699211998233686,-4.225270691695757
-11.70072642977746,-4.225245374603287
-11.70224088512264,-4.2252200455065525
-11.703755285192592,-4.225194792476223
-11.705269723358567,-4.2251695269223575
-11.706784171999255,-4.225144256170913
-11.708298592936547,-4.2251190551389515
-11.709813035769509,-4.225093817053322
-11.711327464853788,-4.225068602425417
-11.712841881536193,-4.2250434335814075
-11.714356308829995,-4.22501825814189
-11.715870728966692,-4.2249931249346835
-11.717385175245793,-4.22496798338852
-11.718899582322113,-4.224942864751523
-11.720413993635107,-4.22491777678781
-11.721928453349697,-4.224892688836281
-11.723442864138589,-4.2248676511510235
-11.724957301917694,-4.2248425887704455
-11.726471703610082,-4.224817575356151
-11.727986116117542,-4.224792576240189
-11.729500568657427,-4.224767569550055
-11.731014979395258,-4.22474261230552
-11.73252938936915,-4.224717677529922
-11.734043828174983,-4.224692720025021
-11.735558252491952,-4.224667791948768
-11.737072659922848,-4.224642908341563
-11.738587096395065,-4.224617984946407
-11.74010149714428,-4.224593126787722
-11.741615901956179,-4.224568307484368
-11.743130353336293,-4.224543455592425
-11.74464473788407,-4.224518672571542
-11.746159180714585,-4.224493859460692
-11.747673609823016,-4.22446906552316
-11.749188009048357,-4.224444295388529
-11.750702419679602,-4.224419571446194
-11.752216856368337,-4.22439482806367
-11.753731260674334,-4.224370131588776
-11.755245687132392,-4.2243454275643515
-11.756760105896854,-4.224320764773102
-11.75827451519978,-4.224296130616549
-11.759788950060667,-4.224271474991004
-11.761303347065004,-4.224246862877978
-11.762817778721603,-4.224222245546105
-11.764332182575199,-4.224197699797215
-11.765846611860336,-4.22417311459588
-11.767361027105935,-4.22414856784471
-11.768875422311792,-4.224124041981568
-11.77038986893782,-4.224099517043221
-11.77190426593113,-4.22407504741438
-11.773418692923405,-4.224050552267252
-11.774933114720357,-4.224026081560247
-11.776447513078663,-4.224001649917072
-11.777961933148807,-4.223977227022663
-11.779476345322031,-4.223952808447542
-11.780990767071359,-4.223928409272864
-11.78250516579774,-4.22390405881462
-11.784019593920545,-4.223879678440741
-11.785534003459947,-4.223855352692625
-11.78704841389964,-4.223831057056424
-11.788562843334425,-4.22380674435582
-11.790077262507403,-4.2237824454533675
-11.79159167397143,-4.223758192118757
-11.793106061447059,-4.223733957171666
-11.794620511058351,-4.223709694853128
-11.796134904340004,-4.2236854630811145
-11.797649296723979,-4.223661274653268
-11.79916372189236,-4.223637094431928
-11.800678125372865,-4.223612947441893
-11.802192547147543,-4.223588794961736
-11.803706955400184,-4.223564654913473
-11.805221349832157,-4.223540570611358
-11.806735774985817,-4.2235164721414
-11.808250182788889,-4.223492374320054
-11.809764581458689,-4.223468320818674
-11.811278983383897,-4.22344430146809
-11.812793397960665,-4.223420277391142
-11.814307815512734,-4.223396262534193
-11.815822205327798,-4.223372310470162
-11.817336634157888,-4.22334831612398
-11.818851035618367,-4.22332435538228
-11.820365418474708,-4.2233004471286515
-11.821879852860897,-4.223276497648417
-11.823394232039915,-4.223252638725733
-11.824908650933848,-4.223228753325699
-11.826423073027255,-4.2232048722314905
-11.82793746860212,-4.223181025387406
-11.829451858595423,-4.223157219572477
-11.83096629141727,-4.223133387163963
-11.832480682280016,-4.223109630511752
-11.833995096987211,-4.223085821024987
-11.83550946815097,-4.22306209458375
-11.837023888375338,-4.223038342976504
-11.838538287506834,-4.223014623292173
-11.840052677630432,-4.222990930602957
-11.841567095167004,-4.222967225843379
-11.84308147798049,-4.222943579167307
-11.84459588816774,-4.222919930741143
-11.846110306566624,-4.222896267145291
-11.84762466859531,-4.22287268995345
-11.84913908731054,-4.222849080196092
-11.85065349189556,-4.22282548271358
-11.85216786884688,-4.2228019443376565
-11.853682259476548,-4.2227783960737595
-11.855196660437784,-4.222754870055901
-11.856711066352842,-4.222731350158625
-11.858225445045603,-4.222707890049647
-11.859739855081145,-4.222684402403373
-11.861254263834944,-4.222660934315752
-11.862768634604958,-4.222637518429098
-11.86428305955672,-4.222614078890594
-11.865797446513328,-4.222590659595733
-11.867311836566365,-4.222567289382252
-11.868826247440488,-4.222543914066677
-11.870340623891025,-4.222520568228294
-11.871855042605784,-4.222497222808649
-11.873369434271389,-4.222473939220034
-11.874883842387364,-4.222450623475547
-11.876398246373185,-4.222427337533396
-11.877912622681718,-4.2224040914345835
-11.879427043237884,-4.222380835011735
-11.880941413446076,-4.222357632524955
-11.882455817627712,-4.22233441104
-11.883970232486014,-4.222311210772347
-11.885484604606185,-4.222288065805711
-11.886999011211104,-4.222264896533308
-11.888513405264993,-4.22224174744888
-11.890027777363638,-4.222218654495469
-11.891542200798696,-4.222195525287538
-11.89305656267893,-4.222172465634656
-11.894570964640893,-4.222149393349921
-11.89608538459687,-4.222126314789488
-11.897599738488926,-4.222103292609126
-11.899114134556312,-4.22208029464981
-11.900628562501774,-4.22205726762882
-11.902142913714965,-4.222034324805341
-11.903657327193352,-4.222011359251518
-11.905171735530383,-4.221988398992805
-11.906686104934304,-4.2219654919840615
-11.908200521576982,-4.2219425499222805
-11.909714890270038,-4.221919674080544
-11.91122928062131,-4.221896804735623
-11.912743661715616,-4.221873971188253
-11.914258065089605,-4.221851119129631
-11.915772458285073,-4.221828290823286
-11.917286823740296,-4.221805502831309
-11.918801220010954,-4.221782740888649
-11.920315611375717,-4.221759954532729
-11.921830002759057,-4.221737203116668
-11.923344376209872,-4.2217145005406165
-11.924858782438815,-4.221691766347463
-11.92637316038699,-4.221669103483823
-11.927887553920767,-4.2216464101804085
-11.929401949237665,-4.221623742763178
-11.930916327589616,-4.22160111503871
-11.932430724350446,-4.2215784671081895
-11.933945093329102,-4.2215558815213825
-11.935459498788608,-4.2215332589253665
-11.936973868016276,-4.221510707104435
-11.938488270862178,-4.2214881321169
-11.940002647020492,-4.221465604996365
-11.941517019682957,-4.221443086659879
-11.943031434974323,-4.2214205688585436
-11.944545802481926,-4.221398086151847
-11.94606017765241,-4.2213756307205665
-11.947574586672092,-4.221353175182744
-11.949088949970529,-4.221330782764525
-11.950603358252454,-4.221308362146652
-11.952117738741746,-4.221285963028527
-11.953632116147489,-4.22126357134822
-11.955146490128687,-4.221241221132107
-11.956660868870692,-4.221218913333839
-11.958175274002835,-4.2211965720825235
-11.959689660910879,-4.221174257157828
-11.961204021824521,-4.221151983744687
-11.962718400924016,-4.221129732849209
-11.96423282025593,-4.2211074684725585
-11.965747182017852,-4.221085263190468
-11.96726157069587,-4.221063043362776
-11.968775974294422,-4.2210408377514765
-11.970290331761767,-4.22101869317053
-11.971804732295865,-4.220996510142092
-11.973319108565263,-4.220974353893788
-11.974833477487454,-4.220952249532109
-11.976347879959803,-4.220930121603389
-11.977862253361051,-4.220908029680882
-11.979376643791284,-4.22088594460196
-11.980891016931967,-4.220863896994823
-11.98240539042056,-4.220841875405202
-11.983919793597945,-4.220819834798137
-11.98543415969954,-4.220797851440468
-11.986948535132255,-4.2207758653319685
-11.988462920378959,-4.220753887685984
-11.989977289674396,-4.2207319596070505
-11.99149166305324,-4.220710021136588
-11.993006055729369,-4.220688100947731
-11.994520418713487,-4.220666237078271
-11.996034811872413,-4.22064435505547
-11.99754920610932,-4.220622470325917
-11.999063567580604,-4.220600633696016
-12.00057794933631,-4.220578799468958
-12.002092322814118,-4.220557002612579
-12.003606693491381,-4.220535214124663
-12.005121085801973,-4.220513436226394
-12.00663544838319,-4.220491701696745
-12.00814982183036,-4.2204699634038
-12.009664214418505,-4.2204482434002495
-12.011178580885867,-4.220426553817277
-12.01269296347013,-4.220404851691436
-12.014207340976128,-4.220383181382431
-12.015721704152636,-4.220361567890051
-12.01723608594465,-4.2203399115432285
-12.018750449627904,-4.220318343752518
-12.020264842830565,-4.220296729375766
-12.021779221758688,-4.2202751515845645
-12.023293578469954,-4.220253618214274
-12.024807981169436,-4.220232048179785
-12.02632234419018,-4.220210538558625
-12.027836689168403,-4.220189046142789
-12.029351108110202,-4.220167536646967
-12.030865443551718,-4.220146098717891
-12.03237983470044,-4.220124654548301
-12.033894230436468,-4.220103193203319
-12.03540856525027,-4.220081811791884
-12.03692295698434,-4.220060393974577
-12.038437320715573,-4.22003904203811
-12.039951702522234,-4.220017662431946
-12.0414660881858,-4.2199963071584055
-12.042980437730947,-4.219975010417166
-12.044494825696194,-4.219953671990343
-12.046009166590812,-4.219932417777318
-12.047523548670206,-4.219911138673029
-12.049037932472453,-4.219889858567197
-12.050552270291423,-4.2198686353593775
-12.05206665009001,-4.219847417002494
-12.053581015441772,-4.219826227382693
-12.055095384027034,-4.2198050410484385
-12.056609763332128,-4.219783865458622
-12.058124119093296,-4.219762717118048
-12.059638498389699,-4.2197415686014175
-12.061152858673518,-4.219720461007668
-12.062667223747823,-4.219699379403724
-12.0641815977025,-4.219678282041359
-12.065695947376604,-4.219657253004661
-12.067210341301546,-4.219636201286234
-12.068724703907352,-4.219615158515424
-12.070239053758158,-4.219594175328606
-12.071753428492901,-4.219573169895301
-12.07326778484002,-4.219552227505147
-12.074782157342188,-4.219531251450249
-12.07629651005738,-4.219510334182843
-12.077810869492597,-4.219489413667548
-12.079325245817317,-4.219468508025312
-12.08083960265498,-4.219447634814797
-12.082353950906723,-4.219426793927567
-12.083868336562823,-4.219405943254184
-12.085382703373032,-4.219385082441918
-12.086897048505218,-4.219364288029831
-12.088411401641718,-4.219343506681289
-12.089925802248768,-4.219322713511998
-12.091440132083903,-4.21930198833563
-12.092954523004769,-4.219281234825136
-12.09446888962182,-4.219260504500722
-12.095983238410618,-4.219239813048981
-12.097497616955863,-4.21921911095944
-12.099011951360737,-4.219198469964237
-12.100526330938878,-4.21917779625371
-12.102040680042652,-4.219157193125976
-12.103555045347813,-4.219136569264068
-12.105069420696147,-4.219115963021401
-12.10658377306315,-4.219095384370934
-12.108098113071534,-4.2190748226127734
-12.109612482883296,-4.219054290213014
-12.111126828054417,-4.219033760741814
-12.112641202096693,-4.219013244939188
-12.114155551850509,-4.218992770704898
-12.115669924127477,-4.218972283961608
-12.117184272847748,-4.21895187211754
-12.118698650453561,-4.2189314059575125
-12.120213000959314,-4.218911011148399
-12.121727364297964,-4.218890621024153
-12.12324174908676,-4.218870230037606
-12.12475610060733,-4.218849896807909
-12.126270469924414,-4.21882954015581
-12.127784822317157,-4.21880924766029
-12.129299189030766,-4.218788922029179
-12.130813573414196,-4.218768630073096
-12.13232791531815,-4.2187483724913495
-12.133842278187663,-4.218728116819262
-12.135356644997547,-4.2187078556424975
-12.136870986851877,-4.21868764164873
-12.138385346267555,-4.21866744792637
-12.139899719527781,-4.218647253410031
-12.141414071244629,-4.218627104742627
-12.14292842943169,-4.218606935302435
-12.14444278248459,-4.218586822621111
-12.145957142300528,-4.218566730964067
-12.147471512799227,-4.218546636165807
-12.1489858876629,-4.218526540764571
-12.150500216620884,-4.218506495602614
-12.152014590019341,-4.218486468965226
-12.15352894806235,-4.218466446195471
-12.155043316606518,-4.2184464330333
-12.156557660177114,-4.218426492007525
-12.15807203969008,-4.218406497009295
-12.159586395293669,-4.218386573940976
-12.161100749869062,-4.2183666369064845
-12.162615125248426,-4.21834671780543
-12.16412947241383,-4.21832683230012
-12.165643833187328,-4.218306938507477
-12.167158176996594,-4.218287096658912
-12.168672546819055,-4.218267235735744
-12.170186882559605,-4.218247434400732
-12.171701246457243,-4.218227613791693
-12.173215608537149,-4.2182078121093705
-12.174729939481997,-4.218188054576995
-12.17624430052106,-4.218168310488385
-12.177758672483552,-4.218148554019738
-12.17927301023041,-4.21812887246496
-12.180787388374187,-4.218109144388351
-12.182301740844546,-4.2180894827819
-12.183816087600393,-4.21806982901841
-12.185330449058196,-4.218050160908339
-12.186844795665028,-4.21803054641385
-12.188359151643777,-4.218010936624685
-12.18987350898696,-4.217991335052568
-12.191387844704835,-4.217971775540852
-12.19290220622117,-4.217952222738946
-12.194416580605553,-4.2179326731365325
-12.19593092396344,-4.217913150057778
-12.197445275932672,-4.217893671560442
-12.198959654556145,-4.217874163625796
-12.200473982100847,-4.217854728667815
-12.201988368886823,-4.217835255787176
-12.203502702128478,-4.217815861459518
-12.205017070956059,-4.217796447667451
-12.206531433269694,-4.217777046691634
-12.20804577216007,-4.217757694590211
-12.209560157475854,-4.21773830786506
-12.211074486123067,-4.217719002485099
-12.212588856281085,-4.217699653757869
-12.214103204493696,-4.217680387326053
-12.215617569365426,-4.217661057507335
-12.21713191190978,-4.217641832503438
-12.21864627679578,-4.217622544093316
-12.220160617554725,-4.217603354101895
-12.221674977410263,-4.217584128327817
-12.223189337729233,-4.217564917462442
-12.224703669709847,-4.217545766719826
-12.226218030334383,-4.217526587730526
-12.227732363212425,-4.217507474294532
-12.22924671895629,-4.217488348539315
-12.2307610888903,-4.2174692203064765
-12.232275407182517,-4.217450168045388
-12.233789781151597,-4.217431074845758
-12.235304102632195,-4.217412051485663
-12.236818468006739,-4.217393010225573
-12.23833282196404,-4.217373985057464
-12.23984715547998,-4.217355000566131
-12.241361519227839,-4.217336008200632
-12.242875858679419,-4.217317061019145
-12.24439022513716,-4.217298105787231
-12.245904560939978,-4.2172791922311275
-12.247418932218132,-4.217260277157314
-12.248933289695596,-4.217241407186891
-12.250447632279077,-4.2172225214785675
-12.251962002038644,-4.217203655776421
-12.253476336663342,-4.217184844011932
-12.254990699313417,-4.217166022420048
-12.25650505864596,-4.217147198208568
-12.25801938512993,-4.217128445695639
-12.259533758655468,-4.217109649245405
-12.261048088098491,-4.217090923425514
-12.262562445835554,-4.217072162431525
-12.26407677180205,-4.217053464211456
-12.265591107870625,-4.217034779767791
-12.267105476813448,-4.217016099868221
-12.268619828912364,-4.216997441317414
-12.270134176345833,-4.216978793705345
-12.271648501546172,-4.216960198145522
-12.273162873997071,-4.216941567980882
-12.274677222850876,-4.216922977395338
-12.276191555662542,-4.216904414840636
-12.277705913208035,-4.216885875311739
-12.279220261247117,-4.216867340738904
-12.280734607959598,-4.216848807657918
-12.282248948129679,-4.216830309385582
-12.283763287117532,-4.216811847784429
-12.285277647170789,-4.216793386334249
-12.286791975301178,-4.216774955071731
-12.28830634807924,-4.216756513588028
-12.289820677779629,-4.2167381302422156
-12.291335032566627,-4.216719722064541
-12.292849366274483,-4.216701352714599
-12.294363715779628,-4.216682993917196
-12.295878042089392,-4.21666469157717
-12.297392406842253,-4.216646350746382
-12.298906741289894,-4.216628059727663
-12.300421064155175,-4.216609810893889
-12.301935426612696,-4.216591519785509
-12.303449754835587,-4.216573301106344
-12.304964109646859,-4.216555057252982
-12.306478441381996,-4.216536869056391
-12.307992773731774,-4.216518672705094
-12.30950712746461,-4.216500495765776
-12.311021463248503,-4.2164823490111365
-12.312535796072531,-4.216464220486347
-12.314050156563919,-4.216446075594348
-12.315564470280794,-4.216428016130519
-12.31707882418095,-4.216409913045929
-12.31859316855184,-4.2163918417795605
-12.320107499284179,-4.21637381270876
-12.32162184538943,-4.216355760605933
-12.32313619004636,-4.216337745409719
-12.32465053159454,-4.216319762231706
-12.326164850528569,-4.216301808673858
-12.327679198129383,-4.2162838494932755
-12.329193563894082,-4.216265895529752
-12.330707863503788,-4.216248005073391
-12.332222223704361,-4.216230079847337
-12.33373655421669,-4.216212205829153
-12.33525087324958,-4.216194369657489
-12.336765240290596,-4.216176489615509
-12.3382795732592,-4.216158654190368
-12.339793890615974,-4.216140843105101
-12.34130824756274,-4.216123036925737
-12.34282255820597,-4.21610526711423
-12.344336910607542,-4.21608749965766
-12.34585123306002,-4.216069764622072
-12.34736559558994,-4.21605202676264
-12.34887992321385,-4.2160343156373115
-12.35039424385402,-4.216016661286805
-12.351908596465707,-4.215998970319792
-12.353422922596613,-4.215981330068982
-12.354937247884163,-4.215963729793444
-12.35645159602545,-4.215946104529549
-12.35796594740661,-4.215928503625938
-12.359480251203255,-4.215910956002428
-12.360994622768034,-4.215893363678519
-12.362508960676461,-4.215875812576747
-12.36402328059806,-4.2158582761182934
-12.365537604500082,-4.215840803184192
-12.367051952036938,-4.215823300839192
-12.36856628527589,-4.21580581827485
-12.370080590735968,-4.215788389442588
-12.371594942955136,-4.215770952112966
-12.373109274961552,-4.21575350904312
-12.374623593314883,-4.215736116349916
-12.376137925728496,-4.2157187320437775
-12.377652254772634,-4.215701381922675
-12.379166607124509,-4.215684013287239
-12.380680913934217,-4.2156667255373295
-12.382195259912335,-4.215649400265788
-12.383709599175107,-4.215632097877956
-12.385223903416883,-4.215614838785856
-12.38673824532056,-4.215597568899154
-12.388252562139813,-4.215580357735237
-12.389766896363408,-4.215563141298081
-12.391281236933617,-4.215545917147388
-12.392795534192913,-4.215528760403879
-12.394309889262644,-4.215511575271943
-12.395824191656494,-4.215494463661075
-12.397338517772187,-4.215477323088313
-12.398852853462126,-4.215460209745798
-12.400367159325528,-4.215443125213327
-12.401881505774359,-4.215426032729941
-12.403395808659273,-4.215408988978883
-12.404910154652626,-4.2153919329610625
-12.406424478527919,-4.215374917366357
-12.407938793396056,-4.215357913710061
-12.409453100952746,-4.215340959475451
-12.410967450382433,-4.215323978888172
-12.412481775983194,-4.215307020343893
-12.413996085510249,-4.215290088807596
-12.415510420094844,-4.215273184256414
-12.417024727791212,-4.215256308059449
-12.418539063152794,-4.21523942547307
-12.420053377527465,-4.21522256914248
-12.42156768722732,-4.21520574264448
-12.423082033825965,-4.215188905675889
-12.42459633877707,-4.215172117454652
-12.426110654070323,-4.215155329706595
-12.427625000753185,-4.215138566114381
-12.42913930317255,-4.215121819623053
-12.430653623863412,-4.215105099339886
-12.432167971969523,-4.215088370671995
-12.433682277218177,-4.215071689203433
-12.435196600047526,-4.2150550098014135
-12.43671093308525,-4.215038345288964
-12.438225245064094,-4.215021704669264
-12.439739551981727,-4.215005090118055
-12.441253895477756,-4.214988466089582
-12.442768194773356,-4.214971908156789
-12.444282524146232,-4.214955332827829
-12.445796852058875,-4.214938772161211
-12.447311148631455,-4.214922256597961
-12.44882547435294,-4.214905743383927
-12.45033980505354,-4.2148892274840355
-12.451854111286435,-4.214872735237293
-12.453368414721554,-4.214856281424565
-12.454882744192238,-4.214839837632455
-12.456397035617156,-4.214823443108266
-12.457911367925846,-4.214807031096055
-12.459425696990495,-4.214790640096532
-12.46093999013466,-4.214774286861115
-12.462454321580324,-4.214757912054352
-12.463968622640461,-4.214741584176659
-12.465482924137598,-4.214725264977184
-12.466997252622264,-4.214708962532381
-12.468511551031673,-4.214692706021031
-12.47002586606173,-4.214676441664792
-12.47154018074393,-4.214660192293213
-12.473054487857134,-4.2146439550552035
-12.474568772900179,-4.214627743974298
-12.476083107869272,-4.2146115483498106
-12.477597403459672,-4.214595365391787
-12.479111696227358,-4.214579249935442
-12.480626029410304,-4.214563106715309
-12.48214033668357,-4.214546982694882
-12.483654630035,-4.214530883111125
-12.485168933159493,-4.214514805156202
-12.486683239159683,-4.214498755130353
-12.48819756945894,-4.214482699967511
-12.48971186004198,-4.214466687251671
-12.491226163175316,-4.214450678586442
-12.492740486154315,-4.214434685242319
-12.494254775702599,-4.214418737937881
-12.495769104408797,-4.214402769382655
-12.4972834146635,-4.214386827473765
-12.4987977027265,-4.214370906711677
-12.500312021947252,-4.214355000939565
-12.50182630351277,-4.214339144539286
-12.503340628708862,-4.214323278076045
-12.50485495193754,-4.214307420949083
-12.506369247576671,-4.214291577561764
-12.507883538660272,-4.214275803706108
-12.509397857103156,-4.214260000751375
-12.510912167034482,-4.214244213369248
-12.512426455189454,-4.214228449297169
-12.513940739489792,-4.2142127112700205
-12.51545506977542,-4.214196993989338
-12.516969364521247,-4.214181293159629
-12.51848365886148,-4.214165628036875
-12.519997973457972,-4.214149968484328
-12.521512285962546,-4.2141343055910685
-12.523026565547742,-4.214118677605029
-12.52454086857466,-4.214103063619168
-12.526055159779471,-4.214087487997761
-12.527569471293884,-4.214071916742982
-12.529083783480237,-4.214056358518146
-12.530598076331165,-4.2140408176469055
-12.532112364394465,-4.214025301598733
-12.533626690002377,-4.214009789387113
-12.535140959123932,-4.213994336061546
-12.536655263806912,-4.213978864705355
-12.538169571376867,-4.213963406957277
-12.539683850821346,-4.213947998322258
-12.541198166518036,-4.213932567404973
-12.54271244098721,-4.213917204753006
-12.544226741747742,-4.21390182029934
-12.545741051586464,-4.213886454736948
-12.5472553152059,-4.21387112421517
-12.548769614328013,-4.213855796512992
-12.55028392040533,-4.213840470681155
-12.551798168853354,-4.2138252055296945
-12.553312478142399,-4.2138099250315015
-12.554826755828692,-4.21379469302966
-12.556341048276309,-4.21377943577829
-12.557855310713286,-4.213764252528832
-12.55936961841379,-4.2137490512447755
-12.560883912220536,-4.213733865592356
-12.56239818481921,-4.213718693759716
-12.563912459051313,-4.213703578016628
-12.56542675988855,-4.213688459807335
-12.566941047248658,-4.213673355086521
-12.568455325530797,-4.2136582659823585
-12.569969601152444,-4.213643202111912
-12.571483911426856,-4.213628150139307
-12.572998181738438,-4.213613135896581
-12.5745124801677,-4.213598132780985
-12.57602677951782,-4.213583123444058
-12.577541033788428,-4.213568172670965
-12.579055343820212,-4.21355321030176
-12.580569639041723,-4.213538258459202
-12.582083908670757,-4.213523344343827
-12.58359819063121,-4.213508431867723
-12.585112466685887,-4.21349356312109
-12.586626753801081,-4.21347868483664
-12.588141033949832,-4.213463849191336
-12.5896553201273,-4.213449002103776
-12.591169577553583,-4.213434191120619
-12.592683872309443,-4.213419379595405
-12.594198138369764,-4.213404606122109
-12.595712423018545,-4.213389850019174
-12.597226694439716,-4.21337510237903
-12.59874096814406,-4.213360371138562
-12.600255244979945,-4.21334568989223
-12.601769536832936,-4.213331004968016
-12.603283808059988,-4.213316339505124
-12.604798079533625,-4.21330170064106
-12.60631238080426,-4.213287054844341
-12.607826656717817,-4.213272445212508
-12.609340903566952,-4.213257859625553
-12.610855192121246,-4.213243278703418
-12.612369454322378,-4.21322871641167
-12.613883737348747,-4.213214170735532
-12.615397994517958,-4.213199645968003
-12.616912266145393,-4.213185152658495
-12.618426553653192,-4.213170669731946
-12.619940809287383,-4.213156203804566
-12.621455093628338,-4.2131417539292775
-12.62296936538435,-4.213127334741891
-12.624483650899652,-4.213112913577007
-12.625997917371496,-4.213098514695266
-12.627512184591138,-4.213084158586006
-12.629026459342304,-4.213069793964723
-12.630540731602323,-4.213055470544867
-12.632055008791376,-4.213041139943797
-12.633569261749651,-4.2130268590787345
-12.635083541549136,-4.213012557951149
-12.636597819833183,-4.212998278278379
-12.638112064645709,-4.212984019615869
-12.639626316072478,-4.212969807278054
-12.641140612082376,-4.212955591029004
-12.64265484453941,-4.212941421779789
-12.644169108428526,-4.212927235970452
-12.645683389497975,-4.212913075331453
-12.647197634832416,-4.212898959847507
-12.648711906617729,-4.212884828149109
-12.650226176894524,-4.2128707161359875
-12.651740421865796,-4.212856611437902
-12.653254659386059,-4.212842558666279
-12.654768953618406,-4.212828500864329
-12.656283186774592,-4.212814462986961
-12.65779744353124,-4.212800447555133
-12.659311702294662,-4.2127864788655565
-12.660825968254358,-4.212772504990508
-12.662340240572185,-4.212758530890923
-12.663854485172335,-4.212744583570932
-12.665368724166566,-4.212730685309249
-12.666882997677419,-4.212716791216435
-12.668397271362343,-4.2127028917460105
-12.669911489335451,-4.212689041721173
-12.671425764081627,-4.2126751931179465
-12.672940027579285,-4.212661356285773
-12.674454263921497,-4.212647553159504
-12.675968533016622,-4.212633746602694
-12.677482776826244,-4.212619979258391
-12.678997042997091,-4.212606203884093
-12.680511280334809,-4.212592467316334
-12.68202553628989,-4.212578744693077
-12.683539782176918,-4.212565049881352
-12.68505405680496,-4.212551364063902
-12.686568287466525,-4.21253771370552
-12.688082548164592,-4.212524073860086
-12.68959681899588,-4.212510431195222
-12.691111047728366,-4.212496805675518
-12.692625291254325,-4.212483230099633
-12.69413956831048,-4.212469645057793
-12.69565379155546,-4.2124561096792545
-12.697168048463087,-4.212442559679582
-12.698682281960915,-4.2124290383010825
-12.70019653266681,-4.212415549130725
-12.701710775657158,-4.212402062551776
-12.70322504046458,-4.212388584976062
-12.704739265957302,-4.212375146677441
-12.706253519219363,-4.212361711901352
-12.707767746116506,-4.212348321173382
-12.709282010636244,-4.212334932292609
-12.710796252930889,-4.212321556548317
-12.712310479479111,-4.212308205537704
-12.713824740032464,-4.212294861857313
-12.7153389594228,-4.212281558628708
-12.716853210452236,-4.212268263524968
-12.718367468703264,-4.212254968335155
-12.719881694678135,-4.212241686276459
-12.721395909676621,-4.212228464211698
-12.722910163389113,-4.212215224800231
-12.724424381509449,-4.212202047760652
-12.725938624742822,-4.2121888508999
-12.727452867833772,-4.212175670813917
-12.728967104620258,-4.212162510180621
-12.73048130665561,-4.212149380489855
-12.73199556722794,-4.2121362724687925
-12.733509818833925,-4.212123155942386
-12.73502402563967,-4.212110056091838
-12.73653824363742,-4.2120970237308
-12.738052499570655,-4.212083970392833
-12.73956671725003,-4.2120709748223
-12.741080959568519,-4.212057952900599
-12.742595198174714,-4.212044953882409
-12.744109409853674,-4.212031965482852
-12.745623636419612,-4.212019023388817
-12.747137875581284,-4.212006087106183
-12.74865208624951,-4.211993167486176
-12.75016632115254,-4.211980266749025
-12.75168053893365,-4.211967388001668
-12.753194778339997,-4.21195451905935
-12.75470899276194,-4.211941671062428
-12.756223215868959,-4.211928877727699
-12.757737468694167,-4.2119160434203335
-12.759251690089595,-4.2119032479232885
-12.760765894723278,-4.2118904751292705
-12.762280135690022,-4.211877720719705
-12.76379434592731,-4.211864978931259
-12.765308566411992,-4.2118522849460005
-12.766822804819576,-4.21183959930926
-12.768337044047055,-4.2118269064958875
-12.769851237557885,-4.211814236826249
-12.77136544702803,-4.2118016210354625
-12.772879697052076,-4.211788976728585
-12.774393904774954,-4.211776404129784
-12.775908120000436,-4.211763802858313
-12.777422353424651,-4.211751226889605
-12.778936559348976,-4.211738670486234
-12.780450743059049,-4.21172616073173
-12.781964978140179,-4.211713635425834
-12.78347919887549,-4.211701130717876
-12.78499338604257,-4.211688655249442
-12.786507596303185,-4.211676194841148
-12.788021799818601,-4.211663764510699
-12.78953603064206,-4.21165133787563
-12.791050234910669,-4.211638958915229
-12.792564450509547,-4.211626564065989
-12.794078672935406,-4.211614190419372
-12.795592853991923,-4.211601852156507
-12.797107071261426,-4.211589527831083
-12.798621298743857,-4.211577202295911
-12.80013548486566,-4.2115648977834175
-12.801649678078963,-4.211552635506517
-12.803163902006137,-4.211540371127269
-12.804678082960887,-4.2115281406844165
-12.806192313876187,-4.211515912686203
-12.807706510692245,-4.211503705094797
-12.80922071185326,-4.211491528993499
-12.810734920671084,-4.211479352366988
-12.812249117063603,-4.2114671985833745
-12.813763319016326,-4.211455090272535
-12.81527751614963,-4.211442983075255
-12.816791738102783,-4.211430891595264
-12.818305925565404,-4.2114188471039
-12.819820132358199,-4.211406787584999
-12.821334344847386,-4.211394743304146
-12.822848527461096,-4.211382747749765
-12.824362720346695,-4.211370730334016
-12.825876926474589,-4.211358736874771
-12.82739110604375,-4.211346767843745
-12.828905294655339,-4.211334833303888
-12.830419482700758,-4.211322914377386
-12.831933691824151,-4.211310998764879
-12.833447880816735,-4.211299113272254
-12.834962063506149,-4.211287247448604
-12.836476284776642,-4.211275386998664
-12.837990462024244,-4.211263560353794
-12.839504644080028,-4.211251742135043
-12.84101884493809,-4.21123993997449
-12.842533031167905,-4.211228184941161
-12.844047233144794,-4.211216417734269
-12.84556143338055,-4.211204661185078
-12.847075591553743,-4.211192944622838
-12.848589802833605,-4.211181230914064
-12.850103955233728,-4.211169555017005
-12.851618159804659,-4.211157891059232
-12.853132353895708,-4.2111462277940825
-12.854646528942249,-4.211134577559348
-12.85616069917062,-4.211122981588864
-12.857674904649148,-4.211111375816405
-12.859189074067809,-4.211099813619988
-12.860703261219465,-4.211088242299651
-12.862217428490704,-4.211076706565369
-12.86373161209111,-4.211065179688976
-12.865245785894231,-4.211053678358034
-12.86675997622195,-4.211042195652196
-12.868274154735174,-4.211030725864657
-12.869788314974194,-4.21101929208427
-12.871302501776869,-4.211007874211583
-12.872816699188396,-4.210996463090438
-12.87433085621856,-4.210985059109631
-12.875845039951482,-4.210973677137241
-12.877359207087967,-4.210962313038394
-12.878873372167432,-4.210950994369934
-12.880387562783506,-4.210939688782786
-12.881901754385913,-4.210928368312718
-12.883415910886917,-4.210917077292606
-12.884930078536192,-4.210905819119428
-12.886444271966203,-4.210894576054126
-12.88795842657424,-4.210883352640065
-12.889472600563865,-4.210872138694276
-12.890986771660568,-4.210860941113185
-12.892500935793224,-4.210849788797678
-12.894015101597413,-4.210838644217417
-12.895529280277659,-4.2108274933715135
-12.897043423132455,-4.210816416284953
-12.898557612691116,-4.210805308432526
-12.900071784207858,-4.2107942270678045
-12.90158593229188,-4.210783160924551
-12.903100104145974,-4.210772134630007
-12.904614281289568,-4.21076112374243
-12.906128435305396,-4.210750157209059
-12.907642626343275,-4.210739177953263
-12.909156799604794,-4.21072823982397
-12.910670947261522,-4.210717272721253
-12.912185128293014,-4.210706373946468
-12.913699293552488,-4.210695468376244
-12.915213466946808,-4.210684582151748
-12.91672762204427,-4.2106737416442215
-12.91824182073577,-4.210662873521228
-12.919755979863494,-4.210652111575433
-12.921270148556149,-4.210641270098048
-12.922784336717534,-4.210630504750948
-12.924298501562648,-4.210619702760749
-12.925812658416056,-4.210608987933435
-12.92732682124998,-4.2105982087571245
-12.928841013749562,-4.210587509422501
-12.930355148222407,-4.210576790992261
-12.931869322356334,-4.210566155662558
-12.93338351986485,-4.210555471773147
-12.93489766129924,-4.210544871307767
-12.936411857556863,-4.2105342302720725
-12.937926017094444,-4.210523706358567
-12.939440199119387,-4.21051307144143
-12.94095435354282,-4.210502595389206
-12.942468517883986,-4.210492011235406
-12.943982716395004,-4.210481528066813
-12.94549687481075,-4.210470994246756
-12.947011018534997,-4.210460594350858
-12.94852520504768,-4.210450065691048
-12.950039369269357,-4.210439698074427
-12.951553522523417,-4.2104292238319125
-12.953067731697887,-4.210418855174942
-12.954581875270588,-4.210408492899137
-12.956096052081357,-4.210398112383925
-12.957610239607444,-4.2103877617779055
-12.959124377879728,-4.210377399775884
-12.960638547913355,-4.210367104860364
-12.962152727272835,-4.21035679845649
-12.963666861934424,-4.210346578510036
-12.965181046382954,-4.21033628642264
-12.96669520170334,-4.210326084345422
-12.968209370307807,-4.210315842759286
-12.969723523145493,-4.210305667297004
-12.9712377127278,-4.210295458467741
-12.972751838337837,-4.210285367011837
-12.97426605004909,-4.210275158361037
-12.975780193783537,-4.210265190635961
-12.977294367612554,-4.210255002384036
-12.97880855943418,-4.210244988035606
-12.980322685796173,-4.210234853965725
-12.981836882417799,-4.2102248668840545
-12.983351012599465,-4.21021481879557
-12.98486519229194,-4.210204845634776
-12.986379386119573,-4.21019483920323
-12.987893531884103,-4.210184877840746
-12.989407713521771,-4.210174916093978
-12.99092185199023,-4.2101649895316084
-12.992436030957757,-4.210155088940303
-12.993950189846725,-4.210145148567252
-12.995464343695554,-4.210135390382224
-12.996978524818841,-4.210125451303915
-12.998492702453616,-4.210115687090683
-13.000006845975724,-4.21010578892606
-13.001521001830552,-4.21009609596084
-13.003035190132769,-4.210086242056925
-13.004549351287258,-4.2100765696838955
-13.006063488870039,-4.210066780758867
-13.007577673377243,-4.2100571145262204
-13.009091807286497,-4.2100474237574534
-13.010605986219412,-4.210037706618987
-13.012120134712655,-4.210028100762679
-13.013634307100208,-4.210018393000721
-13.01514845586019,-4.210008799372759
-13.016662608160745,-4.209999168654877
-13.018176802495406,-4.209989614598287
-13.019690934696717,-4.20998003824873
-13.021205107368417,-4.209970507257948
-13.02271929017625,-4.209960955879815
-13.02423343945184,-4.2099514192667105
-13.02574758047626,-4.209941923158902
-13.027261740021215,-4.20993245949386
-13.028775903196944,-4.209923017754275
-13.030290041447943,-4.209913595771397
-13.031804223846587,-4.209904187498041
-13.033318411323755,-4.209894782244297
-13.034832537770985,-4.209885402570213
-13.03634670990575,-4.20987607090634
-13.037860876312921,-4.209866700631276
-13.039375021424664,-4.209857374904454
-13.040889173758476,-4.209848111963523
-13.042403352550563,-4.20983882970102
-13.043917514160867,-4.2098295603798865
-13.045431640324766,-4.209820288115994
-13.046945787319814,-4.209811147916186
-13.048459974548058,-4.20980184115885
-13.049974118988423,-4.209792777077999
-13.05148829434689,-4.209783503110043
-13.05300243534729,-4.209774432464096
-13.054516589622366,-4.2097652100585545
-13.056030732888157,-4.209756245032709
-13.057544898565505,-4.209747031123223
-13.059059062680207,-4.209738083524311
-13.060573206983937,-4.209728965407577
-13.062087383182565,-4.209719994078959
-13.063601536691218,-4.209710937675486
-13.065115683689143,-4.2097019423126145
-13.066629830310347,-4.209692984632219
-13.068143994239707,-4.209684029886021
-13.069658136080214,-4.209675140371685
-13.0711723083113,-4.209666186536829
-13.07268647119945,-4.209657334210613
-13.07420060950134,-4.209648419204938
-13.075714780632705,-4.209639592725745
-13.077228934372666,-4.209630737602472
-13.078743066929125,-4.209621969045758
-13.08025723582449,-4.209613110274899
-13.081771373827793,-4.209604453896632
-13.08328554539442,-4.209595543977531
-13.084799692273855,-4.209586931308372
-13.086313831616685,-4.209578112386126
-13.08782798228947,-4.209569548565151
-13.089342164689093,-4.209560717202086
-13.090856293532314,-4.209552216270031
-13.092370469820057,-4.209543450767644
-13.093884623305907,-4.209534927491188
-13.095398749515672,-4.209526238009685
-13.09691290045703,-4.20951773821564
-13.098427083354546,-4.209509084572359
-13.099941210765781,-4.2095006151642345
-13.101455363203259,-4.2094920025089815
-13.102969535926974,-4.209483559668076
-13.104483681877888,-4.209474947051449
-13.105997830825551,-4.209466584073907
-13.107511970294379,-4.2094580409169415
-13.10902613951573,-4.20944969496007
-13.11054027613598,-4.209441224863035
-13.112054447036195,-4.209432876276522
-13.11356858066683,-4.209424464406146
-13.115082727943813,-4.209416132609811
-13.116596906364801,-4.209407747767077
-13.118111055440828,-4.209399400774674
-13.11962518337428,-4.209391080232247
-13.121139345236015,-4.209382832138439
-13.12265349574886,-4.209374510647966
-13.124167634547714,-4.209366345992437
-13.125681799084592,-4.209358078474242
-13.12719596331856,-4.209349902638691
-13.128710100995196,-4.209341632430599
-13.130224252796843,-4.209333494865635
-13.131738395061,-4.209325279272842
-13.133252537032224,-4.209317192122882
-13.134766689509647,-4.209309082450574
-13.136280851812575,-4.209300977466874
-13.137795003052153,-4.209292962576616
-13.139309150261301,-4.209284854103877
-13.140823307356367,-4.209276873556765
-13.142337442701894,-4.209268756692541
-13.143851586140583,-4.209260865403196
-13.145365728919716,-4.209252809653829
-13.146879897803167,-4.209244920313953
-13.148394026630895,-4.2092369476468185
-13.149908189203767,-4.209229074577354
-13.151422359832608,-4.209221107721766
-13.152936477459264,-4.209213243221118
-13.154450620937448,-4.209205351256833
-13.155964778419191,-4.209197543930334
-13.157478907505265,-4.209189667193728
-13.158993062116531,-4.209181883952082
-13.16050721034654,-4.209174078268633
-13.162021376315288,-4.209166329375018
-13.163535489411727,-4.209158559575563
-13.16504965045743,-4.209150866775258
-13.166563786688537,-4.209143128458691
-13.168077954603689,-4.209135478803912
-13.169592095804745,-4.209127761659461
-13.171106227414445,-4.20912017535795
-13.17262040137845,-4.209112484557501
-13.174134519874618,-4.209104990818864
-13.175648683033323,-4.209097276098748
-13.177162816051302,-4.209089847643863
-13.178676988316518,-4.209082162733513
-13.18019112399172,-4.20907474668174
-13.181705251991572,-4.209067137258745
-13.183219416446494,-4.20905969962979
-13.184733567509996,-4.209052115318853
-13.18624768336471,-4.209044777611795
-13.187761856278568,-4.209037221219521
-13.18927599764987,-4.209029932106575
-13.190790141499335,-4.209022415856317
-13.192304289534876,-4.2090151012402055
-13.1938184261859,-4.209007626223994
-13.195332559373393,-4.20900039507427
-13.196846718803632,-4.208992951768697
-13.198360836517145,-4.208985754645208
-13.199874990939266,-4.208978348207044
-13.201389120387145,-4.208971162281815
-13.202903251899347,-4.2089638283226165
-13.204417416997291,-4.208956670044055
-13.205931538594793,-4.208949415332307
-13.207445693617295,-4.2089422753816805
-13.208959847495137,-4.208935044306093
-13.210473968649008,-4.208927906789924
-13.211988108138044,-4.20892075711923
-13.213502243656563,-4.208913664147102
-13.215016400907626,-4.208906526600074
-13.216530529222382,-4.208899436279006
-13.218044657874588,-4.208892382455105
-13.219558821893143,-4.208885335076156
-13.221072925976022,-4.208878323191723
-13.222587072667796,-4.2088713063768015
-13.224101216536354,-4.208864301673878
-13.225615344509192,-4.20885734067563
-13.227129495941448,-4.208850369582111
-13.228643623030015,-4.208843399382382
-13.230157755886985,-4.208836502024653
-13.23167189161578,-4.208829620859337
-13.233186056248684,-4.20882273821774
-13.234700164403355,-4.208815877611273
-13.236214296639412,-4.2088090496786945
-13.23772845563268,-4.208802245946582
-13.239242582226773,-4.20879540550445
-13.240756723859517,-4.2087886560871866
-13.242270854625092,-4.208781882365779
-13.243785017092822,-4.208775152884725
-13.24529914372288,-4.2087683955114885
-13.246813271335256,-4.20876173076543
-13.248327428855374,-4.20875504836182
-13.249841548827835,-4.208748376236295
-13.251355680443382,-4.208741750893309
-13.25286984246545,-4.208735118276487
-13.254383958876362,-4.208728541914022
-13.255898120440573,-4.208721918720504
-13.257412235790103,-4.208715375977592
-13.258926395868897,-4.20870880437831
-13.26044052250299,-4.208702279654579
-13.261954663617463,-4.208695783893424
-13.263468807738413,-4.208689273002509
-13.264982919557958,-4.208682795787015
-13.266497072271711,-4.208676347466534
-13.268011191164506,-4.208669959202362
-13.269525338682607,-4.208663504294991
-13.271039477082118,-4.208657170605111
-13.27255361182978,-4.208650739268619
-13.274067743518629,-4.208644416188055
-13.275581891348992,-4.2086379823342535
-13.27709600143601,-4.208631733196607
-13.278610136388307,-4.208625453892408
-13.280124296955329,-4.208619109968335
-13.281638411117532,-4.20861283073557
-13.2831525401552,-4.208606622342073
-13.284666695285555,-4.208600387346077
-13.286180834953333,-4.208594190129448
-13.287694962215099,-4.208588031559697
-13.289209107183261,-4.208581853690701
-13.290723226126556,-4.208575775727292
-13.292237371860729,-4.208569660084165
-13.293751522125747,-4.208563536968108
-13.29526563648201,-4.208557521210419
-13.2967797933305,-4.20855142317038
-13.298293912758792,-4.208545405812177
-13.299808061794966,-4.208539369886015
-13.301322188385459,-4.208533380495855
-13.302836322331556,-4.208527426168255
-13.304350457446066,-4.208521518418247
-13.305864600762167,-4.208515601654487
-13.30737874697633,-4.208509663687816
-13.308892869792178,-4.208503809462262
-13.310407023151182,-4.208497864730571
-13.311921129857131,-4.208492057979041
-13.3134352599703,-4.2084862734447785
-13.314949418323748,-4.2084804191387235
-13.31646354098381,-4.208474608494994
-13.317977663680143,-4.20846890279058
-13.319491826204544,-4.208463132236843
-13.32100594699906,-4.208457406359949
-13.32252006998707,-4.20845173926009
-13.324034221225386,-4.20844603952518
-13.325548359773524,-4.208440380102897
-13.327062479386804,-4.20843478036083
-13.328576627083994,-4.208429125425316
-13.33009074609836,-4.208423515932895
-13.331604862761598,-4.208417969684817
-13.333119014268021,-4.2084123786361145
-13.334633130230387,-4.208406848472001
-13.336147266028572,-4.208401350040435
-13.337661392670269,-4.208395795533889
-13.339175518972658,-4.208390326573848
-13.340689633547607,-4.208384909291957
-13.342203778289612,-4.2083794005055175
-13.343717898428212,-4.208373997352415
-13.345232014217611,-4.208368611496789
-13.346746156144532,-4.208363226593911
-13.348260277219781,-4.208357871614892
-13.349774402723872,-4.2083525550808805
-13.351288544310478,-4.208347172871496
-13.352802653470617,-4.208341872345903
-13.354316778543012,-4.208336618156763
-13.355830935268093,-4.208331340915638
-13.35734503835893,-4.208326077387697
-13.358859170865664,-4.208320884959832
-13.360373318236801,-4.208315640390077
-13.361887440859542,-4.208310455169703
-13.363401563804047,-4.208305317042368
-13.3649156991686,-4.208300172518214
-13.36642982501322,-4.208295044950529
-13.367943964540775,-4.208289913350864
-13.369458083811256,-4.208284820378782
-13.370972211648025,-4.20827975716488
-13.372486332659493,-4.208274763617354
-13.37400047702625,-4.208269705434632
-13.375514580623234,-4.208264754578076
-13.377028736085563,-4.20825973739826
-13.378542858297399,-4.208254757127095
-13.38005697206941,-4.208249837600254
-13.38157113053304,-4.2082448551531115
-13.383085234313642,-4.208239980084255
-13.38459936072423,-4.2082351085535645
-13.386113513648016,-4.208230187065663
-13.387627620191187,-4.208225365183416
-13.389141740634638,-4.208220587718849
-13.390655895786045,-4.20821573007757
-13.392170006727412,-4.208210929395615
-13.393684135851835,-4.208206218193901
-13.3951982798679,-4.208201426298964
-13.396712387117068,-4.208196708192321
-13.398226512925639,-4.208192020088165
-13.399740632333405,-4.208187352370847
-13.401254776070271,-4.2081827044811275
-13.402768891984325,-4.208178083044592
-13.404283028970816,-4.208173458877183
-13.4057971629871,-4.20816883042317
-13.407311271304167,-4.208164252696066
-13.408825399525655,-4.208159710014315
-13.410339538049342,-4.208155152328093
-13.411853648665703,-4.2081506320997715
-13.413367770243788,-4.208146110900926
-13.414881885472285,-4.208141710198481
-13.416396032746333,-4.208137267973528
-13.41791015983398,-4.208132795893012
-13.419424284839378,-4.20812837855337
-13.420938412806098,-4.208123949896305
-13.422452532461955,-4.208119551991811
-13.423966644234063,-4.208115249210978
-13.425480801146188,-4.208110883536952
-13.426994885680799,-4.2081065795945705
-13.42850902962865,-4.20810229971535
-13.430023177334025,-4.208097985003976
-13.431537274312872,-4.208093751452847
-13.433051420071692,-4.20808946527549
-13.434565533232108,-4.208085246652368
-13.436079644915397,-4.208081050374097
-13.43759375227477,-4.208076903378993
-13.439107888097341,-4.208072778686238
-13.440622025159655,-4.208068633668971
-13.442136134825919,-4.208064553977568
-13.443650273369096,-4.208060431616254
-13.445164373230517,-4.208056384126318
-13.446678526830668,-4.20805232512521
-13.448192631999943,-4.208048272417302
-13.44970674749194,-4.208044275707239
-13.451220874475252,-4.208040335476824
-13.45273501812198,-4.208036352623893
-13.45424913743335,-4.2080324247209075
-13.455763255908973,-4.20802854413848
-13.457277403478592,-4.208024708061964
-13.45879155352088,-4.2080207818468445
-13.460305683296658,-4.20801693414503
-13.46181980357996,-4.208013166263046
-13.463333958331422,-4.208009422270358
-13.46484810407903,-4.208005627511262
-13.466362233552667,-4.208001841550628
-13.467876377225613,-4.207998089690459
-13.46939051669582,-4.207994401923248
-13.470904686279118,-4.207990699180559
-13.472418832860063,-4.207987018272894
-13.473932965578426,-4.2079833481255795
-13.475447109218882,-4.207979720404184
-13.476961236138674,-4.207976224167298
-13.47847542663756,-4.207972747770851
-13.479989579481602,-4.207969190141404
-13.48150374061467,-4.20796565016723
-13.483017906247337,-4.2079621827220794
-13.48453208549252,-4.207958711205826
-13.486046252290105,-4.207955235964303
-13.487560409803882,-4.207951804208206
-13.489074595155753,-4.207948390786579
-13.490588761618476,-4.207945054383726
-13.492102926463758,-4.207941764329958
-13.493617123587608,-4.207938506244498
-13.495131325791606,-4.207935161552366
-13.49664550260108,-4.2079318341084235
-13.498159681205603,-4.207928558335868
-13.499673856511814,-4.207925397762291
-13.501188076207645,-4.207922302675527
-13.502702281611903,-4.207919142550314
-13.504216487573842,-4.207915981760483
-13.505730688496948,-4.207912843777114
-13.507244894858516,-4.207909786365053
-13.508759134961362,-4.2079067324505095
-13.510273334793657,-4.207903688324342
-13.511787563278341,-4.207900616122814
-13.513301778469906,-4.207897567666259
-13.51481599225908,-4.207894598456136
-13.516330229926385,-4.207891623759482
-13.517844438332443,-4.207888747278171
-13.519358697687188,-4.207885861551364
-13.520872909685139,-4.207882994116236
-13.522387161945534,-4.207880085738188
-13.523901374262287,-4.207877266654879
-13.525415637057913,-4.207874422882105
-13.526929852657936,-4.207871623355836
-13.52844408029559,-4.207868953734111
-13.529958362708593,-4.207866274713602
-13.531472604329963,-4.207863602185624
-13.532986877914752,-4.207860968256902
-13.53450113307553,-4.207858379749678
-13.53601542580105,-4.207855791351819
-13.537529703163708,-4.20785316032561
-13.539043953060041,-4.207850544981867
-13.5405582390852,-4.207847976994286
-13.542072504186308,-4.207845473344881
-13.543586801734081,-4.207842985543772
-13.545101070987178,-4.207840508048724
-13.54661537220536,-4.207838023812687
-13.548129648864398,-4.207835547763264
-13.549643929360395,-4.2078331173466
-13.55115823186209,-4.207830720080517
-13.55267249672374,-4.2078284475822
-13.554186826329552,-4.207826205126908
-13.555701126772641,-4.207823932591395
-13.557215459125317,-4.207821689247668
-13.558729782905994,-4.207819430599741
-13.560244103802123,-4.207817156892908
-13.561758406131569,-4.207814960825598
-13.563272747728417,-4.207812715898258
-13.564787042405468,-4.207810544989425
-13.566301379712211,-4.20780843966943
-13.567815716763715,-4.207806356551556
-13.569330038748411,-4.207804300449068
-13.570844406085879,-4.207802211822572
-13.572358717364663,-4.20780014043149
-13.57387308170527,-4.2077981038223
-13.575387424301622,-4.207796092530129
-13.57690175669827,-4.207794125519676
-13.578416111363659,-4.207792140690378
-13.57993045924782,-4.207790164825322
-13.581444798059799,-4.207788282994643
-13.582959173511219,-4.207786420193763
-13.584473521969784,-4.20778455977309
-13.585987879029437,-4.20778276565822
-13.58750226199322,-4.20778098536155
-13.589016630093393,-4.207779202735302
-13.590530990591883,-4.207777461038113
-13.592045373267075,-4.207775709393037
-13.593559756347588,-4.207773964619372
-13.595074107009689,-4.207772274664014
-13.596588510701965,-4.207770627037107
-13.59810288914013,-4.207768987140331
-13.599617266445968,-4.207767337658627
-13.601131649731059,-4.207765794447736
-13.602646051525205,-4.207764237348678
-13.604160438187796,-4.2077626696817205
-13.60567481690558,-4.207761143816388
-13.607189226910318,-4.207759671247385
-13.60870362014694,-4.2077582717869575
-13.610218062021188,-4.207756829853665
-13.611732456668898,-4.207755393119599
-13.613246862103619,-4.207753998171276
-13.614761289123738,-4.207752627099705
-13.616275705272967,-4.207751308912197
-13.61779012450705,-4.207749993114474
-13.619304567997109,-4.207748697425465
-13.620818983579408,-4.207747452873562
-13.62233342530776,-4.20774629922946
-13.623847892776366,-4.207745143134339
-13.625362314144454,-4.207744034636778
-13.626876789419535,-4.207742966193689
-13.628391276746285,-4.207741780547659
-13.629905713080255,-4.207740624938166
-13.631420183505867,-4.207739505899884
-13.632934627415286,-4.207738366751873
-13.63444907330387,-4.207737342001513
-13.635963564600827,-4.207736357108999
-13.637478015622591,-4.2077353631828
-13.638992487047926,-4.20773439967224
-13.640506942467843,-4.2077334936463195
-13.642021439992336,-4.207732646666114
-13.643535933279733,-4.2077317595310015
-13.645050397552746,-4.207730900513244
-13.646564890458215,-4.207730021675732
-13.648079375031033,-4.207729164162089
-13.649593858944563,-4.207728362253189
-13.651108372772812,-4.207727566745319
-13.652622865953731,-4.207726771912965
-13.654137343112774,-4.207726037969486
-13.655651867383689,-4.207725345652071
-13.657166362798765,-4.2077246405393
-13.658680848642135,-4.207723970133036
-13.660195381356486,-4.207723276297839
-13.66170986109216,-4.207722650256696
-13.663224364615727,-4.207722164781144
-13.664738909880466,-4.207721673853345
-13.666253418584448,-4.207721189502211
-13.667767957010547,-4.207720740364269
-13.669282508839256,-4.207720232727385
-13.670797035658046,-4.207719773879232
-13.6723115994751,-4.207719309796089
-13.673826127502313,-4.207718880857043
-13.675340655002724,-4.207718525556169
-13.676855220719492,-4.207718133445466
-13.678369762119097,-4.207717755375488
-13.679884302209334,-4.207717435637551
-13.681398834898204,-4.207717163373072
-13.68291340545461,-4.207716924339018
-13.68442797695139,-4.207716667783094
-13.685942514524587,-4.207716452519163
-13.68745709828365,-4.2077162313555325
-13.688971645959786,-4.207716035247337
-13.690486214028052,-4.207715954648545
-13.692000812386338,-4.207715893781265
-13.693515392482627,-4.207715778086689
-13.695029953419784,-4.207715720741563
-13.696544555771274,-4.207715651496825
-13.698059140419051,-4.207715623371599
-13.699573741275083,-4.207715578405375
-13.701088327644328,-4.2077155484960365
-13.70260290984077,-4.207715555710762
-13.704117494347287,-4.207715611477247
-13.705632096656648,-4.207715778559463
-13.707146723066733,-4.207715952315947
-13.708661332409607,-4.20771606890651
-13.710175927108127,-4.207716217996502
-13.711690527780043,-4.207716451909961
-13.713205171435149,-4.207716735661986
-13.714719813321153,-4.2077169198909985
-13.71623442596997,-4.207717120287884
-13.717749037059033,-4.207717419370999
-13.719263679843614,-4.207717724253821
-13.720778305844743,-4.207718060331902
-13.722292921860758,-4.20771850181635
-13.723807593396542,-4.207718953800308
-13.725322245090455,-4.207719299844465
-13.726836871812605,-4.207719662328337
-13.728351499836414,-4.207720124450144
-13.729866178158005,-4.207720606065403
-13.731380814581366,-4.207721108221085
-13.732895469860589,-4.207721606662708
-13.734410121038998,-4.207722113228036
-13.735924771078569,-4.207722638268995
-13.737439418988735,-4.207723267115045
-13.738954094778556,-4.207723953612531
-13.740468768953798,-4.207724588295628
-13.741983428055235,-4.207725228338109
-13.743498097358758,-4.20772592066694
-13.745012789163564,-4.207726589392523
-13.746527443055363,-4.207727299455974
-13.748042138378835,-4.207728030101583
-13.749556803514793,-4.207728800506077
-13.751071473106713,-4.207729650712941
-13.752586188070538,-4.207730549989712
-13.754100879577619,-4.207731373612812
-13.755615560546426,-4.207732225134207
-13.757130248109618,-4.207733124542854
-13.75864494381909,-4.20773412459634
-13.760159681915654,-4.20773512912375
-13.761674396382375,-4.207736079760411
-13.76318908904836,-4.207737081978972
-13.764703828640464,-4.207738094076708
-13.766218537606203,-4.207739136327874
-13.767733273609041,-4.207740171399409
-13.769247990563217,-4.207741227303782
-13.770762708234166,-4.207742367019832
-13.772277452097624,-4.2077435094515305
-13.773792172816373,-4.207744647475776
-13.775306897321384,-4.2077458277136675
-13.776821648949738,-4.207747011229222
-13.77833637505377,-4.207748203452432
-13.779851098903364,-4.207749462997343
-13.78136585529208,-4.2077507138729
-13.78288058084286,-4.207751969315194
-13.784395310205362,-4.207753268835721
-13.785910047772111,-4.207754664229282
-13.787424818714845,-4.207756103482476
-13.788939581586016,-4.207757460690265
-13.790454326604433,-4.207758816649423
-13.791969077462209,-4.207760232416442
-13.793483850650237,-4.2077616696779625
-13.79499860727313,-4.207763125485397
-13.796513355358568,-4.207764636939958
-13.798028132786735,-4.207766170084749
-13.799542895210749,-4.207767697648545
-13.801057653868451,-4.207769271343419
-13.802572443617441,-4.207770865961608
-13.804087209125296,-4.207772467661909
-13.805601976847607,-4.207774117225704
-13.807116772068152,-4.207775758907408
-13.808631532633173,-4.207777388892294
-13.810146311895778,-4.2077790852280295
-13.811661118170502,-4.207780826157052
-13.813175884188453,-4.207782633796153
-13.814690704853827,-4.207784427805034
-13.816205485426465,-4.207786208407509
-13.817720267797265,-4.207788082136384
-13.819235086391004,-4.207790002105356
-13.820749928204267,-4.207791855824791
-13.822264713479695,-4.207793739706334
-13.82377953700326,-4.207795606913562
-13.825294334084361,-4.207797506674044
-13.826809135553011,-4.207799475473473
-13.828323949974413,-4.2078015560446556
-13.829838805656381,-4.207803646127004
-13.831353629026676,-4.207805673007071
-13.832868443082505,-4.207807750034456
-13.834383297368523,-4.207809829434693
-13.835898138696217,-4.207811935531915
-13.837412969082548,-4.207814128388642
-13.838927843848177,-4.207816320972976
-13.840442679569268,-4.207818532007052
-13.841957557465303,-4.207820733077815
-13.843472393329145,-4.207822963390757
-13.844987267732648,-4.207825198500639
-13.846502107352988,-4.207827433730151
-13.848016961133354,-4.20782974257261
-13.849531838531368,-4.2078320788527845
-13.85104669759994,-4.2078344130641305
-13.85256154845202,-4.207836792019844
-13.854076434348729,-4.207839202559438
-13.855591306458463,-4.207841622711039
-13.857106169884764,-4.207844111057762
-13.8586210792642,-4.207846590875575
-13.860135956232757,-4.2078490454379205
-13.861650808810236,-4.207851565939675
-13.863165725535882,-4.207854141889727
-13.864680616857386,-4.207856632002331
-13.86619548382572,-4.2078591647306425
-13.867710379030816,-4.207861777011813
-13.869225261972883,-4.207864477332721
-13.870740185465635,-4.207867138623963
-13.872255060046422,-4.207869835048996
-13.873769981415512,-4.20787258245857
-13.875284905324797,-4.207875312410385
-13.876799796767486,-4.207878069489721
-13.878314720553627,-4.2078808255858196
-13.87982962795892,-4.207883577679625
-13.881344535948148,-4.207886412342212
-13.882859478351186,-4.207889259242001
-13.884374395760116,-4.207892125058198
-13.885889330347245,-4.207894971366524
-13.887404243782823,-4.20789782843893
-13.888919164540162,-4.2079007340703285
-13.890434083620187,-4.2079037417619
-13.891949051720076,-4.207906747214768
-13.89346398825533,-4.207909745523307
-13.89497892442661,-4.207912751071387
-13.896493852705204,-4.207915834278229
-13.89800881948346,-4.20791894031806
-13.899523756477508,-4.20792207962364
-13.901038726970695,-4.207925244118738
-13.902553707244596,-4.207928345862299
-13.90406864389228,-4.207931488601938
-13.905583625859338,-4.207934631879608
-13.907098569083141,-4.207937805375663
-13.908613519227934,-4.207941056044409
-13.91012851365885,-4.207944293227481
-13.91164347473466,-4.207947561480334
-13.913158430597283,-4.207950919748875
-13.914673438883707,-4.2079543367395775
-13.916188448463124,-4.2079576599922
-13.917703403251421,-4.207960967049448
-13.919218395429027,-4.207964307938365
-13.920733370940036,-4.20796771362836
-13.922248357451801,-4.207971201099245
-13.923763377884802,-4.207974663529636
-13.92527835790214,-4.207978138530417
-13.926793367335154,-4.207981610434028
-13.92830835467231,-4.20798510102102
-13.929823344916471,-4.2079886447853045
-13.931338367833076,-4.207992291303311
-13.932853395675687,-4.207995938869261
-13.934368399052806,-4.207999577238805
-13.935883444711319,-4.208003189810595
-13.937398453599286,-4.208006828937363
-13.938913457023185,-4.208010569235647
-13.940428512588424,-4.208014317302048
-13.941943528539916,-4.208018105321632
-13.943458570163108,-4.208021918193144
-13.944973633510577,-4.208025651612189
-13.946488643320508,-4.2080293833495555
-13.948003670477457,-4.20803318303805
-13.949518696161766,-4.208037096184571
-13.951033765125556,-4.208041063927785
-13.952548827299553,-4.208044940375662
-13.954063859004894,-4.20804880350154
-13.95557890129359,-4.208052744057538
-13.957093974371464,-4.208056704095607
-13.95860901756793,-4.2080607355997985
-13.960124091771904,-4.2080647578527355
-13.961639145797832,-4.208068846657013
-13.963154235939655,-4.208072938427776
-13.964669294078558,-4.208077072012882
-13.966184395195963,-4.208081202902455
-13.967699492421374,-4.208085265364559
-13.96921454516956,-4.208089365698792
-13.970729607262058,-4.208093543414419
-13.972244707995458,-4.208097722548297
-13.973759762683345,-4.208101982111476
-13.975274872707553,-4.208106244502097
-13.976789955243227,-4.208110509044616
-13.978305033901064,-4.20811485744552
-13.979820149041705,-4.2081192370822125
-13.98133527032461,-4.2081235505234575
-13.982850356319556,-4.2081278706369005
-13.984365455912684,-4.2081322240058405
-13.98588055292268,-4.208136677503939
-13.987395685851242,-4.208141140456022
-13.988910792922645,-4.208145645113848
-13.99042592647591,-4.208150183053694
-13.991941073524199,-4.20815465247797
-13.99345617520539,-4.208159144605085
-13.994971312214192,-4.208163650012037
-13.996486427801857,-4.208168185356955
-13.998001535778995,-4.2081728181561635
-13.999516702562095,-4.208177483170118
-14.001031845535287,-4.208182092206145
-14.002546961462157,-4.2081867093438134
-14.004062086964492,-4.2081913956612285
-14.00557725417566,-4.208196092433447
-14.007092381932074,-4.208200808270528
-14.008607511967293,-4.2082056033436555
-14.010122683858745,-4.208210437096704
-14.011637848714583,-4.208215196767286
-14.013152979241545,-4.208219939803582
-14.014668123428029,-4.208224728424943
-14.016183275785794,-4.208229648450779
-14.01769846045601,-4.208234577986852
-14.019213616045189,-4.208239477314163
-14.020728769761117,-4.208244472258704
-14.022243959868051,-4.208249510232581
-14.023759161758877,-4.2082544563719315
-14.025274314751904,-4.208259453951622
-14.026789513150234,-4.208264469982203
-14.02830467100186,-4.208269533452221
-14.029819871321264,-4.208274593928585
-14.031335033803053,-4.208279692022603
-14.032850239088102,-4.20828480427855
-14.034365412467974,-4.208289936089734
-14.035880615771168,-4.208295072578563
-14.037395801095647,-4.208300234581028
-14.038910975675355,-4.208305457184282
-14.040426204424422,-4.208310712764296
-14.041941401051995,-4.208316012600518
-14.043456623523232,-4.208321321288385
-14.044971839775728,-4.208326547428011
-14.046487032914051,-4.208331802772352
-14.04800223106253,-4.208337134053354
-14.049517462049504,-4.208342490386587
-14.05103267342765,-4.208347872302811
-14.052547878072026,-4.2083533267738105
-14.054063126215665,-4.208358787987789
-14.055578353387915,-4.208364252492344
-14.057093562169426,-4.208369792163159
-14.058608827138187,-4.2083753390585095
-14.06012407067619,-4.20838080988616
-14.06163927825299,-4.208386343211446
-14.063154543545345,-4.208391928135922
-14.06466977623677,-4.208397567582152
-14.0661850383332,-4.208403219241053
-14.06770029795328,-4.208408812176839
-14.069215538099185,-4.208414419343684
-14.070730780962375,-4.208420105802188
-14.072246043507173,-4.208425798220822
-14.073761290259332,-4.208431501667448
-14.075276534287969,-4.2084372640527565
-14.076791817882048,-4.208443026239849
-14.078307068347351,-4.20844882938041
-14.079822357289252,-4.208454624479081
-14.0813376132223,-4.20846043021301
-14.082852870134422,-4.208466301404314
-14.084368159796611,-4.208472177507025
-14.085883419420531,-4.208478075852531
-14.087398706650509,-4.208483979939947
-14.088913960728418,-4.20848995703247
-14.090429257123493,-4.208495933536422
-14.091944529086273,-4.208501928985015
-14.09345983996901,-4.208507922180408
-14.094975115291163,-4.208513938132709
-14.096490392263803,-4.20852004915099
-14.098005707851623,-4.208526207703007
-14.099521028042874,-4.208532289370399
-14.101036312291326,-4.20853836967945
-14.102551600311449,-4.20854453928615
-14.104066924242693,-4.208550771741189
-14.105582254424524,-4.2085569381939045
-14.107097543191767,-4.208563100069229
-14.108612840506664,-4.208569321432004
-14.110128175450004,-4.208575557158294
-14.111643469614174,-4.208581870913181
-14.113158813782817,-4.208588186190092
-14.114674126387609,-4.208594535412927
-14.116189471582873,-4.20860085932094
-14.117704784091664,-4.208607206184589
-14.11922009708683,-4.208613622706168
-14.12073542844935,-4.208620095381761
-14.122250799736262,-4.208626545377183
-14.123766144150702,-4.208633007615112
-14.125281473857438,-4.208639462138544
-14.126796802907549,-4.208645963947975
-14.128312162575549,-4.208652484189604
-14.129827511173639,-4.208659035663531
-14.13134284828468,-4.208665665308557
-14.132858222015397,-4.2086723386172435
-14.134373608492051,-4.208678932857173
-14.13588893667058,-4.208685595046247
-14.13740432951673,-4.208692282316038
-14.138919677918736,-4.208699011067663
-14.140435065139213,-4.208705789888319
-14.141950464159208,-4.20871250841162
-14.143465824735934,-4.208719259012722
-14.144981224124342,-4.208726011205039
-14.14649659191176,-4.208732799940867
-14.14801198694911,-4.208739588692165
-14.149527360833074,-4.208746392637226
-14.151042726278147,-4.208753223957278
-14.152558103435872,-4.208760168314103
-14.154073513663432,-4.208767172552449
-14.155588935124701,-4.208774103157587
-14.15710430934297,-4.2087810784886575
-14.158619733217368,-4.208788062792589
-14.160135124897877,-4.208795075793415
-14.161650540772296,-4.208802087743117
-14.163165937215684,-4.208809102487001
-14.164681328588031,-4.208816219001826
-14.166196755677376,-4.208823381102905
-14.167712195575074,-4.208830482949486
-14.169227605411276,-4.208837584004666
-14.170743003112907,-4.20884477788475
-14.17225844494693,-4.208852025108643
-14.173773892388208,-4.208859226830274
-14.175289311106894,-4.208866471879304
-14.17680476359072,-4.208873702480449
-14.1783201778383,-4.208880994870239
-14.179835636434126,-4.2088883143165345
-14.181351095006656,-4.208895598555887
-14.182866520380054,-4.208902892600589
-14.18438195275073,-4.208910267076699
-14.185897422350552,-4.20891764548721
-14.187412846630243,-4.208925088420915
-14.188928315661213,-4.208932555430392
-14.190443785876736,-4.208940002066706
-14.19195923873202,-4.208947478935896
-14.193474720290286,-4.208954928674661
-14.194990167006727,-4.208962435247422
-14.196505651330662,-4.208969957668129
-14.19802110503667,-4.208977515164737
-14.19953658147649,-4.208985060231073
-14.201052024524719,-4.208992684954335
-14.2025675214028,-4.209000334508698
-14.204083008737905,-4.209007969516573
-14.205598477828692,-4.20901562536812
-14.207113973237387,-4.209023269461333
-14.208629444608109,-4.2090309392575325
-14.210144916704323,-4.209038657456847
-14.211660396074466,-4.2090464578838604
-14.213175909144848,-4.209054226288758
-14.214691382201229,-4.209062034626736
-14.216206894682978,-4.209069845108444
-14.217722368619468,-4.209077689764965
-14.219237885083073,-4.209085540756718
-14.220753370517553,-4.2090934846114605
-14.222268892854574,-4.209101440826989
-14.223784408074815,-4.209109354538561
-14.22529993208998,-4.209117259194465
-14.226815420010706,-4.2091252762420615
-14.228330970085878,-4.209133305294882
-14.229846498338219,-4.20914125818892
-14.231361998802617,-4.209149248220854
-14.232877513038373,-4.209157293355854
-14.234393021182427,-4.209165432783457
-14.235908564995508,-4.209173598402021
-14.237424110497425,-4.209181701117201
-14.238939624896549,-4.209189793438981
-14.240455138880629,-4.20919796856787
-14.241970694168138,-4.20920619891323
-14.243486242893233,-4.209214386158253
-14.245001767593495,-4.20922258597901
-14.246517306574315,-4.20923083638613
-14.248032847231734,-4.2092391304774175
-14.24954837216709,-4.2092475169806125
-14.251063958283396,-4.209255894725136
-14.252579523684183,-4.209264202986355
-14.25409506477234,-4.209272568349242
-14.255610650467112,-4.209280921294792
-14.257126187846039,-4.20928934261883
-14.258641767677693,-4.2092977997195336
-14.260157347032717,-4.2093062315292595
-14.26167290196305,-4.209314666761287
-14.263188450314557,-4.209323170641563
-14.264704040508734,-4.209331704868625
-14.266219614947225,-4.209340212085704
-14.267735179087685,-4.209348740562614
-14.269250743933975,-4.209357315376392
-14.270766340658653,-4.209365894019308
-14.272281902384362,-4.2093745173699695
-14.273797495497092,-4.209383132922867
-14.275313064524713,-4.209391754390915
-14.276828636749984,-4.209400449675974
-14.27834424907988,-4.209409157507311
-14.279859826984328,-4.209417896933332
-14.281375416597106,-4.209426648243187
-14.282891015823449,-4.209435396366422
-14.28440660021581,-4.209444215173593
-14.285922209836016,-4.209453097436933
-14.287437830540071,-4.209461922467855
-14.288953423807774,-4.2094707481167095
-14.290469011199246,-4.209479672763972
-14.29198465571795,-4.20948862329917
-14.293500257546345,-4.209497594652853
-14.295015904840254,-4.209506577271994
-14.296531543301324,-4.209515486852167
-14.298047150083551,-4.209524423223591
-14.299562758934842,-4.20953342595439
-14.301078406506138,-4.20954245763134
-14.30259402472757,-4.209551565825924
-14.304109678280986,-4.2095606617924055
-14.305625315009616,-4.2095696986162325
-14.307140936129775,-4.209578767392667
-14.308656557056032,-4.2095878953667984
-14.31017220927442,-4.209597052075969
-14.311687841495194,-4.209606251760871
-14.313203503664404,-4.209615427176893
-14.314719127234467,-4.209624628977838
-14.31623477727475,-4.209633841853599
-14.317750425141263,-4.209643078330682
-14.319266053326842,-4.209652393397991
-14.320781723245446,-4.209661720419512
-14.32229735736244,-4.209671098904754
-14.323813028361831,-4.209680518441992
-14.325328713120761,-4.209689880203642
-14.326844364610393,-4.209699278802834
-14.328360045803285,-4.209708664980183
-14.329875694745628,-4.209718061436109
-14.33139135652479,-4.209727544358248
-14.332907035521565,-4.20973703329051
-14.334422708545768,-4.209746525488508
-14.335938375973095,-4.209756111105303
-14.337454086309299,-4.209765696630249
-14.33896977922377,-4.209775210811763
-14.340485438857497,-4.209784722438396
-14.342001111776868,-4.209794354352627
-14.343516816422158,-4.209804077828279
-14.345032534550377,-4.209813745089188
-14.346548203846492,-4.209823464159803
-14.348063932426413,-4.2098332358534805
-14.349579666163509,-4.2098429248187745
-14.35109534496718,-4.2098526600978445
-14.352611068045386,-4.209862417724218
-14.354126780528688,-4.209872149770185
-14.35564247853618,-4.209881905039356
-14.357158181811588,-4.209891685600196
-14.358673871236107,-4.209901575415653
-14.360189598545562,-4.209911522052071
-14.361705339449486,-4.209921426974059
-14.363221056348745,-4.209931372495317
-14.364736801693244,-4.209941346537687
-14.366252553251995,-4.2099512668227845
-14.367768252240742,-4.209961237940832
-14.36928400100963,-4.2099712378494
-14.370799737066877,-4.2099811847129605
-14.372315447084114,-4.209991151028171
-14.373831169287657,-4.210001189489986
-14.375346913690773,-4.210011247652218
-14.376862640434712,-4.210021318225104
-14.378378357440615,-4.210031471578307
-14.379894116784094,-4.210041663479801
-14.381409876671594,-4.210051821165459
-14.382925607722507,-4.210062014532676
-14.38444136851183,-4.210072190445862
-14.38595710757862,-4.210082418921096
-14.387472871346892,-4.210092645851896
-14.38898861640282,-4.210102910872474
-14.390504390378197,-4.210113186767694
-14.392020146707615,-4.210123461182606
-14.393535882508175,-4.210133795342482
-14.395051674288254,-4.21014416094858
-14.396567430601774,-4.210154523245111
-14.398083188923817,-4.210164959527332
-14.399598982640805,-4.210175437802572
-14.401114782369396,-4.210185849974216
-14.402630536669063,-4.210196282787475
-14.40414631940974,-4.210206712663247
-14.405662087204062,-4.21021715266456
-14.407177841723266,-4.2102277016561755
-14.408693640549252,-4.2102382764659385
-14.410209436053636,-4.210248804299966
-14.411725203480781,-4.210259295838037
-14.413240978642694,-4.210269839207486
-14.41475676453272,-4.210280511195135
-14.416272559987757,-4.210291176145546
-14.417788355565094,-4.2103018292781
-14.41930413616139,-4.210312568331397
-14.420819964719719,-4.210323316545557
-14.422335778391947,-4.210333987268791
-14.423851567136328,-4.210344705531093
-14.425367387107336,-4.210355448099558
-14.426883184710945,-4.210366210843502
-14.428398978063337,-4.210377037311523
-14.429914816788468,-4.210387874159406
-14.431430616815883,-4.210398765043186
-14.432946457469818,-4.210409674447189
-14.4344622832319,-4.2104205009078495
-14.43597808886298,-4.210431355196264
-14.437493903756664,-4.21044230701605
-14.439009759274333,-4.210453271627127
-14.440525583055289,-4.210464199666682
-14.442041391571356,-4.210475156266063
-14.44355720900302,-4.21048624170156
-14.4450730807337,-4.210497381122234
-14.446588944407633,-4.210508416559916
-14.448104763396767,-4.210519433808311
-14.449620592679354,-4.210530585774845
-14.451136476984402,-4.210541778003297
-14.452652338253625,-4.2105528995084285
-14.45416817139608,-4.210563999143438
-14.455684004420938,-4.210575191813683
-14.457199878867707,-4.210586449730692
-14.458715747670814,-4.210597659699624
-14.460231589898333,-4.210608895749863
-14.461747469407193,-4.2106201381550346
-14.463263310475892,-4.210631462788232
-14.464779194221846,-4.2106427801549895
-14.466295044332039,-4.210654171099569
-14.467810949573545,-4.210665570309699
-14.469326833917222,-4.210676875011741
-14.470842683002838,-4.210688217586725
-14.472358567186083,-4.210699559348196
-14.473874427898517,-4.210710939204144
-14.475390289791047,-4.210722410515657
-14.476906184425063,-4.210733901007792
-14.478422065333572,-4.210745397324595
-14.479937935929165,-4.210756968412388
-14.481453853814488,-4.210768599699871
-14.482969762999678,-4.210780144444054
-14.484485648373324,-4.21079169794471
-14.486001569239601,-4.210803262074069
-14.487517445075863,-4.210814896149929
-14.489033370603579,-4.210826539187085
-14.49054925990349,-4.210838249714552
-14.492065190886539,-4.210849987474505
-14.493581111757385,-4.210861681865348
-14.495097016447886,-4.210873364772679
-14.496612916243793,-4.210885150722985
-14.498128855057605,-4.210896988883478
-14.499644795409703,-4.210908774160145
-14.501160693241648,-4.210920557676065
-14.502676641227293,-4.210932334863865
-14.504192552310585,-4.210944167911831
-14.505708478222424,-4.21095609808159
-14.507224406809268,-4.210967952464218
-14.508740315426106,-4.210979801997175
-14.510256235077986,-4.210991769283924
-14.511772199428389,-4.21100376040628
-14.513288121519995,-4.211015804232362
-14.514804075799649,-4.211027882182235
-14.516320048788348,-4.2110398966792335
-14.517835981285248,-4.211051958182898
-14.519351960826839,-4.211064040171243
-14.520867932346857,-4.2110760616010605
-14.52238385573523,-4.21108815942329
-14.523899826908785,-4.21110027968946
-14.525415777712034,-4.21111247140793
-14.526931746417493,-4.211124717204409
-14.528447736287173,-4.2111368825869215
-14.529963675232093,-4.2111490992045795
-14.531479669738474,-4.211161338469534
-14.532995653235494,-4.211173524212135
-14.534511610468966,-4.211185728526018
-14.536027577069392,-4.211197961169426
-14.53754353569433,-4.211210226424401
-14.539059484674583,-4.211222580034631
-14.540575481779548,-4.211234975831937
-14.54209147487795,-4.21124732673143
-14.54360744194912,-4.2112596626259595
-14.545123403296147,-4.211272077518771
-14.546639415138142,-4.211284541782365
-14.548155392315422,-4.211297034945879
-14.549671390804175,-4.211309550699173
-14.551187408900986,-4.211322011681371
-14.55270338627431,-4.211334516714851
-14.554219404737214,-4.2113470106849755
-14.555735381868516,-4.211359591631022
-14.55725140090502,-4.211372191480087
-14.558767391743732,-4.211384848150415
-14.560283410869621,-4.211397530870327
-14.561799456329886,-4.211410146157335
-14.563315452381069,-4.211422816010251
-14.564831484838125,-4.211435510672204
-14.56634751164077,-4.211448188194719
-14.567863501283941,-4.211460960980095
-14.569379554801728,-4.2114737479039475
-14.570895596534248,-4.211486433667004
-14.572411597183425,-4.211499127975431
-14.573927595773075,-4.211511940192514
-14.575443645007555,-4.211524834288878
-14.576959701151978,-4.21153764853749
-14.578475710302095,-4.211550491477958
-14.5799917498707,-4.21156331524687
-14.581507753398402,-4.211576199449378
-14.583023811821251,-4.211589100658269
-14.584539830197324,-4.211602061440648
-14.58605588274521,-4.211615038407011
-14.587571908921216,-4.211628038223419
-14.589087972747928,-4.211640992015485
-14.590603990425633,-4.211654030537679
-14.59212005951715,-4.2116671218794925
-14.59363612921837,-4.2116801140753495
-14.59515214494798,-4.211693159797774
-14.596668213493087,-4.211706221340598
-14.598184251740225,-4.211719269408919
-14.599700273275618,-4.211732405668876
-14.601216357310573,-4.211745570263659
-14.602732399493451,-4.211758808382259
-14.604248484376422,-4.21177204093791
-14.605764557100358,-4.211785202672359
-14.60728059981642,-4.211798394785067
-14.608796660866165,-4.211811653717797
-14.610312756179333,-4.211824882209934
-14.611828787331584,-4.211838179753034
-14.613344883555017,-4.211851512912437
-14.614860948598459,-4.211864893536435
-14.616377042934868,-4.211878263729226
-14.617893117406897,-4.2118916534525885
-14.619409202847097,-4.211905016142126
-14.620925259818385,-4.211918379670812
-14.622441326791286,-4.211931776436169
-14.623957418967924,-4.211945288420711
-14.625473530257429,-4.211958802147085
-14.626989615839587,-4.211972280515707
-14.628505707704997,-4.2119857240619565
-14.630021783671774,-4.211999220264621
-14.631537873072581,-4.212012721169865
-14.633053945726015,-4.212026231056788
-14.634570012633372,-4.212039874041918
-14.636086153500415,-4.212053573407144
-14.637602274672654,-4.212067169171282
-14.639118340901947,-4.212080815427077
-14.640634466676417,-4.212094489056568
-14.642150577693425,-4.212108186885601
-14.643666659710835,-4.212121987364461
-14.645182817125455,-4.212135798642898
-14.64669895598035,-4.212149494344305
-14.648215047304861,-4.212163287293937
-14.64973118900141,-4.212177055883242
-14.651247279337673,-4.21219091039877
-14.652763441168597,-4.2122048302140405
-14.65427958535704,-4.212218660602043
-14.655795710078898,-4.212232473053475
-14.657311822357912,-4.21224633551755
-14.658827977243211,-4.212260209516786
-14.660344093068929,-4.212274134451664
-14.661860218609837,-4.212288090466312
-14.66337635449555,-4.2123020923044185
-14.66489252977026,-4.212316099217856
-14.666408653693374,-4.212330166453224
-14.66792482224965,-4.212344297021559
-14.669441007400359,-4.21235834485699
-14.670957136862096,-4.212372461533647
-14.672473327606925,-4.212386604048129
-14.673989513255563,-4.212400641409618
-14.675505641006652,-4.212414757315548
-14.677021797964537,-4.212429005434566
-14.678537988466699,-4.212443215155663
-14.680054149161323,-4.212457493855597
-14.681570361189658,-4.212471778512451
-14.68308656049597,-4.212485941103371
-14.6846026924136,-4.212500201117197
-14.686118903482932,-4.21251450678273
-14.68763507359549,-4.212528859242681
-14.689151270301615,-4.2125432698677105
-14.690667485586175,-4.212557590543715
-14.692183652939654,-4.212571983751547
-14.693699876750724,-4.212586391849905
-14.695216078793429,-4.212600734785888
-14.696732263811482,-4.212615107481044
-14.698248448234928,-4.21262951967668
-14.699764646127576,-4.212643932065449
-14.701280830959863,-4.212658352763952
-14.702797007038777,-4.212672818044491
-14.70431321666254,-4.212687326666179
-14.705829408447185,-4.212701815732842
-14.7073455920318,-4.212716319333133
-14.708861764906217,-4.212730937453648
-14.710378000996423,-4.212745590404413
-14.71189421761822,-4.212760134081784
-14.713410391507624,-4.21277475075043
-14.714926620021375,-4.212789380847504
-14.716442807036476,-4.212804025978131
-14.717959002915501,-4.21281870955061
-14.71947524105152,-4.2128334015492195
-14.720991455265725,-4.21284814595323
-14.722507680302616,-4.212862916296711
-14.724023909690084,-4.212877692120126
-14.72554013275623,-4.2128924524678775
-14.727056343503076,-4.212907228011312
-14.728572585334241,-4.212922048443272
-14.730088817081134,-4.212936897742382
-14.73160503258589,-4.212951698277365
-14.733121237629707,-4.212966469259951
-14.734637446165884,-4.212981330224477
-14.736153699135507,-4.2129962601671656
-14.737669915980726,-4.213011181841903
-14.73918613629388,-4.213026180898965
-14.74070239577714,-4.213041264135841
-14.74221867162803,-4.213056268822434
-14.743734900852052,-4.21307130633489
-14.745251167069423,-4.213086335079414
-14.746767386119544,-4.213101468819746
-14.74828368040314,-4.2131166355445835
-14.74979994501286,-4.213131650256264
-14.75131618140591,-4.213146677816887
-14.752832427737209,-4.21316175332476
-14.754348673964719,-4.213176928732915
-14.755864955470077,-4.2131921134474855
-14.757381215760507,-4.213207359179407
-14.758897506994446,-4.213222581585246
-14.760413742819937,-4.213237903859477
-14.761930053216432,-4.21325328016482
-14.763446358631576,-4.213268533371802
-14.764962602482209,-4.213283872178727
-14.766478912539998,-4.213299301255233
-14.767995234991592,-4.213314619643379
-14.769511484179242,-4.213330036521317
-14.771027800924944,-4.213345470915042
-14.772544101752443,-4.213360858306183
-14.774060397083266,-4.213376238191667
-14.775576671620549,-4.21339172843725
-14.777093001137036,-4.213407313823194
-14.778609343580689,-4.2134227929660035
-14.78012564091757,-4.213438298297652
-14.781641939971621,-4.213453879645149
-14.783158263750044,-4.21346946036291
-14.784674602953825,-4.213485015271343
-14.786190909607555,-4.213500567737369
-14.787707222501115,-4.213516230464582
-14.789223571120557,-4.21353188700377
-14.79073990277255,-4.213547504938299
-14.792256213048844,-4.213563176655556
-14.793772562263113,-4.213578851695806
-14.795288881326638,-4.213594604852029
-14.796805229710593,-4.213610322510077
-14.798321535352011,-4.213626122190911
-14.799837893930762,-4.213641976189992
-14.801354257639714,-4.213657752937016
-14.802870588476477,-4.213673592171894
-14.804386954291248,-4.2136893983690475
-14.805903278304502,-4.213705222824965
-14.807419636625465,-4.213721075317105
-14.808935978971302,-4.213736862460676
-14.81045227948115,-4.213752730409682
-14.811968616767945,-4.21376873632163
-14.81348500443585,-4.213784686390861
-14.81500133583512,-4.213800725757117
-14.816517729609929,-4.213816737351066
-14.818034092265883,-4.213832690282583
-14.819550446764309,-4.213848705322548
-14.821066791691337,-4.213864815379681
-14.822583202048682,-4.213880951649526
-14.824099594090175,-4.213896968115175
-14.825615924195127,-4.213913075609361
-14.827132319590113,-4.213929193780856
-14.828648710947384,-4.21394530335505
-14.830165086383966,-4.2139614383672095
-14.83168144629073,-4.213977512158289
-14.83319779942583,-4.213993591779746
-14.834714133464129,-4.214009873210708
-14.83623054703041,-4.214026198203573
-14.837746943114471,-4.214042434229755
-14.83926331491993,-4.214058684561849
-14.840779701431293,-4.2140749491767915
-14.842296079236876,-4.214091238812741
-14.843812458224996,-4.2141075634581036
-14.845328883425525,-4.214123913148769
-14.846845271549306,-4.214140280638456
-14.848361670544913,-4.2141566851426004
-14.84987807208503,-4.214173081917579
-14.851394471134139,-4.214189457528949
-14.852910845730596,-4.214205855654035
-14.854427220201654,-4.214222308413415
-14.855943614671242,-4.214238834738947
-14.857460060678484,-4.214255401334354
-14.858976489584254,-4.214271906210519
-14.860492890211496,-4.214288455377068
-14.862009333159673,-4.214304967327855
-14.863525714177069,-4.214321493329516
-14.865042110895441,-4.214338098953016
-14.866558531273125,-4.214354792251088
-14.868074984787729,-4.214371480228902
-14.869591427065227,-4.2143881196172
-14.87110785575304,-4.214404742833898
-14.872624251730645,-4.214421490636594
-14.874140708213224,-4.2144382704630745
-14.875657156452299,-4.214454994372344
-14.877173580306335,-4.214471724979391
-14.878690002822628,-4.214488525066934
-14.880206462924365,-4.214505412445187
-14.881722936442326,-4.214522265158146
-14.883239379268057,-4.214539172049076
-14.884755860451598,-4.21455604016573
-14.886272323002949,-4.214572859035106
-14.887788770935302,-4.214589736967302
-14.889305229940247,-4.214606608595956
-14.890821677333246,-4.2146235202650555
-14.892338130517018,-4.214640443495176
-14.893854583161556,-4.21465737180075
-14.895371008568722,-4.214674414940936
-14.896887509802541,-4.214691483636958
-14.898403976528165,-4.2147084947365645
-14.899920444318768,-4.214725542775289
-14.901436914523043,-4.214742615331702
-14.902953380260074,-4.21475973126193
-14.904469873336375,-4.2147768647519435
-14.905986338950461,-4.214794063066873
-14.907502845248919,-4.214811262252293
-14.909019365827945,-4.214828387884489
-14.910535848793728,-4.214845512393985
-14.912052328727913,-4.2148626653078045
-14.9135687902044,-4.214879851775867
-14.915085278431013,-4.214897089808455
-14.916601759801711,-4.2149144267234915
-14.918118264955623,-4.214931753432692
-14.919634753773462,-4.214949121966588
-14.92115128886141,-4.21496646167591
-14.922667807110846,-4.214983770862717
-14.924184292460573,-4.215001178371971
-14.92570081479588,-4.215018624404937
-14.927217351755615,-4.215036056638103
-14.92873387498837,-4.215053421926534
-14.93025035536516,-4.215070798384864
-14.931766858633368,-4.21508823744842
-14.933283383106842,-4.215105709225252
-14.934799891625731,-4.215123283059502
-14.936316435430298,-4.215140851403014
-14.937832984922716,-4.215158329635635
-14.939349474473703,-4.215175926666701
-14.94086603565298,-4.215193552654434
-14.942382579218464,-4.215211097371025
-14.943899107655996,-4.215228692857581
-14.945415631880351,-4.215246318214363
-14.946932160546442,-4.215263953563004
-14.948448682355401,-4.215281615997476
-14.94996522730665,-4.21529930880183
-14.951481761295524,-4.21531707736651
-14.952998313909452,-4.215334874299098
-14.954514885846883,-4.215352624514454
-14.956031443781407,-4.215370306286765
-14.957547962875918,-4.21538796365559
-14.959064475545693,-4.215405747643752
-14.960581044058703,-4.2154235172355445
-14.962097554518532,-4.215441388259144
-14.963614118587401,-4.215459340407746
-14.965130691546177,-4.215477263551579
-14.966647272338049,-4.2154951635075575
-14.968163839587895,-4.2155130099953855
-14.96968036327932,-4.215530881314425
-14.971196927298958,-4.215548734689682
-14.972713443115406,-4.215566729648162
-14.974230021706443,-4.215584822051402
-14.975746608550585,-4.215602820292729
-14.977263164266711,-4.215620754918745
-14.978779693736541,-4.215638796045871
-14.980296291255797,-4.215656895435002
-14.981812858547872,-4.215675034414833
-14.983329455551456,-4.215693184431322
-14.984846056233696,-4.215711234017103
-14.98636260641051,-4.215729323866611
-14.9878791914639,-4.215747469914091
-14.989395771613003,-4.2157656020593155
-14.990912337189577,-4.215783786763758
-14.992428923225752,-4.215802041371394
-14.993945530532311,-4.2158202792012425
-14.995462094582651,-4.215838427444264
-14.996978637789784,-4.215856661369458
-14.99849526764446,-4.21587496988924
-15.000011838884436,-4.2158933087767485
-15.001528444595332,-4.215911708262006
-15.00304508583839,-4.2159300565660285
-15.004561689309492,-4.215948395882137
-15.00607825584253,-4.215966779631961
-15.007594861572317,-4.215985213951795
-15.009111498558841,-4.216003638022698
-15.010628086232197,-4.21602210914116
-15.01214471565567,-4.216040618843981
-15.013661343619344,-4.216059088220278
-15.01517794729799,-4.216077648186463
-15.016694600511483,-4.216096158706805
-15.018211203091477,-4.216114683133565
-15.019727825845605,-4.2161332564136575
-15.021244474652887,-4.216151797770655
-15.022761077870378,-4.216170360950716
-15.024277688481043,-4.216189066750457
-15.025794363012336,-4.21620775213541
-15.02731100980467,-4.216226356022698
-15.02882762508415,-4.2162449819609895
-15.030344264803468,-4.216263645360807
-15.031860896236031,-4.21628241562693
-15.033377573501832,-4.216301115334889
-15.03489419015587,-4.216319882028457
-15.03641085494529,-4.216338632072893
-15.037927478922073,-4.216357484965743
-15.039444142251615,-4.216376376852902
-15.040960828184957,-4.216395128278539
-15.042477436624683,-4.216413976898499
-15.043994118373767,-4.2164328729153695
-15.045510782197054,-4.2164517377982635
-15.047027446708563,-4.21647066212137
-15.04854410721485,-4.216489623002659
-15.050060785595566,-4.216508632446532
-15.051577491009411,-4.2165275488427305
-15.053094142181033,-4.216546516009985
-15.054610826689913,-4.216565550649495
-15.056127508104847,-4.21658453960939
-15.057644165650728,-4.216603617478403
-15.059160862404369,-4.216622638076968
-15.060677519517839,-4.21664169733009
-15.06219422351106,-4.216660830400771
-15.063710933837942,-4.216679907104674
-15.065227583752355,-4.216699082760979
-15.066744296037095,-4.216718260411903
-15.068261000674761,-4.216737380672954
-15.069777677915344,-4.216756545382288
-15.071294374587403,-4.216775659573524
-15.072811032021269,-4.216794811329657
-15.074327696353627,-4.216814054269783
-15.075844417739166,-4.216833295574313
-15.077361095089868,-4.216852599330815
-15.078877802536779,-4.2168719417469624
-15.080394509765918,-4.216891182288412
-15.081911178212875,-4.216910398087746
-15.083427841004752,-4.216929781582627
-15.084944582166093,-4.216949227207567
-15.086461301729926,-4.2169686095321515
-15.087977986388966,-4.2169880452698925
-15.089494698636617,-4.217007547214931
-15.091011458805404,-4.217027009403556
-15.09252815903948,-4.217046490710558
-15.0940448727475,-4.217066095974059
-15.095561638496761,-4.217085629912638
-15.097078341863492,-4.217105093572387
-15.098595081501621,-4.217124502803159
-15.100111767455173,-4.217144065015855
-15.101628523776858,-4.217163717717491
-15.103145272213691,-4.217183259051908
-15.104661967196026,-4.217202807635846
-15.106178680315532,-4.217222441248475
-15.107695444455258,-4.217242030171618
-15.10921214235963,-4.217261670323012
-15.110728882952339,-4.217281378826157
-15.112245634645737,-4.217301066987481
-15.113762366946107,-4.217320742744914
-15.115279081855155,-4.217340392799353
-15.116795787409485,-4.2173601057778205
-15.118312528927827,-4.217379915140206
-15.119829302445657,-4.217399713245189
-15.121346024768378,-4.217419569040409
-15.12286279445128,-4.217439469101941
-15.124379563731196,-4.217459314703999
-15.125896299225397,-4.217479230445156
-15.127413077329656,-4.217499166137844
-15.128929863280522,-4.21751899981525
-15.130446581353622,-4.217538954870594
-15.13196334071454,-4.217558971306892
-15.133480137431052,-4.217578875925906
-15.134996887625912,-4.217598906507365
-15.136513690116743,-4.217618976780695
-15.138030486920698,-4.217638932964985
-15.139547219502067,-4.217658971369192
-15.141064012032881,-4.217679029215515
-15.142580785783696,-4.217699097039834
-15.144097579405303,-4.217719140884177
-15.145614338162444,-4.2177391991849005
-15.147131117653357,-4.217759258522221
-15.148647889857171,-4.217779320311174
-15.150164630888812,-4.217799471370225
-15.151681415970428,-4.217819633481989
-15.15319820080292,-4.217839781061312
-15.154714944045224,-4.217859938707052
-15.156231704199818,-4.217880142402812
-15.157748476934554,-4.217900461437579
-15.15926526938604,-4.217920798638694
-15.160782088288013,-4.217941070873814
-15.162298868736489,-4.217961315782567
-15.163815621865256,-4.217981701337015
-15.16533245925217,-4.218002120148153
-15.166849260318163,-4.2180224662456665
-15.168366054889171,-4.218042893062649
-15.169882872841296,-4.2180632791228
-15.171399634773138,-4.218083724544589
-15.172916453805463,-4.218104235672221
-15.174433300879556,-4.21812466472286
-15.175950077103739,-4.218145184734714
-15.17746691327279,-4.218165742011216
-15.178983746661006,-4.218186215092469
-15.18050053589931,-4.218206699749636
-15.182017351017684,-4.218227196174824
-15.183534154944596,-4.218247677236394
-15.185050937678067,-4.218268319586901
-15.186567796867145,-4.218289033279886
-15.188084653530897,-4.2183096187989095
-15.189601454307379,-4.218330253788061
-15.19111831277251,-4.218350866127255
-15.192635117138456,-4.218371510415348
-15.194151932876016,-4.2183922256373725
-15.195668763409236,-4.218412945977215
-15.19718560623968,-4.218433702859616
-15.198702432847885,-4.218454562799193
-15.200219305732881,-4.218475382519468
-15.201736190808054,-4.218496124027451
-15.203253008483802,-4.218516996574161
-15.204769885787686,-4.218537895396111
-15.206286769871067,-4.2185586875161105
-15.207803590853906,-4.218579605715763
-15.209320463861992,-4.218600575688617
-15.210837334973785,-4.218621510927156
-15.212354215277065,-4.218642426860461
-15.213871068737486,-4.218663313476047
-15.215387910248605,-4.2186843147124415
-15.216904809679912,-4.218705351128017
-15.218421701032813,-4.218726317290504
-15.219938571801109,-4.21874727274758
-15.221455425558299,-4.218768263133805
-15.222972272151358,-4.218789279417966
-15.224489126915937,-4.218810315455274
-15.226005987130302,-4.218831320529922
-15.227522842880955,-4.218852356674562
-15.229039682387704,-4.218873396833634
-15.230556515608441,-4.21889456716864
-15.232073423092395,-4.218915816704534
-15.233590327173877,-4.218936964104417
-15.23510716912668,-4.218958222345772
-15.236624075085464,-4.218979540083444
-15.238140980240123,-4.219000747876309
-15.239657841381971,-4.219021965641812
-15.241174714783758,-4.2190432829992695
-15.242691620617919,-4.2190646049688
-15.244208533757106,-4.219085893677547
-15.245725410806958,-4.219107292284041
-15.2472423449715,-4.219128700902387
-15.248759261817908,-4.219150040328064
-15.250276155193257,-4.21917137476205
-15.251793033975263,-4.219192805449601
-15.253309958190933,-4.219214298001407
-15.254826890558201,-4.2192357288431825
-15.256343778736223,-4.2192572004496975
-15.257860689178303,-4.219278700846954
-15.259377633984123,-4.219300175829387
-15.260894547087931,-4.219321612941149
-15.262411415650908,-4.21934316920221
-15.263928355283461,-4.219364788263534
-15.265445295848242,-4.2193863412089145
-15.266962202050085,-4.219407873205954
-15.268479100417991,-4.219429485386083
-15.269996030142886,-4.2194511489747395
-15.271512993554525,-4.219472749491729
-15.273029891017186,-4.219494424317409
-15.274546813743935,-4.21951620844327
-15.276063786484386,-4.219537933828052
-15.27758071646285,-4.219559585988288
-15.279097625719876,-4.219581240640567
-15.280614546314096,-4.219602928094464
-15.282131464612608,-4.219624664115076
-15.283648387682364,-4.2196463969312745
-15.28516531228908,-4.219668182575005
-15.28668223845073,-4.219690004316041
-15.288199185603782,-4.219711801124419
-15.289716110159578,-4.219733631135188
-15.291233053352364,-4.219755484530742
-15.29274998242973,-4.219777442215603
-15.294266943215725,-4.219799406311109
-15.295783910286861,-4.21982132786152
-15.297300846385165,-4.219843332001618
-15.29881780817522,-4.219865342556627
-15.300334787217109,-4.219887320207803
-15.301851735274811,-4.219909251126697
-15.303368683740649,-4.219931197874024
-15.30488561965341,-4.21995323013958
-15.306402602126788,-4.219975250311013
-15.307919524076311,-4.219997363312956
-15.309436518596852,-4.2200195003119
-15.310953473931901,-4.220041638902325
-15.312470450156024,-4.220063813207736
-15.313987451304488,-4.22008593256864
-15.315504418980444,-4.220108026049902
-15.317021356152082,-4.220130250867609
-15.318538360879396,-4.22015254182011
-15.320055357332087,-4.220174725065052
-15.321572306182581,-4.220196861467978
-15.323089260242083,-4.220219092302892
-15.324606235531819,-4.220241406023792
-15.326123245966732,-4.220263694031305
-15.327640205283856,-4.220286009465142
-15.329157177017276,-4.220308396845918
-15.330674189606134,-4.220330723819558
-15.332191159785685,-4.220353068978558
-15.333708146007814,-4.220375482513179
-15.335225157035392,-4.220397867984957
-15.336742146676556,-4.220420227687935
-15.33825913373137,-4.220442579666228
-15.339776088709302,-4.2204650156248045
-15.341293096659168,-4.2204874852752186
-15.342810084154598,-4.220510006196076
-15.344327094761978,-4.220532576652344
-15.345844109283771,-4.220555072489861
-15.347361102937239,-4.220577522146139
-15.348878080868753,-4.220599984471264
-15.35039505737634,-4.220622480681978
-15.351912030108709,-4.220645054365117
-15.353429023434275,-4.220667738406928
-15.354946059590427,-4.220690416256235
-15.35646305056562,-4.220713046301301
-15.35798005090582,-4.220735674684967
-15.35949705525435,-4.220758361159726
-15.361014074943322,-4.220781042647321
-15.362531089240074,-4.22080370311837
-15.364048073584405,-4.220826354046798
-15.36556506112966,-4.22084904815647
-15.367082076500095,-4.220871786843862
-15.368599079396434,-4.220894522208985
-15.370116080386317,-4.22091725759219
-15.37163307835013,-4.220940026017313
-15.373150075645546,-4.220962806908138
-15.37466708096624,-4.220985660703432
-15.37618408568762,-4.221008553401135
-15.377701090627207,-4.221031462638722
-15.379218115762061,-4.221054428539996
-15.380735181922532,-4.221077402256791
-15.382252195945913,-4.221100370926376
-15.383769231808735,-4.221123368865214
-15.385286291135511,-4.2211463435677326
-15.386803323441148,-4.221169416744632
-15.388320407914227,-4.221192486726082
-15.389837485308544,-4.22121547949934
-15.391354519767368,-4.221238471986203
-15.39287153991051,-4.221261563723304
-15.394388614891723,-4.221284685561378
-15.395905681147285,-4.221307737617343
-15.397422711575695,-4.221330809211821
-15.398939755571831,-4.221353925930509
-15.400456793094486,-4.221377062836193
-15.401973822353561,-4.221400238887522
-15.403490874165064,-4.22142342961755
-15.405007948618227,-4.2214466377877145
-15.406524998187267,-4.221469953081284
-15.408042082976586,-4.221493241463414
-15.409559166546666,-4.221516459332465
-15.411076199741784,-4.2215396793742626
-15.412593265146448,-4.221562912856305
-15.4141103012041,-4.221586184014581
-15.41562735756313,-4.221609445657092
-15.417144382105306,-4.221632792792007
-15.418661437948053,-4.221656164398361
-15.420178511333832,-4.221679561019681
-15.421695593746254,-4.221702972039678
-15.423212660642111,-4.221726356985791
-15.424729728136159,-4.221749731786736
-15.426246777431007,-4.22177313608878
-15.42776385579314,-4.22179654652233
-15.42928090158449,-4.221819945460242
-15.43079793345256,-4.22184342919021
-15.432315002004096,-4.22186697715589
-15.433832072556896,-4.221890517310445
-15.435349130548632,-4.221914128646283
-15.436866228466053,-4.221937671829491
-15.438383299883808,-4.221961225948592
-15.439900397461509,-4.2219847976770435
-15.44141743657809,-4.222008437559384
-15.442934534737173,-4.222032086061855
-15.444451648310212,-4.222055704181541
-15.445968706641851,-4.222079387701087
-15.447485786297426,-4.2221031118651
-15.449002907143752,-4.222126821411359
-15.450519979995557,-4.222150520244647
-15.452037081710756,-4.222174180585458
-15.453554148584274,-4.22219785749789
-15.455071208301106,-4.222221648707741
-15.45658831159339,-4.22224546321181
-15.458105417225505,-4.222269246520824
-15.459622499288853,-4.2222930503604115
-15.461139577592935,-4.222316827418411
-15.462656647386943,-4.22234068293827
-15.464173764004931,-4.222364599540552
-15.465690878658457,-4.222388453112399
-15.4672079533887,-4.222412380637729
-15.468725069323957,-4.222436327318562
-15.470242174536896,-4.2224602478792725
-15.471759267742398,-4.222484231790691
-15.47327638431064,-4.222508190681925
-15.474793488275534,-4.222532145663553
-15.476310561834111,-4.2225561675301355
-15.477827678962013,-4.222580232430317
-15.479344799984997,-4.222604325015499
-15.480861939146182,-4.222628425262084
-15.48237905755924,-4.222652475615514
-15.483896151736126,-4.222676588169218
-15.48541326732424,-4.222700719313081
-15.486930407774317,-4.222724852047529
-15.488447545189981,-4.222748988420875
-15.48996465065906,-4.222773094163927
-15.491481763443831,-4.222797233432706
-15.492998901410072,-4.222821406957497
-15.494516004952274,-4.222845600952764
-15.496033124430033,-4.222869811352262
-15.497550259913343,-4.222894018435705
-15.49906735927098,-4.222918219056364
-15.500584463697894,-4.222942472134457
-15.502101599357376,-4.222966761199654
-15.503618716114186,-4.22299104512561
-15.505135825268585,-4.223015394289583
-15.50665296472809,-4.22303977263623
-15.508170112522544,-4.2230641381447604
-15.509687228453334,-4.223088484484614
-15.51120435516631,-4.223112829162387
-15.512721463068129,-4.223137261446115
-15.51423858986369,-4.2231617467303355
-15.515755752191474,-4.223186228416356
-15.517272875393008,-4.223210690824785
-15.518790018764305,-4.223235103474016
-15.520307154461362,-4.223259561429506
-15.52182428881399,-4.223284102664103
-15.523341451217785,-4.22330865018026
-15.524858584158064,-4.223333169716534
-15.526375707339582,-4.223357734052905
-15.527892862834161,-4.223382359313936
-15.529410025926406,-4.223406961170647
-15.530927152939316,-4.223431531052731
-15.53244429793633,-4.223456092945849
-15.533961418088815,-4.2234807783383745
-15.535478584823762,-4.223505458069926
-15.536995718870596,-4.223530172239824
-15.538512858285618,-4.223554962827917
-15.540030055659281,-4.223579742432909
-15.541547233975045,-4.223604484423084
-15.543064373591637,-4.223629198351246
-15.544581533140107,-4.22365388843067
-15.54609868401487,-4.2236786461385405
-15.547615816950792,-4.2237034134239435
-15.549132974468371,-4.22372817617865
-15.550650128401111,-4.223752999240437
-15.552167274735561,-4.22377789198999
-15.553684439913624,-4.223802834879781
-15.555201630710535,-4.2238277418762085
-15.556718784621731,-4.223852666902706
-15.55823596295533,-4.223877568377692
-15.559753124702874,-4.223902525267887
-15.561270310238005,-4.223927552939032
-15.562787520693684,-4.223952566323068
-15.564304708317765,-4.223977535871766
-15.565821869844061,-4.224002483986203
-15.567339040117004,-4.224027474275873
-15.568856202164172,-4.224052548520855
-15.57037338427795,-4.224077673839302
-15.571890596907226,-4.224102780457482
-15.573407769929384,-4.224127949558581
-15.574924988005273,-4.224153113285533
-15.576442201748108,-4.224178235690779
-15.577959399975855,-4.22420333975131
-15.579476587697023,-4.224228457014529
-15.58099376535965,-4.224253595512561
-15.582510938528712,-4.224278793518817
-15.584028128465583,-4.2243040550272655
-15.585545359375558,-4.224329352394682
-15.58706255105421,-4.224354665024173
-15.588579763040842,-4.224379941633396
-15.590096994216703,-4.224405188500043
-15.591614190611848,-4.224430457531529
-15.593131389344157,-4.2244556884552
-15.594648581135436,-4.224480972393234
-15.596165765671484,-4.224506374146434
-15.597682986417722,-4.224531771202569
-15.599200193012061,-4.224557164109861
-15.600717403471599,-4.2245825556986185
-15.602234596986925,-4.224607906801335
-15.603751772389451,-4.224633341466773
-15.605269000320245,-4.22465885309915
-15.606786231322488,-4.224684300518265
-15.608303418250467,-4.224709804189508
-15.609820638989223,-4.224735451858525
-15.6113378683845,-4.224761809997931
-15.612855143737619,-4.22479211102963
-15.614372607635302,-4.224828691390457
-15.615890339708542,-4.224873642022819
-15.617408762440148,-4.22492746068565
-15.618927690666705,-4.2249813458432595
-15.620447084148356,-4.225035145588721
-15.621966890949762,-4.225088958960699
-15.623487054809582,-4.225142772126174
-15.625007546852302,-4.22519656140677
-15.626528292062291,-4.225250329827921
-15.628049232489525,-4.2253040963769894
-15.629570396420599,-4.225357846717768
-15.63109170361076,-4.2254115943083335
-15.632613195962051,-4.225465320750305
-15.63413480257193,-4.2255190386169
-15.635656507015497,-4.225572738860489
-15.637178339099451,-4.22562640985059
-15.638700208021048,-4.225680101741389
-15.640222181788603,-4.225733743253684
-15.641744202279126,-4.225787384253758
-15.643266271529669,-4.2258410063838445
-15.644788385115199,-4.2258946336226515
-15.646310577065854,-4.225948227351456
-15.647832765438565,-4.226001815503457
-15.649354990775379,-4.226055370235179
-15.650877244079744,-4.226108919771235
-15.652399509201,-4.226162477699373
-15.65392183239234,-4.226215997923074
-15.655444136619138,-4.22626951496848
-15.656966466685784,-4.226323015303087
-15.658488830049707,-4.226376489982364
-15.660011185196279,-4.2264299468121465
-15.661533528118177,-4.226483409761423
-15.66305591546418,-4.226536836517586
-15.664578276286885,-4.226590261138795
-15.666100657587126,-4.2266436738208855
-15.667623048734088,-4.226697075481852
-15.669145465937133,-4.226750448798379
-15.67066786901596,-4.226803802877868
-15.67219025972211,-4.226857145327455
-15.673712658779962,-4.226910499403238
-15.675235087335295,-4.2269638201102255
-15.676757515621143,-4.227017112874361
-15.678279920523075,-4.227070399711832
-15.67980233152749,-4.227123667587879
-15.681324741053096,-4.227176936805675
-15.682847181797555,-4.227230179701072
-15.684369590911473,-4.227283415915956
-15.685892036157359,-4.227336624374584
-15.687414445523798,-4.227389852546133
-15.68893688822954,-4.227443039558686
-15.690459329306675,-4.227496198360819
-15.691981743096687,-4.227549357949767
-15.693504165667626,-4.227602493343485
-15.695026616615287,-4.227655609570197
-15.696549018085559,-4.227708728509066
-15.698071474385674,-4.2277618128147
-15.699593891926192,-4.227814923838166
-15.701116347066376,-4.227867997217127
-15.702638799036173,-4.227921038722774
-15.704161208934154,-4.227974096446182
-15.705683660298202,-4.228027115444571
-15.707206107670936,-4.228080114540872
-15.708728536465953,-4.228133126712356
-15.710250995059424,-4.228186095702966
-15.711773422952854,-4.228239074565236
-15.713295882365838,-4.2282920165520945
-15.71481831852789,-4.228344969138418
-15.716340778368416,-4.228397882137969
-15.71786320572817,-4.228450813363529
-15.719385660933545,-4.2285037020797205
-15.720908127899987,-4.228556569946232
-15.72243054994164,-4.228609446374762
-15.723953014111304,-4.228662290065243
-15.7254754525754,-4.228715128269463
-15.726997893216556,-4.228767944688397
-15.72852036675112,-4.228820743538901
-15.73004281016725,-4.228873538768569
-15.731565257254065,-4.228926311317163
-15.733087730680904,-4.228979060955028
-15.734610169073036,-4.229031810334624
-15.736132623602865,-4.229084542865602
-15.737655073868781,-4.229137263383367
-15.739177557930905,-4.229189962330607
-15.740700033253548,-4.229242640625312
-15.742222478417466,-4.229295317666563
-15.74374494030639,-4.229347981631929
-15.7452674043721,-4.229400629900056
-15.746789889510211,-4.229453255135765
-15.748312365895819,-4.229505856414528
-15.749834818883183,-4.229558453510703
-15.751357275007706,-4.229611057872092
-15.75287976033374,-4.2296636295435714
-15.754402241998676,-4.229716179224311
-15.755924704901643,-4.229768719685264
-15.75744718615596,-4.2298212337599495
-15.758969638738725,-4.229873739148452
-15.760492098552797,-4.229926251239392
-15.762014583039353,-4.2299787302240315
-15.763537077356451,-4.230031190969604
-15.765059529671648,-4.230083661584598
-15.766582012221212,-4.230136092791972
-15.768104502888894,-4.230188505819304
-15.769626968114345,-4.2302409172879845
-15.771149440482938,-4.23029332305803
-15.77267194205666,-4.2303456996662545
-15.774194440485667,-4.2303980618008
-15.775716898701816,-4.230450404439907
-15.777239362719245,-4.230502753326339
-15.778761872951307,-4.230555087215944
-15.780284370934199,-4.230607388874055
-15.781806828811568,-4.230659692058693
-15.78332932898904,-4.230711953427973
-15.784851797856884,-4.230764235089133
-15.786374296311118,-4.230816482323226
-15.78789679848378,-4.23086870331751
-15.789419267229643,-4.230920932662524
-15.790941769955959,-4.230973124208771
-15.792464246089079,-4.231025326541372
-15.793986755230007,-4.23107748596722
-15.795509226225525,-4.231129664656725
-15.797031734405556,-4.231181800634933
-15.798554213654821,-4.231233937084321
-15.800076719860527,-4.231286043906675
-15.80159920340924,-4.231338155547782
-15.803121709992935,-4.231390232332755
-15.804644199857766,-4.231442316763638
-15.806166718371422,-4.231494367730806
-15.807689211521774,-4.231546419486078
-15.809211723313245,-4.231598446232344
-15.810734225373569,-4.231650437340223
-15.81225671652625,-4.231702445104248
-15.813779221754213,-4.231754423684537
-15.815301725669974,-4.231806385542097
-15.81682422908188,-4.2318583326949595
-15.818346719672533,-4.231910282112316
-15.81986924198784,-4.231962206611195
-15.821391764972153,-4.232014106785674
-15.822914258089174,-4.232066003990515
-15.82443674196204,-4.232117900060715
-15.825959267978742,-4.232169778054402
-15.827481795372186,-4.232221619595951
-15.82900428630271,-4.232273470378244
-15.830526807126168,-4.232325294269947
-15.832049330249422,-4.232377088988128
-15.83357184023431,-4.2324288915987385
-15.835094357060175,-4.2324806778522195
-15.836616896629797,-4.232532437866905
-15.838139408578321,-4.232584183385927
-15.839661913708957,-4.232635914616082
-15.841184432681382,-4.2326876374713995
-15.842706949976064,-4.232739353578146
-15.844229487846023,-4.23279104596625
-15.845752027862861,-4.232842713548563
-15.847274534260807,-4.23289437359329
-15.84879705082757,-4.232946025921921
-15.850319590932546,-4.23299764667932
-15.851842098649984,-4.233049278498099
-15.853364642307458,-4.233100880237636
-15.85488716320601,-4.233152476813383
-15.856409677099688,-4.233204048207504
-15.85793222296567,-4.23325559528982
-15.85945473607374,-4.233307153521474
-15.860977285450986,-4.233358669939798
-15.862499790405653,-4.233410206285348
-15.86402233624101,-4.233461705036807
-15.865544869378109,-4.233513178315435
-15.867067390964886,-4.2335646424367175
-15.868589914051999,-4.233616114181832
-15.87011246817121,-4.233667569264838
-15.871635007064492,-4.233718971810601
-15.873157518969673,-4.233770405614332
-15.874680064491157,-4.233821789133386
-15.876202579010176,-4.233873191769185
-15.877725128226434,-4.233924552088238
-15.879247660392183,-4.233975917066065
-15.880770186619012,-4.234027254806317
-15.882292749533637,-4.234078565567353
-15.883815282448595,-4.2341298859181435
-15.885337814145625,-4.234181185578999
-15.88686037978014,-4.234232458323547
-15.888382898756866,-4.234283746516192
-15.88990545153682,-4.2343349962852965
-15.891428013444504,-4.234386224548353
-15.89295053865495,-4.234437457312843
-15.894473100264431,-4.234488641088002
-15.895995627773754,-4.234539858136022
-15.897518187416242,-4.234591039214716
-15.899040755081904,-4.23464219157266
-15.900563296024297,-4.234693338642115
-15.902085827158452,-4.234744487164411
-15.903608401382435,-4.234795600213071
-15.905130963471276,-4.234846700445915
-15.9066535079467,-4.234897780721405
-15.908176056186377,-4.234948870727666
-15.909698617255641,-4.2349999389878406
-15.911221185316844,-4.235050976223984
-15.912743731353244,-4.2351020122774985
-15.914266282909567,-4.23515303618062
-15.9157888651419,-4.235204031805208
-15.917311415642448,-4.235255026846986
-15.91883397671329,-4.235306001092079
-15.920356558027967,-4.2353569405942775
-15.921879098114045,-4.235407906397535
-15.923401673840761,-4.235458815996234
-15.924924220947007,-4.235509741407492
-15.926446791912495,-4.235560647868955
-15.927969377762443,-4.235611525837734
-15.929491930482644,-4.235662415172963
-15.931014510636683,-4.235713269155366
-15.932537088986875,-4.235764105449492
-15.93405963285251,-4.235814936529977
-15.935582229040685,-4.235865736731061
-15.9371047821264,-4.235916547044296
-15.93862737413934,-4.235967329118301
-15.940149951761642,-4.236018080344871
-15.941672500570581,-4.236068845831763
-15.943195092986006,-4.236119568561339
-15.944717651667627,-4.236170296939006
-15.946240231983573,-4.236220987152979
-15.947762802180959,-4.236271674818482
-15.949285386966428,-4.236322349502791
-15.95080795815429,-4.236373007751836
-15.952330516542268,-4.236423668720059
-15.953853114298695,-4.236474297625619
-15.955375702117257,-4.236524900367937
-15.956898261050817,-4.236575504462997
-15.95842082889218,-4.236626105520222
-15.959943433762158,-4.236676672217915
-15.961466000255847,-4.236727240801616
-15.962988597393288,-4.236777771956953
-15.964511166141289,-4.236828314401655
-15.966033773798621,-4.236878832433111
-15.967556363359572,-4.236929326145113
-15.96907893248948,-4.236979796718819
-15.970601512468967,-4.23703028491746
-15.972124116377413,-4.237080753712978
-15.97364672173934,-4.237131192811127
-15.975169305160527,-4.237181620627183
-15.97669187634473,-4.237232053325689
-15.978214493234194,-4.237282451915416
-15.979737098208204,-4.23733282882314
-15.981259663437148,-4.237383208441344
-15.98278228533636,-4.237433548595547
-15.984304871424449,-4.237483899614282
-15.985827475186493,-4.237534219635488
-15.987350074643588,-4.2375845125108125
-15.98887265470932,-4.237634792651919
-15.990395233004731,-4.2376850887258035
-15.991917854179789,-4.237735346193289
-15.99344045218043,-4.23778560407065
-15.994963046419373,-4.237835815755367
-15.996485628493492,-4.237886026789891
-15.998008217983232,-4.237936245642051
-15.999530847533483,-4.2379864280655655
-16.001053430229994,-4.238036632252832
-16.00257605129712,-4.238086797217919
-16.004098668104078,-4.238136933835984
-16.00562124526616,-4.238187081068898
-16.007143862577113,-4.238237191405069
-16.0086664782894,-4.238287286698904
-16.010189077554074,-4.238337365784088
-16.01171167495346,-4.238387448022002
-16.01323430959915,-4.238437497864189
-16.014756902532625,-4.238487559115478
-16.01627953825919,-4.238537589902822
-16.017802153439966,-4.238587605524114
-16.019324747426033,-4.23863762537567
-16.020847377175368,-4.23868761496556
-16.022370012274212,-4.238737569589302
-16.02389260704253,-4.238787548272152
-16.025415243631194,-4.238837479455589
-16.026937842382885,-4.23888742824134
-16.028460477987814,-4.2389373388303975
-16.0299830899852,-4.238987251219696
-16.031505710919287,-4.239037145515758
-16.033028351993412,-4.2390870057895205
-16.03455095892344,-4.239136881212849
-16.036073598971186,-4.239186723584901
-16.037596236134096,-4.239236533330571
-16.039118835033268,-4.239286366223442
-16.04064147601243,-4.239336145624553
-16.042164082248263,-4.2393859518205215
-16.04368672321468,-4.239435725213276
-16.04520936886687,-4.239485464529261
-16.046731973286125,-4.239535228914912
-16.04825461829942,-4.2395849549163716
-16.049777263706947,-4.239634648456316
-16.051299872503446,-4.2396843535124775
-16.052822503842492,-4.239734036300019
-16.054345149058275,-4.239783685631724
-16.05586776346455,-4.239833346355811
-16.057390418604676,-4.2398829732017385
-16.058913061704473,-4.239932591157393
-16.06043568853949,-4.239982189281308
-16.061958311235667,-4.240031799516758
-16.063480969234476,-4.240081371461236
-16.065003607644424,-4.240130944470431
-16.066526237374372,-4.240180498232453
-16.06804886950399,-4.240230036289051
-16.069571530768084,-4.240279544060103
-16.07109416225909,-4.240329055264336
-16.072616816603915,-4.240378520417028
-16.07413943557578,-4.240428024205057
-16.075662095912495,-4.240477492312882
-16.07718476168897,-4.240526929844624
-16.078707405127144,-4.240576354838248
-16.080230025326,-4.240625770327473
-16.081752681979815,-4.240675149707153
-16.08327531277169,-4.240724523592442
-16.084797940100827,-4.240773909576228
-16.08632060776131,-4.240823259568063
-16.087843267439542,-4.2408725903738045
-16.089365900761038,-4.240921915862236
-16.090888545282784,-4.240971225941263
-16.092411187236728,-4.241020539748999
-16.093933854664975,-4.241069809879425
-16.095456515786427,-4.241119070498819
-16.096979155726622,-4.241168329802508
-16.09850181572755,-4.2412175612367635
-16.100024476553678,-4.24126677112236
-16.101547105733957,-4.24131600393599
-16.103069788030588,-4.241365198161291
-16.104592442816937,-4.241414382265728
-16.106115099902006,-4.241463543611991
-16.107637784478552,-4.241512686271426
-16.10916042761024,-4.241561841039587
-16.110683102831825,-4.241610951353196
-16.11220575317478,-4.241660052680227
-16.113728406514554,-4.2417091513939775
-16.115251069399743,-4.241758229315452
-16.116773746538087,-4.241807275709305
-16.118296388084737,-4.241856342120852
-16.119819080825287,-4.241905369698429
-16.121341772090624,-4.241954385165824
-16.122864416278524,-4.242003403966172
-16.12438710057052,-4.242052366675522
-16.125909754177567,-4.242101366651131
-16.127432445282427,-4.242150313584353
-16.128955117165802,-4.2421992546136424
-16.130477774609215,-4.242248192868895
-16.132000466161255,-4.24229710238079
-16.133523142317404,-4.242345997617829
-16.135045798241208,-4.242394894201906
-16.136568492848234,-4.242443748089636
-16.138091152584376,-4.242492608599841
-16.139613839460722,-4.242541443571094
-16.141136507933577,-4.2425902762416
-16.142659193120046,-4.242639095382133
-16.144181894599996,-4.242687880064011
-16.1457045656826,-4.242736669468896
-16.147227239458086,-4.242785429744468
-16.148749949206906,-4.242834177312491
-16.15027262037212,-4.24288294508664
-16.15179531669669,-4.24293166010982
-16.15331801120572,-4.242980353572003
-16.15484067282304,-4.243029064521944
-16.156363369877553,-4.243077714608828
-16.157886045266977,-4.243126382627067
-16.15940871909049,-4.243175050641854
-16.160931431557074,-4.243223690953704
-16.162454134955972,-4.243272301884171
-16.163976799948415,-4.243320917261593
-16.165499522581644,-4.2433694874898755
-16.16702221726275,-4.243418078705204
-16.168544924996784,-4.243466611302449
-16.17006760951528,-4.243515185671653
-16.17159032837454,-4.24356371600286
-16.173113036794152,-4.24361222626831
-16.174635714982323,-4.243660739807651
-16.176158440034364,-4.243709195377696
-16.177681119797043,-4.24375767622165
-16.1792038414665,-4.243806117538093
-16.18072653867028,-4.2438545772219
-16.18224926627652,-4.243902985565665
-16.18377194662619,-4.2439514202321815
-16.185294673868174,-4.243999800097294
-16.186817399548847,-4.244048165305587
-16.188340084492292,-4.244096546040889
-16.18986281129268,-4.244144854286579
-16.191385517978468,-4.244193188941287
-16.192908232109247,-4.244241511974242
-16.1944309393685,-4.244289800066693
-16.195953676313483,-4.244338079530184
-16.19747637090775,-4.244386375878858
-16.19899910467626,-4.2444346335228715
-16.200521834086306,-4.244482872986116
-16.20204454167703,-4.244531122898377
-16.203567282770482,-4.2445792966778795
-16.205089993138404,-4.244627539529449
-16.206612713513515,-4.244675665552062
-16.208135422245686,-4.244723862750712
-16.209658165231573,-4.244771978391689
-16.211180854219652,-4.244820123428186
-16.21270358907381,-4.244868244259069
-16.21422632861676,-4.244916333645483
-16.21574903826241,-4.244964461193869
-16.217271777250684,-4.245012519655057
-16.218794500516594,-4.245060578223421
-16.220317222058696,-4.245108596705812
-16.221839947047403,-4.245156621013167
-16.223362652194236,-4.245204673365368
-16.224885400116417,-4.2452526774441
-16.226408146246296,-4.245300625091458
-16.227930870889654,-4.245348603707281
-16.229453592043736,-4.245396539773423
-16.23097631569284,-4.24544449364877
-16.232499073081367,-4.245492426746814
-16.234021821833508,-4.245540300127618
-16.235544553444967,-4.245588174797694
-16.237067274198818,-4.245636027143277
-16.238589996921714,-4.245683892642367
-16.240112754560208,-4.2457317247243225
-16.241635482629952,-4.245779553274031
-16.24315822453938,-4.2458273646006015
-16.244680988706563,-4.2458751342505465
-16.246203726088584,-4.245922923314636
-16.24772646760963,-4.2459706881408685
-16.249249233814627,-4.246018407752955
-16.250771963352516,-4.246066177366602
-16.252294729256562,-4.246113893183549
-16.253817488480024,-4.246161591703628
-16.25534022154025,-4.246209298694424
-16.256862993146168,-4.246256936610546
-16.258385734596253,-4.246304623514996
-16.259908475159087,-4.246352252752358
-16.261431250202296,-4.246399884492688
-16.262954016817783,-4.246447491848063
-16.264476753243734,-4.2464950872910725
-16.265999529419275,-4.246542649110315
-16.267522265929532,-4.2465902595287925
-16.269045027756096,-4.246637785203035
-16.270567791269183,-4.24668532654871
-16.27209052646642,-4.246732861228069
-16.27361329953412,-4.246780368921837
-16.275136074053105,-4.24682784147251
-16.27665880496688,-4.246875351662075
-16.278181570859168,-4.246922776437433
-16.279704351936793,-4.246970220885766
-16.281227101850302,-4.24701768782586
-16.28274987628455,-4.2470650871571625
-16.284272642554964,-4.247112448861125
-16.28579540395893,-4.24715981422379
-16.287318144536304,-4.247207198444878
-16.28884091993976,-4.247254520233296
-16.290363709104817,-4.247301861882731
-16.29188647358521,-4.247349189903481
-16.293409250508983,-4.2473964623231675
-16.294932016186543,-4.247443758654221
-16.296454757528988,-4.247491042673943
-16.29797754629973,-4.247538294300951
-16.299500324192397,-4.24758551111362
-16.30102307577061,-4.247632738721793
-16.302545869051567,-4.247679940466842
-16.304068629954905,-4.2477271618134855
-16.30559142741446,-4.247774323379263
-16.307114190254758,-4.2478215079153365
-16.30863697544528,-4.2478686681952835
-16.310159775306047,-4.247915782090205
-16.311682540862293,-4.247962929581799
-16.313205313978855,-4.248010028172181
-16.31472811479967,-4.248057103088188
-16.31625090731754,-4.2481041444813545
-16.317773685056896,-4.248151189286019
-16.319296446404703,-4.24819823702285
-16.320819245573688,-4.248245247413274
-16.32234204118995,-4.248292259502419
-16.323864813894936,-4.248339263324983
-16.325387604964654,-4.248386194221851
-16.32691038076287,-4.248433171045643
-16.328433165182346,-4.248480123403042
-16.329955946175946,-4.248527060371666
-16.331478741389056,-4.248573982169002
-16.333001548064658,-4.248620862038738
-16.334524305207168,-4.248667768403834
-16.336047123566527,-4.2487146126886035
-16.337569892989308,-4.248761463200101
-16.339092696818373,-4.248808306139166
-16.34061551423306,-4.248855107834186
-16.342138292141257,-4.248901957379206
-16.343661089539882,-4.248948704410828
-16.345183867017063,-4.24899550071642
-16.3467066771391,-4.249042228258018
-16.348229450036524,-4.249088936216815
-16.349752226349437,-4.249135672796749
-16.351275041806538,-4.249182359348942
-16.352797812465784,-4.249229064437884
-16.35432061022343,-4.249275737226888
-16.35584341331655,-4.249322416699726
-16.357366192764133,-4.2493690834082605
-16.358889009824427,-4.249415717142697
-16.360411817664325,-4.249462330929242
-16.3619346037512,-4.249508972654045
-16.36345742837133,-4.249555550068376
-16.364980246026516,-4.249602111606171
-16.366503032164008,-4.249648631953013
-16.368025834912675,-4.249695158177086
-16.369548619616584,-4.249741704228313
-16.37107144268382,-4.249788197454131
-16.37259423010722,-4.249834739128279
-16.37411705534735,-4.24988122601222
-16.37563988193482,-4.249927695026341
-16.37716268550928,-4.2499741377226385
-16.378685485158734,-4.2500205651289455
-16.38020829038652,-4.250067006507915
-16.381731108848832,-4.250113419818104
-16.383253928055698,-4.250159817722471
-16.384776760925345,-4.25020619167103
-16.386299571960105,-4.25025256714901
-16.387822393603287,-4.250298863203695
-16.38934519613299,-4.250345206466198
-16.390867999683486,-4.250391543451447
-16.39239084123534,-4.250437849783359
-16.393913667050626,-4.25048414791978
-16.395436495659954,-4.25053038111667
-16.39695930695367,-4.2505766208255125
-16.39848209993645,-4.250622853892278
-16.400004945293436,-4.250669056972991
-16.401527755121496,-4.250715280007388
-16.403050584740438,-4.250761462027573
-16.404573433827245,-4.2508076315903045
-16.40609624201222,-4.2508538153607764
-16.40761906346571,-4.250899967543174
-16.409141914503117,-4.250946084575693
-16.410664749413975,-4.250992176717099
-16.412187566959105,-4.251038291939151
-16.41371039878973,-4.251084314827866
-16.4152332218346,-4.251130371963696
-16.41675602907225,-4.251176438301938
-16.418278862931572,-4.251222474105569
-16.419801728811844,-4.251268495241098
-16.421324568044586,-4.2513145007239626
-16.422847391483124,-4.251360489397299
-16.424370223007404,-4.251406488182314
-16.425893083821702,-4.251452469463422
-16.427415936302076,-4.251498392011395
-16.428938749799872,-4.251544320643927
-16.430461613582533,-4.251590214606267
-16.431984428683982,-4.251636118267401
-16.43350726568922,-4.251681993322671
-16.43503010798894,-4.251727892734861
-16.436552962802537,-4.251773729695207
-16.438075783616252,-4.251819584154689
-16.43959862885097,-4.251865392680042
-16.441121490791208,-4.251911196603106
-16.44264431602305,-4.251957014834431
-16.4441671813543,-4.252002773865267
-16.44569002404191,-4.252048510964767
-16.447212853609003,-4.25209423607387
-16.44873569053816,-4.252139983600144
-16.450258531900815,-4.25218565955635
-16.451781365245953,-4.252231349098513
-16.45330419839694,-4.252277056738754
-16.454827055973293,-4.252322692804968
-16.45634989741108,-4.252368378910995
-16.457872756154313,-4.2524140243290764
-16.45939560853603,-4.252459591530836
-16.4609184165769,-4.252505227023383
-16.46244128463575,-4.2525507838685055
-16.463964117664126,-4.252596367221167
-16.46548699079968,-4.252641908805066
-16.46700984008526,-4.252687475564566
-16.468532698714125,-4.252732967202065
-16.47005554593942,-4.252778469928969
-16.471578388557568,-4.252823996747542
-16.473101263989484,-4.2528694871829185
-16.474624138292263,-4.2529149438072045
-16.47614696884642,-4.252960396165169
-16.477669838386014,-4.253005850846593
-16.479192720661267,-4.2530512584251134
-16.480715561457785,-4.253096634935032
-16.482238416096674,-4.253142035329152
-16.48376126624117,-4.253187432582011
-16.485284145235813,-4.253232804750051
-16.486807027009206,-4.253278133681609
-16.488329866972453,-4.253323476216628
-16.48985273847215,-4.253368777050423
-16.491375621770796,-4.253414087007124
-16.492898468168512,-4.253459397499453
-16.494421356112703,-4.253504641246306
-16.495944202065143,-4.253549916870712
-16.497467077597822,-4.253595139932568
-16.498989947569115,-4.253640317512871
-16.500512804155864,-4.2536855203772665
-16.50203565582179,-4.253730720392532
-16.503558533608192,-4.253775879131422
-16.50508142105536,-4.253821036933365
-16.506604274449437,-4.253866226042119
-16.50812715182047,-4.253911318133075
-16.509650005218177,-4.253956446852565
-16.51117288064706,-4.254001559954135
-16.512695760094573,-4.254046654067296
-16.514218652539483,-4.254091712072607
-16.5157415120619,-4.25413681848033
-16.51726439698499,-4.2541818431675
-16.518787280723238,-4.254226856348649
-16.52031012531836,-4.2542718822938514
-16.521833012602062,-4.254316862238776
-16.52335589207223,-4.254361797393927
-16.524878758898332,-4.254406744664604
-16.52640160435119,-4.254451705192406
-16.52792448277051,-4.254496636514684
-16.529447391921217,-4.254541551588566
-16.53097027931017,-4.254586408950246
-16.532493145623608,-4.254631301488055
-16.534016028077744,-4.2546761353557665
-16.535538901445353,-4.254720976442089
-16.537061773911677,-4.254765846677692
-16.538584670725434,-4.254810640555446
-16.540107540505403,-4.254855468780744
-16.541630430553337,-4.254900241885763
-16.54315333718752,-4.254945017626548
-16.54467620007154,-4.254989802467771
-16.54619909415206,-4.2550345187201
-16.547721966718456,-4.255079288780026
-16.549244854467023,-4.25512396425995
-16.55076772352255,-4.255168688658482
-16.552290628767167,-4.255213337055374
-16.553813500844644,-4.25525804665764
-16.555336398742654,-4.255302663041076
-16.556859273906,-4.255347357008682
-16.55838217261459,-4.255391966542488
-16.55990505577242,-4.255436598322929
-16.56142796036423,-4.255481170974423
-16.562950843888682,-4.255525784181905
-16.564473747608982,-4.255570331805909
-16.565996641964027,-4.25561487190779
-16.567519510026713,-4.255659402674498
-16.569042409027723,-4.255703910213359
-16.570565289730865,-4.255748418659959
-16.57208818777505,-4.255792919545193
-16.57361110285846,-4.255837385548532
-16.575134011768654,-4.2558818250308885
-16.576656886773115,-4.255926294440534
-16.57817979341246,-4.255970683366092
-16.57970269030163,-4.256015078456512
-16.5812255750201,-4.256059473945642
-16.58274847938993,-4.2561038611744255
-16.58427139214101,-4.25614820257003
-16.585794277317767,-4.256192569210846
-16.587317205506594,-4.256236867724294
-16.588840090159152,-4.256281211817309
-16.590363006685617,-4.256325497783397
-16.591885919737614,-4.256369807364294
-16.593408805626243,-4.256414077764668
-16.594931720267752,-4.256458316121551
-16.59645461341879,-4.256502570563783
-16.597977528049828,-4.256546760570766
-16.599500429566866,-4.25659098299374
-16.601023323794916,-4.256635201083989
-16.602546260382173,-4.256679390368428
-16.60406917272213,-4.256723590477454
-16.60559208622121,-4.256767756298564
-16.607115025014636,-4.256811892743178
-16.60863795974174,-4.256855997649798
-16.610160861338642,-4.256900128142202
-16.611683794365693,-4.256944178503482
-16.613206694417457,-4.256988298734311
-16.61472963065664,-4.257032339567247
-16.61625255667123,-4.257076349578293
-16.617775467480275,-4.257120372215713
-16.619298376033196,-4.257164392025261
-16.62082130303762,-4.257208335350518
-16.622344208822888,-4.257252329928592
-16.623867116857394,-4.257296331538362
-16.62539005505908,-4.2573403031705634
-16.626912997137737,-4.257384254109892
-16.628435928908512,-4.25742817756971
-16.629958840630877,-4.257472130725943
-16.6314817808504,-4.257516025152269
-16.633004722839136,-4.257559882510252
-16.63452763231531,-4.257603774210456
-16.636050564068018,-4.257647621792954
-16.637573513063046,-4.257691440495939
-16.639096452706365,-4.257735239804078
-16.640619365181887,-4.2577790601701455
-16.642142288082024,-4.257822872755072
-16.643665225671306,-4.257866657164545
-16.64518818353339,-4.257910417472745
-16.64671112412796,-4.25795412010466
-16.64823404743945,-4.257997865837894
-16.64975699022004,-4.258041525916329
-16.651279896308157,-4.258085272124193
-16.652802849015444,-4.258128940216539
-16.654325802967165,-4.258172589625622
-16.655848735096992,-4.258216258967384
-16.657371660161996,-4.258259910715664
-16.658894595479158,-4.2583035044459345
-16.660417552014444,-4.258347083145551
-16.66194048748581,-4.258390668816766
-16.66346340667008,-4.258434249532498
-16.664986323686996,-4.258477801175101
-16.666509267864825,-4.2585213605527725
-16.668032234496533,-4.2585648867428745
-16.66955515382742,-4.258608430110602
-16.671078118197737,-4.258651923121543
-16.672601054731366,-4.25869543179179
-16.674124006505362,-4.258738898553363
-16.675646963936604,-4.258782325490929
-16.677169895714986,-4.258825740036033
-16.678692828704396,-4.25886920687032
-16.680215791314996,-4.2589125886416666
-16.681738722205708,-4.258956009083674
-16.683261683291104,-4.25899939696141
-16.684784649457615,-4.25904275329554
-16.686307605244718,-4.259086090226786
-16.687830531490487,-4.2591294484421
-16.689353496177745,-4.259172704492434
-16.690876432676053,-4.259216057642871
-16.692399400589654,-4.25925931847401
-16.69392233795862,-4.2593026205952045
-16.695445292338924,-4.25934587650434
-16.696968257486752,-4.259389081850263
-16.69849121115648,-4.259432274567544
-16.7000141564252,-4.2594754879715815
-16.70153709708766,-4.2595186812993
-16.703060054081792,-4.259561819392433
-16.704582993810718,-4.259605007068992
-16.706105959182263,-4.259648115961489
-16.707628900846473,-4.259691233624883
-16.709151845231755,-4.259734377586202
-16.710674797634834,-4.259777460320163
-16.712197779102205,-4.25982054195705
-16.713720744146514,-4.259863581352381
-16.71524369460249,-4.25990664853652
-16.716766644645155,-4.2599497303190805
-16.7182896197932,-4.2599927351553415
-16.719812572107294,-4.260035785966953
-16.72133553621995,-4.26007878951221
-16.722858518540725,-4.260121763176935
-16.724381496832855,-4.260164715430295
-16.725904453322627,-4.260207658469957
-16.727427401329727,-4.260250624033656
-16.728950381782273,-4.260293523846607
-16.73047334139948,-4.260336463639337
-16.731996316234994,-4.260379354681002
-16.73351928498628,-4.260422216632165
-16.735042272584675,-4.260465061909007
-16.736565226911324,-4.260507928835136
-16.738088208792462,-4.2605507613036995
-16.739611197674332,-4.2605935739999925
-16.741134176434752,-4.260636370521772
-16.742657134177037,-4.260679178113291
-16.74418011130526,-4.260721904113446
-16.745703086268588,-4.260764654196828
-16.74722603807018,-4.2608073890958265
-16.748749016714267,-4.260850128679719
-16.750272010234386,-4.26089280972298
-16.75179498799744,-4.260935480187149
-16.75331796011313,-4.26097816832969
-16.75484092077495,-4.261020856819606
-16.756363911324275,-4.261063513814512
-16.75788691052769,-4.261106148064985
-16.759409884530687,-4.2611487479769705
-16.760932863813174,-4.261191332180762
-16.762455839183,-4.261233908081396
-16.76397882295846,-4.26127647151026
-16.765501793674403,-4.261319044728984
-16.767024791530194,-4.261361544145759
-16.768547756330385,-4.261404078041544
-16.770070756017546,-4.2614465661675585
-16.771593731841225,-4.261489049426207
-16.773116703966362,-4.261531524194364
-16.77463968402757,-4.2615740070049135
-16.776162684188478,-4.261616459059939
-16.777685689968347,-4.261658882502307
-16.779208666567747,-4.261701348076209
-16.780731669997706,-4.261743727163357
-16.782254649421418,-4.261786159091526
-16.783777652582483,-4.261828513090483
-16.785300635806536,-4.26187090002022
-16.78682363272002,-4.261913231153697
-16.788346639936698,-4.261955529338784
-16.789869623448993,-4.261997844547274
-16.791392599592523,-4.262040176955266
-16.792915606127373,-4.262082428803553
-16.794438582908523,-4.2621247314401725
-16.795961590488506,-4.262166959131137
-16.797484568474044,-4.262209224008611
-16.799007561022275,-4.2622514486102965
-16.800530579548607,-4.2622936488760566
-16.802053582102822,-4.262335816767428
-16.80357656109102,-4.262377978693252
-16.805099556445505,-4.262420122767775
-16.806622546403347,-4.262462293586193
-16.808145559091702,-4.2625044182881435
-16.809668579452453,-4.262546522052291
-16.811191564931878,-4.262588670511102
-16.812714573034363,-4.262630730691872
-16.814237585486435,-4.262672784377359
-16.81576056447733,-4.262714874688888
-16.817283576744696,-4.262756913088288
-16.818806596919732,-4.262798918672718
-16.820329585735532,-4.262840922561714
-16.821852579391063,-4.262882946693795
-16.823375604163548,-4.2629249280042645
-16.824898625712027,-4.2629668847277005
-16.82642160925731,-4.263008841600904
-16.82794461867474,-4.263050781292193
-16.82946765260099,-4.263092690107528
-16.830990648147225,-4.263134610266686
-16.83251365965763,-4.263176498209313
-16.834036694722403,-4.263218351309598
-16.835559719827053,-4.263260178949571
-16.8370827085069,-4.263302067630709
-16.838605720807344,-4.263343852904718
-16.84012875521459,-4.263385651326864
-16.841651743161805,-4.263427436328256
-16.84317474730842,-4.2634692406702435
-16.84469777696894,-4.263510992373574
-16.846220809129264,-4.263552748606072
-16.847743806211106,-4.263594519623223
-16.849266830477397,-4.263636240388089
-16.850789864602906,-4.26367793281152
-16.85231287105653,-4.26371966649598
-16.85383590064803,-4.263761313838722
-16.85535892931166,-4.263802955653045
-16.85688193541525,-4.263844596408991
-16.858404944515,-4.263886254333048
-16.85992798340625,-4.263927846874605
-16.861450990516637,-4.263969486525074
-16.862974015287083,-4.264011039300244
-16.864497021230896,-4.264052625959049
-16.866020054712262,-4.264094173510037
-16.8675430936581,-4.264135706075983
-16.86906610673928,-4.264177265619779
-16.870589141139146,-4.264218779466497
-16.87211218874441,-4.264260233567067
-16.873635196925438,-4.264301754598186
-16.875158236471712,-4.264343186787704
-16.87668125964792,-4.264384641145286
-16.87820428566749,-4.264426037248566
-16.87972730374907,-4.26446743774578
-16.881250318491194,-4.264508855152417
-16.88277335650994,-4.264550209488405
-16.88429637038661,-4.264591610092697
-16.885819398238255,-4.264632914388488
-16.887342408948005,-4.264674287687347
-16.888865444981455,-4.264715595552619
-16.890388454747193,-4.264756929269386
-16.891911494282613,-4.264798221144936
-16.893434536064426,-4.264839500443582
-16.894957548415398,-4.264880799943296
-16.896480589122575,-4.26492205092988
-16.89800364773564,-4.26496326752255
-16.89952666962887,-4.265004512045654
-16.901049713168742,-4.265045677853407
-16.902572738109335,-4.265086886528484
-16.904095761347126,-4.265128076226141
-16.90561880613687,-4.265169238598532
-16.907141856654363,-4.265210347777955
-16.908664901853253,-4.265251453623403
-16.910187932748617,-4.265292561018752
-16.91171096478766,-4.265333688329993
-16.913234020679962,-4.26537475023219
-16.914757049108584,-4.2654158449970625
-16.91628009514136,-4.2654568686542795
-16.91780314846115,-4.26549788369862
-16.919326182638606,-4.265538882562916
-16.920849218734613,-4.265579896825935
-16.922372250189415,-4.2656209222911246
-16.923895310258544,-4.265661874206749
-16.925418346096333,-4.26570287622523
-16.926941391415326,-4.265743825801448
-16.92846446255436,-4.265784743185708
-16.929987517102813,-4.265825627798438
-16.93151055147141,-4.265866521041778
-16.9330335870208,-4.265907434393874
-16.934556646233254,-4.2659482799068185
-16.936079683446888,-4.265989160720212
-16.937602724723245,-4.266029990377983
-16.939125798924,-4.266070797233069
-16.940648848359473,-4.266111571846321
-16.942171893304586,-4.266152364175229
-16.94369493602719,-4.266193182209591
-16.9452180003936,-4.266233912741627
-16.946741059948497,-4.2662746645357394
-16.948264077748142,-4.266315402619579
-16.94978715539351,-4.266356096060085
-16.951310198643164,-4.266396848770876
-16.952833254232214,-4.266437532591174
-16.954356327915068,-4.266478184821855
-16.955879403220518,-4.266518826896581
-16.957402450141146,-4.266559482226648
-16.958925520060095,-4.26660008049137
-16.960448568163486,-4.2666406795215295
-16.96197161592236,-4.266681313616785
-16.96349468778308,-4.266721877096581
-16.965017736208733,-4.266762475497421
-16.966540793250516,-4.266803011012595
-16.9680638759803,-4.266843535999355
-16.969586943254903,-4.266884041084006
-16.971109996557328,-4.266924555625161
-16.9726330573992,-4.26696506932881
-16.97415612990851,-4.26700555745949
-16.975679220630997,-4.267046008015577
-16.97720229681016,-4.2670864326287
-16.97872535605156,-4.267126852634496
-16.980248407359884,-4.267167278595323
-16.981771481532512,-4.267207681160777
-16.98329457505116,-4.26724805632784
-16.98481765506855,-4.267288402571767
-16.98634070347005,-4.2673287844204495
-16.987863786018277,-4.26736909759077
-16.989386843629497,-4.267409446887953
-16.990909919854644,-4.2674497598797005
-16.99243300943612,-4.267490034185563
-16.99395609830665,-4.267530286723514
-16.995479159938466,-4.267570579430425
-16.997002252082464,-4.267610798743288
-16.998525305043035,-4.267651033466938
-17.00004840027761,-4.267691228251292
-17.001571462462334,-4.267731465779718
-17.003094549577124,-4.267771652034974
-17.004617643855013,-4.267811798840669
-17.006140715789073,-4.267851951886691
-17.007663774119536,-4.267892086364088
-17.009186864266486,-4.267932184151258
-17.01070994260687,-4.2679723146998105
-17.012233017391363,-4.268012434412141
-17.01375610048844,-4.268052521521306
-17.01527921077351,-4.268092571365479
-17.016802295500657,-4.268132592804103
-17.018325374748194,-4.2681726341475255
-17.01984845430396,-4.268212685064661
-17.021371546953056,-4.268252661906136
-17.022894644318725,-4.268292636402174
-17.024417725028506,-4.268332602099697
-17.025940821816864,-4.2683725501855045
-17.027463893040668,-4.268412503299496
-17.028986984076198,-4.268452428014308
-17.030510085745444,-4.26849233889857
-17.032033158780077,-4.268532260336336
-17.033556253063022,-4.2685721184885
-17.03507934492287,-4.268612006670241
-17.036602440906403,-4.268651866799781
-17.038125517663147,-4.2686917281376955
-17.039648635548545,-4.268731542328813
-17.041171710539967,-4.268771377783215
-17.042694811969945,-4.268811157138132
-17.044217921149176,-4.268850930231416
-17.04574100736676,-4.268890706415043
-17.047264091854192,-4.2689304831741754
-17.048787199088697,-4.268970222286637
-17.05031031590633,-4.2690099206685925
-17.051833425274022,-4.269049616105974
-17.0533565180068,-4.2690893003859705
-17.05487960760564,-4.26912899836645
-17.056402703840853,-4.2691686496067724
-17.05792582621729,-4.269208294070313
-17.059448949205176,-4.269247900248844
-17.06097204460578,-4.2692875052019295
-17.062495139640014,-4.269327104040162
-17.06401823684769,-4.269366717935622
-17.065541353887326,-4.269406281669149
-17.067064474220608,-4.269445814552635
-17.068587562226508,-4.269485382233979
-17.070110674579503,-4.2695249040852294
-17.071633795044697,-4.269564410119654
-17.073156904275052,-4.269603878519544
-17.07468001051422,-4.269643366719061
-17.07620310697458,-4.269682851720262
-17.077726232912916,-4.269722262792204
-17.07924932775901,-4.269761724688262
-17.080772441585673,-4.269801146420007
-17.082295579286257,-4.269840539548841
-17.083818679337607,-4.269879953199004
-17.08534180297192,-4.269919310017511
-17.086864930812784,-4.269958675525919
-17.088388053258612,-4.269998006014802
-17.089911169996064,-4.270037327191538
-17.09143428713623,-4.270076629886785
-17.092957386747806,-4.270115966438628
-17.094480521132564,-4.270155223189035
-17.096003632538345,-4.27019452997732
-17.09752675774309,-4.2702337680924645
-17.099049891473708,-4.270273018898055
-17.100573018739844,-4.270312218952038
-17.10209612296332,-4.270351449992449
-17.103619265172505,-4.270390614104572
-17.105142371720344,-4.27042979590537
-17.10666550915475,-4.270468945963818
-17.108188636630715,-4.270508087666408
-17.109711757045662,-4.27054724332524
-17.111234890033195,-4.270586372602424
-17.112758038075583,-4.270625473625069
-17.11428118525633,-4.270664530636669
-17.115804299701956,-4.270703638984309
-17.11732744150216,-4.270742675948181
-17.118850552742842,-4.270781729375861
-17.12037369429935,-4.270820735621931
-17.12189681229659,-4.27085977974145
-17.123419945752037,-4.270898794868136
-17.124943098199772,-4.270937766585719
-17.126466232476456,-4.2709767072793134
-17.127989359694514,-4.271015672490607
-17.129512482097883,-4.271054633819018
-17.131035623582925,-4.271093539922206
-17.132558778467914,-4.271132437495963
-17.134081902252145,-4.27117136183794
-17.135605056792585,-4.271210239738415
-17.13712820772956,-4.271249090023513
-17.13865136576473,-4.271287922221571
-17.14017449802459,-4.271326759144353
-17.141697652534948,-4.271365557916343
-17.143220798523686,-4.271404353535205
-17.144743935685355,-4.27144316717576
-17.14626708128717,-4.271481940887579
-17.14779024368559,-4.271520681532802
-17.149313404058454,-4.271559407994199
-17.15083653562991,-4.271598170648446
-17.152359689508256,-4.2716368478397175
-17.153882830931376,-4.271675578825393
-17.155405980775786,-4.271714262076385
-17.156929142105717,-4.271752898772094
-17.15845230476868,-4.271791526295839
-17.159975440599087,-4.271830169474891
-17.161498601508345,-4.271868765821269
-17.163021735610887,-4.271907387872691
-17.164544898922507,-4.271945975568603
-17.166068041750673,-4.271984539877324
-17.167591204920594,-4.272023073952764
-17.169114363694533,-4.27206162320205
-17.170637507478,-4.2721001791165545
-17.17216067871137,-4.272138677135484
-17.173683827432605,-4.272177208884809
-17.175206989321623,-4.2722156798127155
-17.176730170948037,-4.272254132143749
-17.178253315982605,-4.272292582118673
-17.179776465693028,-4.272331044164485
-17.18129963447619,-4.272369464511907
-17.182822808963405,-4.272407878849338
-17.184345990776873,-4.272446254262374
-17.185869132874696,-4.272484641850768
-17.18739230579249,-4.27252301066617
-17.18891547619013,-4.27256134859797
-17.190438653558207,-4.272599656314905
-17.191961809347184,-4.272637988661615
-17.193484991029255,-4.272676280417564
-17.195008132734404,-4.27271460329321
-17.19653131055547,-4.272752875348539
-17.198054492247383,-4.27279113649156
-17.199577682388735,-4.272829362247574
-17.201100839633355,-4.272867619903421
-17.202624022161586,-4.272905810756367
-17.204147195336297,-4.272944035190695
-17.205670371881958,-4.272982225878437
-17.207193551611773,-4.273020398003481
-17.208716733756884,-4.273058546911831
-17.210239932151577,-4.27309666252513
-17.211763086064256,-4.2731348015814
-17.213286271460106,-4.273172899292254
-17.2148094520362,-4.27321097502725
-17.216332627032326,-4.27324907092882
-17.217855825470565,-4.273287112771194
-17.21937899430393,-4.273325160436684
-17.220902180784986,-4.273363164689586
-17.222425362707053,-4.273401186348435
-17.22394853216766,-4.27343920046285
-17.22547172125219,-4.273477187074071
-17.226994910842578,-4.273515152397078
-17.22851811693633,-4.273553102898857
-17.230041281672825,-4.273591073703555
-17.23156447982116,-4.273628993556317
-17.23308768846117,-4.2736669121398885
-17.23461088810556,-4.273704804586321
-17.236134072812735,-4.2737426851759475
-17.237657251480776,-4.273780572063636
-17.239180456360092,-4.273818434959253
-17.24070365407536,-4.273856260237131
-17.242226855358645,-4.273894061868368
-17.243750048017247,-4.27393187817572
-17.245273229921317,-4.273969684453954
-17.246796439748874,-4.27400747608006
-17.248319652774352,-4.274045244457228
-17.249842874620466,-4.274082976290301
-17.25136605311402,-4.2741207257576015
-17.25288926096457,-4.274158428411834
-17.254412471317156,-4.27419613349182
-17.25593566582658,-4.274233834117425
-17.25745888143188,-4.274271483615673
-17.258982072586793,-4.2743091346626985
-17.26050530000239,-4.274346769938236
-17.26202849422679,-4.274384396167417
-17.263551681243513,-4.274422026183941
-17.265074894377292,-4.274459624146528
-17.26659811152565,-4.274497209790148
-17.268121337388372,-4.274534777742271
-17.26964452511427,-4.274572340178265
-17.271167735731293,-4.274609865115433
-17.27269096320919,-4.274647405853354
-17.274214193048998,-4.274684924977414
-17.27573742363593,-4.274722426165716
-17.27726061468602,-4.2747599192141985
-17.278783845208665,-4.274797403858803
-17.28030706662629,-4.274834853914525
-17.281830280913905,-4.274872319107171
-17.283353477407605,-4.2749097779285785
-17.284876697784593,-4.2749472119574845
-17.286399925135477,-4.274984646434464
-17.28792315718348,-4.275022040998847
-17.28944638045182,-4.275059447250546
-17.29096960122377,-4.275096822303464
-17.292492819369297,-4.275134211037649
-17.29401602337732,-4.27517160945612
-17.295539247426714,-4.275208965099804
-17.29706248892928,-4.275246311779287
-17.29858571922137,-4.275283640489054
-17.300108939953603,-4.275320973843308
-17.30163217817433,-4.275358281315178
-17.303155386936833,-4.275395613253886
-17.304678624404414,-4.2754328940305495
-17.306201837383735,-4.275470185582374
-17.307725058173997,-4.275507444296054
-17.309248294127336,-4.275544712080352
-17.310771540660507,-4.2755819469034035
-17.312294754566057,-4.275619222510237
-17.31381798068365,-4.275656442779004
-17.31534122328154,-4.275693663751316
-17.31686446514676,-4.27573084231194
-17.318387672109957,-4.275768066937383
-17.31991089676288,-4.2758052335100425
-17.321434143869084,-4.27584241678439
-17.32295738956409,-4.275879560392106
-17.324480604612482,-4.27591672598247
-17.32600385819336,-4.275953847173058
-17.327527078594514,-4.275990991277293
-17.329050323830366,-4.276028106131213
-17.330573563467027,-4.276065212536469
-17.33209681670058,-4.276102295768444
-17.333620056586025,-4.276139379270215
-17.335143288524772,-4.27617641658528
-17.336666493647733,-4.276213496347188
-17.33818974269169,-4.276250539737323
-17.339712989365715,-4.276287591595364
-17.34123624070161,-4.276324607262037
-17.34275949399566,-4.276361603196625
-17.344282712804223,-4.276398618644094
-17.34580596038851,-4.276435626909648
-17.347329219113305,-4.276472624467738
-17.348852482463414,-4.276509597242155
-17.35037572236673,-4.276546541398619
-17.35189895951765,-4.276583492798096
-17.35342222668118,-4.276620400295688
-17.3549454477738,-4.276657363808312
-17.356468695003677,-4.276694264407019
-17.357991951169158,-4.276731183440953
-17.359515211577076,-4.27676807012137
-17.361038464594564,-4.2768049211241195
-17.36256172602837,-4.276841761540457
-17.36408496460827,-4.2768786279165205
-17.3656082066149,-4.276915495519033
-17.367131448558105,-4.276952323239189
-17.368654704430003,-4.2769891393152415
-17.37017797616494,-4.277025965877474
-17.371701231237136,-4.277062752964101
-17.373224458180545,-4.277099530740863
-17.374747734391494,-4.277136283301216
-17.376270977981314,-4.277173072226251
-17.377794225956094,-4.277209792402792
-17.379317491239576,-4.277246516200653
-17.38084073979751,-4.277283258042986
-17.382363987622128,-4.277319992874945
-17.38388724485011,-4.277356709020911
-17.385410521006023,-4.277393392617288
-17.386933762217478,-4.277430127153452
-17.388457019402864,-4.277466804111083
-17.389980309677572,-4.277503453073696
-17.391503555751182,-4.277540128224444
-17.39302682704524,-4.277576770002923
-17.394550074788558,-4.277613389144196
-17.396073348515365,-4.277649997354595
-17.397596598325336,-4.2776866082329885
-17.39911984974229,-4.277723214894834
-17.400643121311177,-4.277759796305484
-17.402166402222147,-4.277796380661567
-17.403689675864957,-4.277832946630834
-17.40521293729579,-4.277869513325134
-17.406736210135502,-4.277906003818809
-17.408259458946596,-4.277942564781554
-17.409782718944435,-4.2779790554613335
-17.41130601131525,-4.278015585236029
-17.412829288945943,-4.278052053826401
-17.414352530056366,-4.278088537140308
-17.415875803241672,-4.27812501465966
-17.41739908060646,-4.278161484294452
-17.41892236925133,-4.27819792975066
-17.4204456601711,-4.278234352868427
-17.421968929927147,-4.278270799027162
-17.423492185076167,-4.278307210777321
-17.425015467734834,-4.278343583967336
-17.426538744017133,-4.278380002409165
-17.428062025323555,-4.2784163742205585
-17.429585314522534,-4.278452728405709
-17.43110858928845,-4.27848911261786
-17.432631886657198,-4.278525447004969
-17.43415514953878,-4.278561791470851
-17.43567845329971,-4.278598120487526
-17.43720171729731,-4.278634450737995
-17.438725009211645,-4.278670717426107
-17.440248290526302,-4.278706996719499
-17.441771571289586,-4.278743269735866
-17.44329486871199,-4.278779541760817
-17.444818135139528,-4.278815792943426
-17.44634141766232,-4.2788519921166435
-17.447864709786895,-4.278888243643972
-17.4493880111967,-4.278924450122047
-17.450911284649532,-4.278960687093586
-17.45243457170274,-4.278996909795887
-17.453957858260033,-4.279033093019332
-17.455481149612773,-4.279069263249218
-17.457004458099117,-4.2791054112519875
-17.4585277436771,-4.279141584978452
-17.46005103326005,-4.279177704355138
-17.46157430100328,-4.279213818612682
-17.46309760333191,-4.2792499177541
-17.46462089475726,-4.2792859689013545
-17.46614418131708,-4.279322077937198
-17.4676674719757,-4.279358167252979
-17.469190784833888,-4.279394248130308
-17.470714068515527,-4.279430359400577
-17.472237355594256,-4.2794664151402735
-17.473760663348088,-4.279502450353705
-17.47528398126798,-4.279538464235362
-17.476807293443475,-4.279574504457656
-17.478330568072117,-4.2796105229645764
-17.47985386199598,-4.279646516458064
-17.481377170528628,-4.2796825169304595
-17.482900477444318,-4.27971847831577
-17.484423782921404,-4.279754434941039
-17.48594709226122,-4.279790368500512
-17.48747040717763,-4.2798262844471395
-17.488993692885924,-4.279862210128221
-17.49051698650899,-4.279898108819403
-17.492040292454107,-4.279934023022907
-17.493563601459766,-4.279969906302276
-17.495086924024086,-4.280005765116084
-17.496610235484777,-4.280041630805201
-17.498133515710247,-4.280077479936554
-17.499656830772846,-4.280113261217745
-17.50118012398359,-4.280149120322793
-17.5027034465628,-4.280184933083005
-17.504226735309633,-4.280220732776371
-17.505750045381365,-4.280256540743274
-17.507273375453675,-4.280292361430009
-17.508796700029137,-4.280328135654513
-17.51032000867789,-4.28036389107559
-17.511843321457963,-4.280399641777258
-17.51336663554087,-4.280435380161692
-17.514889966013637,-4.280471059873193
-17.516413272873898,-4.280506747933065
-17.517936555781755,-4.2805424481606416
-17.51945987169069,-4.280578150677588
-17.52098320497794,-4.28061383206086
-17.52250653977968,-4.280649539873576
-17.52402985936926,-4.280685186456686
-17.52555318002958,-4.28072076372386
-17.527076495053304,-4.280756417870151
-17.52859982996636,-4.280792020228668
-17.530123144464035,-4.2808276624301085
-17.531646483935344,-4.280863277660923
-17.53316979512395,-4.280898863694725
-17.534693105252085,-4.280934366066826
-17.536216415523747,-4.280969953417234
-17.537739741393903,-4.281005499093947
-17.53926307097319,-4.2810410456257175
-17.54078640342433,-4.2810765912974045
-17.542309742762576,-4.281112101010468
-17.543833076684145,-4.281147599905372
-17.545356413172954,-4.281183061690257
-17.546879718340428,-4.281218537924289
-17.548403063513103,-4.281253989780131
-17.54992638081964,-4.281289467788691
-17.551449727775452,-4.281324886855448
-17.55297305006018,-4.281360342273589
-17.554496396382167,-4.281395754818163
-17.55601972922373,-4.281431160081217
-17.5575430540469,-4.28146656824948
-17.559066393485327,-4.281501893761287
-17.560589716395235,-4.281537233922202
-17.562113026351753,-4.2815726085664085
-17.56363637206496,-4.281607964858711
-17.56515971477052,-4.281643325737811
-17.566683071956405,-4.281678661547502
-17.568206414978366,-4.2817139742950685
-17.569729737818225,-4.2817492379735125
-17.571253080006763,-4.2817845046550245
-17.572776425623417,-4.281819818620521
-17.57429977149037,-4.281855079669106
-17.575823083711818,-4.2818903084109765
-17.577346438370455,-4.28192551455461
-17.57886978843711,-4.281960750460294
-17.580393123186056,-4.281995983225036
-17.581916471484888,-4.28203119130633
-17.583439814004272,-4.282066407418693
-17.58496316660045,-4.282101583807756
-17.586486516303857,-4.282136721107465
-17.588009861106478,-4.2821719125220055
-17.589533231312174,-4.282207059250393
-17.591056564715966,-4.282242230371248
-17.592579934533426,-4.282277366042046
-17.594103295690417,-4.282312495463209
-17.59562662834846,-4.282347557799809
-17.597149977336993,-4.282382634287498
-17.598673353885314,-4.282417708893244
-17.600196713108176,-4.282452762872307
-17.601720046609316,-4.28248782233452
-17.603243405314732,-4.282522894984039
-17.604766758565297,-4.282557918611917
-17.60629011044339,-4.282592921228213
-17.60781347214787,-4.282627897412754
-17.609336822504176,-4.282662870646522
-17.610860159567547,-4.282697847211256
-17.612383531211368,-4.282732857277381
-17.61390690141867,-4.282767821647708
-17.615430254618566,-4.282802747321876
-17.61695360850846,-4.2828376744771655
-17.618476981899036,-4.282872576491236
-17.620000322866247,-4.28290749071725
-17.621523692438817,-4.282942373164679
-17.62304704276676,-4.28297729178538
-17.624570399424627,-4.283012150585461
-17.626093771047525,-4.283046990373623
-17.6276171357884,-4.283081814014802
-17.62914048630182,-4.283116648726271
-17.63066385245603,-4.283151444365787
-17.632187190189967,-4.28318624083863
-17.633710567122968,-4.283221021192951
-17.635233947181423,-4.2832557934752264
-17.63675728920568,-4.283290579153529
-17.638280676401376,-4.283325316161572
-17.639804022382485,-4.283360102149986
-17.641327406669323,-4.2833948776240405
-17.642850783898336,-4.283429637508386
-17.64437415815232,-4.283464362846678
-17.6458975349544,-4.28349904091909
-17.64742090770459,-4.283533708397222
-17.648944276371747,-4.283568381217325
-17.65046766906059,-4.283603037142517
-17.651991029064895,-4.283637728170809
-17.653514415467072,-4.283672332476468
-17.655037766936722,-4.283706980689097
-17.6565611459451,-4.283741583376614
-17.6580845326321,-4.283776179213493
-17.65960790901797,-4.283810754971658
-17.661131276514414,-4.283845345090859
-17.662654668855133,-4.28387989982748
-17.664178060927824,-4.2839144656224715
-17.665701433984925,-4.283949041734097
-17.667224821782646,-4.283983568709797
-17.668748190480667,-4.28401809659881
-17.670271595658832,-4.284052624871023
-17.67179497704034,-4.284087127143588
-17.67331834079974,-4.284121579601329
-17.674841745104043,-4.28415603633391
-17.676365120941142,-4.284190487199967
-17.677888492406986,-4.284224937224188
-17.67941189527681,-4.2842593775729565
-17.68093528664666,-4.2842937926483335
-17.68245867292333,-4.284328199965707
-17.68398207149857,-4.284362606760696
-17.685505449928282,-4.2843970027153215
-17.68702884769658,-4.284431371266638
-17.68855224378195,-4.284465745485922
-17.690075627056192,-4.284500103994
-17.69159901418988,-4.284534411710095
-17.693122426353856,-4.284568732859813
-17.694645783681132,-4.284603054673365
-17.69616918584656,-4.28463736819605
-17.69769259026686,-4.284671664481788
-17.699215962384624,-4.284705930651768
-17.700739334831216,-4.284740198909616
-17.70226272947444,-4.284774444395254
-17.703786128447952,-4.284808668969305
-17.70530952199786,-4.284842890601485
-17.706832912590308,-4.284877108301817
-17.70835631458151,-4.284911299182041
-17.709879699543915,-4.284945506375894
-17.71140312289807,-4.284979689835115
-17.712926499274666,-4.285013891214102
-17.714449898987024,-4.285048050014398
-17.715973305217666,-4.285082186422379
-17.717496712235686,-4.285116313757712
-17.71902011296585,-4.285150430530309
-17.720543499814045,-4.285184546344763
-17.722066907161697,-4.285218637003299
-17.72359032628652,-4.2852527254609285
-17.725113731331447,-4.285286753751358
-17.7266371298346,-4.285320826814136
-17.728160550704974,-4.285354848989575
-17.729683936302735,-4.285388887582598
-17.731207345345503,-4.285422884399287
-17.732730765289897,-4.285456880210891
-17.7342541740082,-4.285490866732858
-17.735777576379967,-4.285524835047315
-17.737300990010393,-4.2855588074877415
-17.738824409327098,-4.285592749600265
-17.740347817351047,-4.285626673093284
-17.741871223508273,-4.285660597392948
-17.743394645809452,-4.285694498993976
-17.744918046674925,-4.285728391144969
-17.746441466139437,-4.2857622556982005
-17.74796485134095,-4.28579612116859
-17.749488287074463,-4.285829965376007
-17.751011692293872,-4.285863795482011
-17.752535104255184,-4.285897624370196
-17.754058526824505,-4.285931431471447
-17.75558192636109,-4.285965225980412
-17.757105341986755,-4.285999008844671
-17.75862877167633,-4.286032769322372
-17.760152188387938,-4.286066516902761
-17.761675625231558,-4.286100256976088
-17.763199031020882,-4.28613399323903
-17.76472245701966,-4.286167692381462
-17.7662458644141,-4.286201378147256
-17.76776929470781,-4.286235064288586
-17.769292731322363,-4.286268720446842
-17.770816135376858,-4.286302391085529
-17.772339566107867,-4.286336017821798
-17.773863011103835,-4.286369646601189
-17.77538642978085,-4.286403280807027
-17.776909862320768,-4.286436888652378
-17.778433296700037,-4.286470479453325
-17.7799567343788,-4.286504051457765
-17.78148016263879,-4.286537604286823
-17.783003595482054,-4.286571141412433
-17.78452703807832,-4.2866046616189815
-17.7860504738091,-4.2866381772319
-17.787573879285183,-4.2866716625879935
-17.789097325927983,-4.286705145381492
-17.790620765991157,-4.286738605535097
-17.792144192203583,-4.2867720626914165
-17.79366765109446,-4.286805507890301
-17.7951910770966,-4.286838942370047
-17.79671451558198,-4.286872369873468
-17.79823797543395,-4.286905782218076
-17.79976142298229,-4.286939167326272
-17.801284858485843,-4.286972522554926
-17.802808290171818,-4.287005885430565
-17.804331747871963,-4.28703923550493
-17.805855212660482,-4.287072573217739
-17.807378642035466,-4.287105905223926
-17.80890208679963,-4.287139198219208
-17.81042555122549,-4.28717248699282
-17.811948971819742,-4.2872057685004465
-17.813472435540735,-4.2872390302857735
-17.814995870354785,-4.287272271930401
-17.81651932866155,-4.287305518579892
-17.81804278668529,-4.287338731496933
-17.819566234369624,-4.2873719441384415
-17.821089688322196,-4.287405129033368
-17.822613143339115,-4.28743831773972
-17.82413660559247,-4.287471477732677
-17.82566006767534,-4.2875046355965605
-17.82718352239131,-4.287537762065186
-17.828706971759964,-4.287570872559741
-17.830230411286905,-4.287603977071412
-17.831753890990193,-4.287637075628282
-17.833277349206302,-4.28767015924656
-17.834800786786673,-4.287703221179571
-17.83632425394035,-4.287736274148089
-17.8378477191734,-4.287769302367329
-17.839371184206865,-4.287802323839381
-17.84089463853943,-4.287835334535508
-17.842418124960123,-4.287868331332297
-17.843941567340366,-4.287901329313013
-17.845465032475122,-4.287934295802013
-17.846988520174744,-4.287967260094335
-17.84851199710123,-4.288000206219175
-17.850035468305766,-4.288033111882768
-17.851558934890306,-4.288066017673517
-17.853082397032527,-4.288098926064015
-17.854605861710517,-4.288131817228114
-17.856129338494334,-4.288164669370448
-17.8576527981427,-4.288197535741847
-17.859176286233964,-4.288230373830064
-17.860699777415604,-4.288263207906062
-17.862223227838406,-4.288296029407781
-17.863746713662696,-4.288328818402656
-17.865270207759213,-4.288361604808211
-17.866793680418713,-4.288394362005383
-17.86831714280194,-4.28842713055164
-17.869840618619495,-4.288459857800901
-17.87136410803359,-4.288492598161955
-17.872887585919347,-4.288525301200104
-17.8744110753349,-4.2885580124779565
-17.87593456441223,-4.28859069608233
-17.877458055257666,-4.288623372709741
-17.878981535210627,-4.288656031720478
-17.880504999704105,-4.2886886820489725
-17.882028502685365,-4.288721306331344
-17.883551990083507,-4.288753910256491
-17.885075466493625,-4.288786513033833
-17.886598962631535,-4.288819090286822
-17.888122441342514,-4.288851676160575
-17.889645931399503,-4.288884212748458
-17.89116941617662,-4.288916748674354
-17.892692895558575,-4.288949286068223
-17.89421638458269,-4.288981798373941
-17.89573986345529,-4.289014297718144
-17.897263360623008,-4.28904678880178
-17.898786852338844,-4.289079267801569
-17.900310359354442,-4.289111713897002
-17.901833844806372,-4.289144168845909
-17.90335733075098,-4.289176608402129
-17.904880835823768,-4.28920900857056
-17.906404323266035,-4.289241414027365
-17.907927797799193,-4.289273815345052
-17.909451306806684,-4.289306174978115
-17.910974806391255,-4.289338530549836
-17.91249830064676,-4.289370881037203
-17.914021794948997,-4.289403202332832
-17.915545289729135,-4.289435521412537
-17.917068795275863,-4.289467822343083
-17.918592291850256,-4.2895001082845825
-17.920115805152143,-4.289532385658617
-17.921639302589714,-4.289564650944682
-17.92316279243499,-4.289596893552257
-17.92468630292165,-4.289629130822074
-17.926209815241105,-4.2896613438898825
-17.92773333065476,-4.289693542162947
-17.929256833439243,-4.289725739692924
-17.930780334712097,-4.289757899378928
-17.93230385921504,-4.289790054778563
-17.933827355564844,-4.289822204315107
-17.93535087393197,-4.289854330188802
-17.936874391846995,-4.289886454757272
-17.93839788767344,-4.289918553839048
-17.939921421813533,-4.289950635106433
-17.94144493379535,-4.289982716020071
-17.94296842819068,-4.290014771323881
-17.94449195280142,-4.290046813683734
-17.94601547874555,-4.29007885196997
-17.947538975105385,-4.290110877170526
-17.949062493626283,-4.290142872885636
-17.950586015260946,-4.290174845176894
-17.95210953471281,-4.2902068261076645
-17.953633032068602,-4.2902387899151355
-17.955156563970267,-4.290270733597865
-17.956680091683456,-4.290302660718619
-17.95820361018341,-4.290334588462128
-17.959727134158868,-4.290366483052937
-17.961250656681788,-4.2903983689738645
-17.962774194395813,-4.290430244252949
-17.964297700148236,-4.290462113137651
-17.965821218268477,-4.290493941507314
-17.967344734064245,-4.290525787582476
-17.968868264026373,-4.290557585196264
-17.97039180016106,-4.29058937885424
-17.971915314260023,-4.290621170865987
-17.973438837098353,-4.290652939295533
-17.974962377947957,-4.290684704954508
-17.97648591538213,-4.29071644740566
-17.978009419894594,-4.290748170102121
-17.979532959883855,-4.290779883821585
-17.981056509912392,-4.290811596025645
-17.982580041375815,-4.290843279332932
-17.984103559881515,-4.290874947809353
-17.985627110418474,-4.290906592241168
-17.98715062887456,-4.290938242244669
-17.988674147189585,-4.290969866500859
-17.9901977052007,-4.291001484363232
-17.99172124001861,-4.291033089191729
-17.993244764506812,-4.291064673094018
-17.994768303869634,-4.291096231680627
-17.996291815751853,-4.291127788482746
-17.997815349031487,-4.29115934686826
-17.999338893929096,-4.291190867858561
-18.000862436743766,-4.291222398064719
-18.00238597541127,-4.291253888455017
-18.00390952735251,-4.291285363470017
-18.005433061027414,-4.291316832523435
-18.006956589808894,-4.291348288922464
-18.008480135956077,-4.291379721574309
-18.010003661851453,-4.291411157851151
-18.011527220881685,-4.29144256702158
-18.013050769759957,-4.291473975493808
-18.014574307302258,-4.291505343941017
-18.01609784110234,-4.291536710461947
-18.01762140064308,-4.291568069874508
-18.019144934581167,-4.291599415429854
-18.020668495550066,-4.291630745760547
-18.022192039822542,-4.291662055054625
-18.023715595348186,-4.291693358058437
-18.025239128304605,-4.291724641041858
-18.02676268968984,-4.291755907852318
-18.028286237531457,-4.291787151269331
-18.029809781735477,-4.291818393057677
-18.03133332235716,-4.291849624514657
-18.032856894378344,-4.291880835704042
-18.034380458802637,-4.291912029515344
-18.035904015679762,-4.29194321669168
-18.03742757656302,-4.291974383182487
-18.038951136908622,-4.292005526003959
-18.04047468481976,-4.292036661276431
-18.041998237074733,-4.292067781668239
-18.04352180545634,-4.292098895797855
-18.045045350662857,-4.292129989948651
-18.046568929256733,-4.292161067242062
-18.04809249385451,-4.292192131856556
-18.04961604600168,-4.292223178113087
-18.051139600814228,-4.29225422512767
-18.052663167286518,-4.292285229035024
-18.054186727515475,-4.292316225505893
-18.05571029715539,-4.292347210290647
-18.057233851701287,-4.292378189442827
-18.058757410665766,-4.292409173389898
-18.060280974853573,-4.292440115502196
-18.06180455200887,-4.292471061233812
-18.063328130303134,-4.292501980996482
-18.06485170512318,-4.292532895708406
-18.066375267182625,-4.29256377305327
-18.0678988207987,-4.292594660726031
-18.06942239577278,-4.292625503594879
-18.0709459704149,-4.2926563578384105
-18.07246953593365,-4.292687188180022
-18.073993100939834,-4.292718012608436
-18.075516684075073,-4.292748818336909
-18.077040256256105,-4.292779611778007
-18.07856383368212,-4.292810381728582
-18.08008739011785,-4.292841139508153
-18.08161097881113,-4.292871882716175
-18.083134537844938,-4.292902622588514
-18.08465810544641,-4.2929333278387105
-18.08618169932506,-4.292964029599822
-18.08770527152917,-4.29299470520377
-18.089228840839432,-4.293025388463686
-18.090752415612812,-4.293056057967135
-18.092276005769435,-4.293086686842747
-18.093799585062445,-4.293117314281893
-18.095323158767272,-4.293147943817378
-18.0968467480179,-4.293178525812263
-18.098370311900847,-4.293209119717626
-18.099893898530453,-4.2932396635275865
-18.1014174854286,-4.293270224920419
-18.10294105490743,-4.29330077473775
-18.104464657597767,-4.293331299386037
-18.10598824588777,-4.2933618077457165
-18.107511832722636,-4.2933923011150785
-18.109035392302054,-4.293422784839121
-18.110558991120154,-4.293453244015287
-18.11208258248312,-4.293483699138564
-18.113606186195614,-4.293514144023281
-18.115129757935456,-4.293544567867573
-18.116653355398828,-4.29357496674176
-18.1181769513425,-4.293605358268921
-18.119700526147415,-4.293635741154067
-18.12122412275197,-4.293666098296635
-18.1227477033666,-4.293696467635577
-18.124271292083776,-4.293726790097256
-18.12579489926211,-4.293757122624155
-18.12731849841507,-4.293787421998303
-18.128842108050197,-4.293817708108233
-18.1303657099928,-4.293847990988007
-18.131889288095234,-4.293878249260729
-18.13341289397813,-4.293908495515073
-18.13493647605404,-4.293938733672597
-18.136460075914446,-4.293968943930223
-18.137983682730418,-4.293999141962889
-18.13950728536645,-4.294029311909619
-18.14103087556828,-4.294059499172428
-18.142554473423182,-4.2940896542608495
-18.144078085312643,-4.29411979534793
-18.145601680475743,-4.294149925036519
-18.147125262952997,-4.294180031751372
-18.148648884858556,-4.2942101258104515
-18.1501724643286,-4.29424021971733
-18.15169608670099,-4.294270280541564
-18.15321969426922,-4.294300345756361
-18.15474328895702,-4.294330380116959
-18.156266895762847,-4.294360406814155
-18.15779048957188,-4.294390413617816
-18.15931410826717,-4.294420407680374
-18.160837706753338,-4.294450384279425
-18.162361315981308,-4.294480355772348
-18.16388492709701,-4.294510300258929
-18.16540852572658,-4.294540256458365
-18.16693214224655,-4.294570174644702
-18.16845576122371,-4.294600079455088
-18.169979376894982,-4.294629979272357
-18.171502972104598,-4.294659866154839
-18.173026596519584,-4.294689725198611
-18.174550207341223,-4.294719571418149
-18.176073806367107,-4.294749393131031
-18.177597441076994,-4.2947792167090375
-18.179121044628854,-4.294809031804159
-18.180644675215007,-4.294838810049606
-18.1821682939065,-4.294868588553545
-18.183691898327442,-4.294898342621006
-18.18521551435829,-4.294928086399956
-18.18673910852461,-4.294957829095271
-18.18826273275048,-4.29498752716823
-18.189786370380343,-4.295017236248334
-18.191309990310366,-4.2950469268936375
-18.192833592704417,-4.295076594898107
-18.194357228220554,-4.295106247020755
-18.19588086087459,-4.295135895028048
-18.197404477575084,-4.295165513711931
-18.198928089269916,-4.295195135227266
-18.20045171916278,-4.2952247373735375
-18.201975349036847,-4.2952543073450435
-18.203498979195007,-4.295283866554452
-18.205022599682163,-4.295313428589914
-18.206546233328634,-4.295342964377154
-18.20806986762699,-4.295372478617997
-18.209593509073166,-4.295401982039113
-18.211117138176526,-4.295431475720321
-18.212640749514303,-4.295460945125346
-18.214164392342866,-4.295490407331318
-18.215688003506255,-4.295519847354011
-18.217211630605977,-4.295549290619887
-18.218735269634763,-4.295578701308064
-18.22025890421725,-4.295608105938384
-18.22178254619571,-4.295637491154403
-18.22330618322878,-4.29566686873307
-18.22482981344049,-4.295696227434667
-18.226353467391835,-4.295725576986342
-18.227877102326087,-4.295754890699502
-18.229400726449043,-4.295784212143663
-18.230924373648165,-4.295813504604287
-18.23244802099884,-4.2958427980420915
-18.233971650180806,-4.295872063321933
-18.235495303308472,-4.295901320454671
-18.237018919853348,-4.295930566125815
-18.238542578757386,-4.295959783242145
-18.240066219158493,-4.295988995568512
-18.24158984562327,-4.296018197551837
-18.243113508170044,-4.29604737592969
-18.24463716350897,-4.296076536062291
-18.246160803957473,-4.296105699867243
-18.247684437015614,-4.296134835256361
-18.249208089057966,-4.296163943426
-18.250731735719977,-4.296193040335439
-18.25225537584414,-4.296222143951771
-18.25377904166943,-4.296251221404085
-18.255302704115866,-4.296280278861647
-18.2568263409112,-4.296309331261588
-18.258349987941326,-4.296338349181201
-18.259873656292548,-4.296367371425168
-18.26139731990125,-4.296396361711742
-18.262920966647034,-4.296425346707526
-18.264444604532294,-4.296454309697947
-18.2659682648993,-4.296483265258168
-18.267491918243458,-4.296512182821244
-18.269015570372204,-4.296541106216423
-18.270539225989143,-4.296570020100175
-18.272062872974452,-4.29659892846005
-18.27358653600454,-4.296627799106862
-18.27511020886313,-4.29665665609439
-18.276633855808228,-4.296685517018536
-18.27815751759268,-4.296714342163293
-18.2796811876699,-4.296743159852889
-18.281204838821814,-4.296771962007279
-18.28272851462172,-4.296800751021364
-18.28425216087784,-4.296829516171819
-18.28577583129474,-4.296858271038366
-18.28729949356056,-4.296887014034837
-18.288823159802362,-4.29691573940321
-18.29034681205721,-4.2969444581301
-18.291870502017094,-4.296973158981667
-18.293394179610825,-4.297001850706811
-18.294917832181294,-4.297030516355763
-18.29644151351216,-4.29705916187352
-18.29796517656715,-4.2970878210567784
-18.299488842699635,-4.297116429286093
-18.301012522410257,-4.297145044370729
-18.302536203334192,-4.297173639288014
-18.304059878378144,-4.297202222293654
-18.30558353025969,-4.297230782778664
-18.30710720649766,-4.29725932417613
-18.30863089643235,-4.297287855849211
-18.31015456544207,-4.297316384727213
-18.311678249868535,-4.297344874179104
-18.31320193613226,-4.297373359058619
-18.314725591318073,-4.297401829185763
-18.31624929269515,-4.29743028878567
-18.317772973263587,-4.297458737421469
-18.319296657799736,-4.297487179451076
-18.320820336054055,-4.29751558779196
-18.32234400816309,-4.2975439916499
-18.32386769925173,-4.297572365332702
-18.325391394907985,-4.297600738518308
-18.326915067754882,-4.297629085616329
-18.328438769583425,-4.297657423435894
-18.32996243870391,-4.297685750666297
-18.331486131780572,-4.297714052009699
-18.33300981319448,-4.29774236375739
-18.334533508625015,-4.29777063224494
-18.336057199078073,-4.297798892821957
-18.337580897148158,-4.297827145205673
-18.33910457242626,-4.297855375308423
-18.340628277853803,-4.297883585302602
-18.342151977610463,-4.297911788499794
-18.34367564128893,-4.297939979278403
-18.345199343620916,-4.2979681500461
-18.346723044648613,-4.297996314972253
-18.348246739201073,-4.29802444388227
-18.349770432393672,-4.298052565710935
-18.35129413628174,-4.298080678755064
-18.35281781771916,-4.298108767457674
-18.354341521695062,-4.298136845323575
-18.35586521484558,-4.298164914786712
-18.357388895997513,-4.298192964675494
-18.358912598875545,-4.298221004994477
-18.36043630113953,-4.298249028977299
-18.36196000962921,-4.29827703044779
-18.36348371292551,-4.298305025667505
-18.365007413570787,-4.2983329881680525
-18.36653113634427,-4.298360951088521
-18.368054833485218,-4.298388882999236
-18.369578516310483,-4.298416822673893
-18.37110222426153,-4.298444724610487
-18.372625934170348,-4.298472625494746
-18.374149625946064,-4.298500498231072
-18.37567332466474,-4.298528355723963
-18.377197031390548,-4.298556224820622
-18.378720726498884,-4.298584068004133
-18.38024444553037,-4.298611884519977
-18.381768146790865,-4.298639690121361
-18.383291862661416,-4.298667491598167
-18.38481557519397,-4.298695258681982
-18.386339297095642,-4.2987230266054555
-18.387863011637332,-4.2987507652672825
-18.389386723009835,-4.2987785012345245
-18.390910434484343,-4.298806212415768
-18.39243413374105,-4.298833910674553
-18.393957872844585,-4.2988615988300705
-18.39548158225154,-4.298889282687959
-18.39700530375663,-4.298916923002747
-18.39852903205422,-4.298944560169745
-18.40005273902932,-4.298972193410556
-18.401576454158505,-4.298999800729985
-18.403100193498787,-4.299027398286347
-18.40462392102298,-4.299054971149548
-18.406147642691632,-4.2990825408922095
-18.407671366928255,-4.299110076117064
-18.409195105345404,-4.299137616435759
-18.4107188277124,-4.299165124227758
-18.412242539551194,-4.299192636330079
-18.413766280543758,-4.299220117139067
-18.41529000502906,-4.299247583388987
-18.416813721890627,-4.299275059213929
-18.418337453197616,-4.299302484637428
-18.419861180190725,-4.29932991342581
-18.42138491467365,-4.299357320441738
-18.42290863571644,-4.2993847122482265
-18.42443236456849,-4.299412113991639
-18.42595611104152,-4.299439465178875
-18.42747985259371,-4.299466815367599
-18.42900356502581,-4.299494146528272
-18.430527277987615,-4.299521477225287
-18.43205103306622,-4.299548793577344
-18.433574778678626,-4.299576073132813
-18.435098531121756,-4.299603356102515
-18.436622258787562,-4.299630617330206
-18.438146008769294,-4.299657857338045
-18.439669763731924,-4.299685057352358
-18.44119350125351,-4.2997122533821255
-18.442717230158223,-4.299739436813936
-18.4442409744482,-4.299766619416896
-18.445764729084075,-4.29979376671463
-18.447288490415488,-4.299820902851071
-18.448812247578992,-4.299848009868359
-18.450336004344866,-4.299875105457537
-18.45185974396805,-4.299902177501721
-18.453383509788907,-4.299929235230577
-18.454907260821432,-4.299956266956867
-18.45643099064477,-4.2999832923533585
-18.457954763000828,-4.30001028970623
-18.45947852547908,-4.30003727590274
-18.46100225381143,-4.3000642416064245
-18.462526027598425,-4.300091192534963
-18.464049784925642,-4.300118124468698
-18.46557353954595,-4.300145043744436
-18.467097311122803,-4.300171930366286
-18.468621064132186,-4.300198804173091
-18.470144805129767,-4.300225661595941
-18.471668589308216,-4.300252505590894
-18.473192341219818,-4.300279333844495
-18.47471611575359,-4.300306133653431
-18.476239872993087,-4.3003329155110315
-18.477763644126398,-4.300359683970573
-18.47928740647237,-4.3003864525754425
-18.480811181924516,-4.300413163781952
-18.48233493898121,-4.300439882174418
-18.48385869873573,-4.300466583936855
-18.48538247960758,-4.30049326058186
-18.486906269037583,-4.300519921777166
-18.488430027636685,-4.300546579676444
-18.489953804906072,-4.300573202933432
-18.49147759091655,-4.300599804257923
-18.493001371316243,-4.300626388345177
-18.494525133538822,-4.300652956371484
-18.496048918405126,-4.300679504963697
-18.49757268351196,-4.300706029752577
-18.499096455872067,-4.300732553878103
-18.500620247204445,-4.300759048579021
-18.50214400339474,-4.300785535897789
-18.503667797270012,-4.300811989694701
-18.50519158069486,-4.300838426807692
-18.506715356620187,-4.300864863522548
-18.508239124387476,-4.300891263868124
-18.509762922925827,-4.300917662592254
-18.51128671342548,-4.300944025597704
-18.512810508791674,-4.300970389165321
-18.51433428519948,-4.300996729025024
-18.5158580812285,-4.301023034610058
-18.51738186843421,-4.301049334499788
-18.51890565957296,-4.301075624560367
-18.52042945621643,-4.30110188163579
-18.52195322845975,-4.301128121688465
-18.52347701144704,-4.301154344131145
-18.525000816361356,-4.3011805573534305
-18.52652460916209,-4.301206747733808
-18.52804839348461,-4.301232925775161
-18.529572197514405,-4.301259067794784
-18.53109600152146,-4.3012852074471715
-18.53261977585678,-4.301311324135504
-18.534143561370445,-4.301337422013751
-18.535667378730047,-4.3013635134212835
-18.537191187478133,-4.301389571403161
-18.5387149852837,-4.301415618010418
-18.540238764378813,-4.301441654157539
-18.54176257817334,-4.301467665359409
-18.54328640273766,-4.301493648178086
-18.54481019049431,-4.30151961835979
-18.546333991576894,-4.30154557556654
-18.547857798907863,-4.3015715124769835
-18.54938160363689,-4.301597451521757
-18.550905427131863,-4.301623351797683
-18.552429242288923,-4.3016492232048025
-18.553953037398216,-4.301675090802531
-18.555476844882158,-4.301700943803101
-18.557000652951984,-4.301726765879744
-18.55852448147379,-4.301752577200777
-18.560048306328472,-4.3017783821339135
-18.561572118731636,-4.301804157502489
-18.56309592507938,-4.301829922157224
-18.564619741225762,-4.301855646914468
-18.566143555359783,-4.301881364534759
-18.567667378637932,-4.301907065451299
-18.569191176525457,-4.301932759714607
-18.570714996438788,-4.301958410031833
-18.572238832143324,-4.301984057760681
-18.573762666692787,-4.302009696788069
-18.575286477396464,-4.3020353076473095
-18.576810276369528,-4.302060894251478
-18.578334117859725,-4.302086469538496
-18.57985794609487,-4.302112026044219
-18.58138174471261,-4.302137548466239
-18.58290557513967,-4.302163070079028
-18.584429410575105,-4.3021885742178245
-18.585953219954664,-4.302214065361756
-18.587477053233144,-4.302239530924655
-18.58900089940624,-4.30226497538859
-18.590524738414985,-4.3022904009658385
-18.592048581317442,-4.302315822863813
-18.59357240828101,-4.3023412180033285
-18.595096229199118,-4.302366568006224
-18.596620053613407,-4.302391937739228
-18.598143892705806,-4.302417275370732
-18.59966771928116,-4.3024425940335975
-18.60119154825641,-4.30246789244252
-18.6027153808616,-4.302493168188151
-18.60423922661055,-4.302518433127578
-18.605763042719232,-4.302543684385829
-18.60728689758735,-4.302568916423153
-18.60881073768173,-4.302594129917408
-18.610334576289034,-4.302619338656724
-18.611858430991447,-4.302644512605413
-18.61338226653905,-4.30266967145249
-18.61490611455424,-4.302694813435074
-18.61642994479133,-4.302719936234226
-18.617953793926652,-4.302745023512708
-18.619477638518084,-4.302770119367386
-18.62100149405261,-4.3027951761974315
-18.622525329173737,-4.302820230084251
-18.62404916994657,-4.302845255978602
-18.625573027886634,-4.302870260480884
-18.62709687812804,-4.30289526106422
-18.628620727415065,-4.302920221536832
-18.630144582467672,-4.302945182658267
-18.631668418793712,-4.302970128319932
-18.633192291805916,-4.302995042024769
-18.6347161544512,-4.303019953692538
-18.636239994394924,-4.303044845339955
-18.637763860893703,-4.303069710024377
-18.639287718685093,-4.303094537638143
-18.640811580029705,-4.30311936526704
-18.642335416222615,-4.303144185243054
-18.64385928007823,-4.303168995681138
-18.645383157297584,-4.3031937642229625
-18.646907009625718,-4.303218510152103
-18.64843086231919,-4.303243260490919
-18.64995472908964,-4.303267963087864
-18.651478597909282,-4.303292666735997
-18.653002461986844,-4.303317360191334
-18.65452633195847,-4.3033420126061
-18.656050182447945,-4.303366661510098
-18.657574068550435,-4.303391295174705
-18.65909792648079,-4.303415920547125
-18.66062179809464,-4.3034405077738676
-18.662145686743422,-4.303465082346287
-18.66366956980191,-4.303489629089897
-18.665193440496946,-4.303514168326807
-18.666717281873886,-4.303538681160727
-18.66824117615642,-4.303563178325185
-18.669765055064513,-4.30358766545693
-18.671288917114342,-4.303612139521042
-18.672812800642394,-4.303636576353886
-18.674336685661146,-4.303660997115462
-18.6758605724548,-4.303685412062597
-18.677384433035858,-4.3037097899248105
-18.6789083064962,-4.303734171645557
-18.680432197005302,-4.303758520371909
-18.681956055590998,-4.303782861081322
-18.68347994645926,-4.303807168373217
-18.685003829817553,-4.303831472418141
-18.686527729364894,-4.303855758866974
-18.688051614948428,-4.303880019595158
-18.689575488638408,-4.303904264320077
-18.691099390722755,-4.303928499664104
-18.69262328650095,-4.303952708440711
-18.694147164828397,-4.3039769063384155
-18.695671060132394,-4.304001070506899
-18.697194960307158,-4.304025222010033
-18.698718840453548,-4.304049360809958
-18.700242735488313,-4.30407346567407
-18.701766643908783,-4.3040975724415285
-18.70329054796796,-4.304121648966985
-18.70481445769862,-4.304145718247905
-18.706338351213248,-4.304169763404073
-18.707862251854568,-4.304193784258652
-18.709386144399268,-4.304217789533423
-18.710910028300077,-4.304241788530814
-18.712433931006903,-4.304265746320409
-18.713957847834777,-4.304289709035994
-18.715481757023593,-4.304313640254531
-18.717005658883593,-4.304337543270041
-18.718529560637943,-4.304361436932472
-18.720053461923808,-4.304385307308218
-18.721577370101432,-4.304409163070254
-18.723101269278523,-4.3044330208718815
-18.724625173697113,-4.304456849679851
-18.726149095362576,-4.304480651776311
-18.727673012444733,-4.304504441432251
-18.729196913947256,-4.304528199359543
-18.730720819204596,-4.30455193940787
-18.732244727513596,-4.304575685925098
-18.73376864269056,-4.304599393002122
-18.735292547731024,-4.304623093559804
-18.736816461798842,-4.3046467627207665
-18.738340375993975,-4.30467041025166
-18.739864292391225,-4.304694065549248
-18.74138820538046,-4.30471767125791
-18.74291211815529,-4.304741276263926
-18.744436037514138,-4.304764861628533
-18.745959942838912,-4.3047884298717465
-18.74748387551211,-4.304811978722863
-18.749007787247212,-4.3048355096971855
-18.750531714187673,-4.304859037692551
-18.752055641578355,-4.304882531168422
-18.753579546294535,-4.304906012588134
-18.755103467801856,-4.304929468766655
-18.756627406988663,-4.304952911118039
-18.758151327228283,-4.3049763378336685
-18.759675244506866,-4.30499973289532
-18.76119918277434,-4.305023117612986
-18.762723098274638,-4.305046493530702
-18.76424704337377,-4.305069836922172
-18.7657709643515,-4.305093179778623
-18.767294883133506,-4.3051164864368845
-18.768818825710596,-4.305139773411811
-18.770342766036954,-4.305163044731199
-18.771866693871814,-4.305186310364506
-18.773390619027236,-4.305209549473764
-18.774914559040816,-4.305232768148515
-18.77643851058493,-4.305255966246446
-18.777962446908756,-4.30527914885413
-18.779486377080207,-4.305302322386168
-18.7810103255762,-4.305325456247093
-18.782534254612713,-4.305348590175461
-18.784058209241955,-4.305371694400811
-18.785582144755374,-4.305394794309936
-18.787106086215694,-4.3054178597731925
-18.788630010993685,-4.305440918395344
-18.79015396398053,-4.305463946787261
-18.791677920645785,-4.305486960337739
-18.79320186762413,-4.3055099517109765
-18.794725803717736,-4.3055329354377525
-18.796249745370446,-4.3055558866319705
-18.797773672293772,-4.305578829635607
-18.79929763666796,-4.305601753420937
-18.800821597178523,-4.305624671017657
-18.802345552306885,-4.305647567648789
-18.803869495533224,-4.305670429022476
-18.80539344553591,-4.305693268356465
-18.80691739832036,-4.3057161077744635
-18.80844134856966,-4.3057389259913466
-18.809965304763143,-4.305761728947055
-18.81148927420673,-4.305784512782717
-18.813013218383123,-4.305807288869053
-18.814537163599724,-4.305830008441325
-18.81606113678909,-4.305852733087117
-18.817585108354773,-4.305875432739041
-18.819109062078848,-4.305898107143984
-18.82063301787825,-4.305920785117638
-18.822156971558236,-4.305943445447725
-18.82368093962813,-4.305966064228587
-18.82520489319887,-4.3059886677494905
-18.82672885094411,-4.306011270978541
-18.828252824183178,-4.30603384157023
-18.829776783607088,-4.3060564145493165
-18.831300759951837,-4.306078933137493
-18.83282472919827,-4.306101458818621
-18.83434867959725,-4.30612396852406
-18.835872676866572,-4.306146450437496
-18.837396651546594,-4.306168911259229
-18.838920604772813,-4.306191375035087
-18.84044454951183,-4.306213785226024
-18.841968534065515,-4.306236192115036
-18.843492514248123,-4.306258574671834
-18.845016496319662,-4.306280946673219
-18.84654045926455,-4.3063032988317245
-18.84806443614294,-4.306325650906249
-18.849588424983597,-4.306347965706328
-18.851112395338188,-4.306370274120123
-18.85263638230613,-4.3063925509541265
-18.854160373265923,-4.306414822137727
-18.855684363778423,-4.306437057671087
-18.857208353471897,-4.306459286854255
-18.858732325563317,-4.306481508918404
-18.860256309479777,-4.306503686562904
-18.861780300969304,-4.306525849720659
-18.863304273269094,-4.306548011526762
-18.86482825312232,-4.30657013625911
-18.866352253334473,-4.3065922497634785
-18.867876247010386,-4.306614338885774
-18.86940023583736,-4.30663640895166
-18.87092421764469,-4.306658451363599
-18.872448188247354,-4.306680500417075
-18.873972171299307,-4.306702522848593
-18.87549616676889,-4.306724513360216
-18.87702016384397,-4.306746502765753
-18.878544140456896,-4.306768468967335
-18.88006813161137,-4.306790393187506
-18.88159212465465,-4.306812321461427
-18.883116114950635,-4.3068342493267915
-18.88464012552048,-4.306856135457439
-18.886164122026937,-4.3068780127524064
-18.887688104513355,-4.306899867126798
-18.889212106543162,-4.306921684470402
-18.89073610783141,-4.30694349982854
-18.89226009874625,-4.306965294073535
-18.893784075515565,-4.30698708775482
-18.895308077253762,-4.307008835538361
-18.896832093199077,-4.30703058020891
-18.898356107363973,-4.30705230547266
-18.89988009438199,-4.307074007354667
-18.901404082319242,-4.307095694604715
-18.90292808922819,-4.307117376924165
-18.904452101643475,-4.307139014295706
-18.905976092745966,-4.307160655697106
-18.907500107140923,-4.307182247729259
-18.909024116216905,-4.307203847742582
-18.91054810878543,-4.307225421885158
-18.912072119956537,-4.307246984176317
-18.913596120868664,-4.307268546947148
-18.91512013902408,-4.307290055298602
-18.91664415859177,-4.307311551906145
-18.91816814909487,-4.307333030947355
-18.919692177328233,-4.307354495187942
-18.921216185044397,-4.307375941305268
-18.922740218304668,-4.307397368109279
-18.924264223280165,-4.307418764777709
-18.925788240260008,-4.307440169639917
-18.927312280223838,-4.307461538422258
-18.928836312399596,-4.307482893110408
-18.93036031451599,-4.307504234865998
-18.93188433485617,-4.307525554903594
-18.93340837048341,-4.307546859627858
-18.934932401095978,-4.307568140866661
-18.93645641566856,-4.307589410501321
-18.937980449981282,-4.307610641478888
-18.93950446518729,-4.30763188321037
-18.941028511016402,-4.307653088815483
-18.942552544419936,-4.307674269504559
-18.944076558788744,-4.307695447709385
-18.945600564225675,-4.307716600327442
-18.94712460581922,-4.307737732197053
-18.94864863843869,-4.307758825668646
-18.95017266462991,-4.307779921758968
-18.95169667212467,-4.30780099786629
-18.953220717040956,-4.307822050410026
-18.954744758754888,-4.307843092680233
-18.956268779756947,-4.307864118736496
-18.95779280490498,-4.307885115101439
-18.959316835033807,-4.307906113763291
-18.96084087446902,-4.3079270588072465
-18.962364908525753,-4.307948006822092
-18.96388894774953,-4.30796894140547
-18.965412986956366,-4.307989860383314
-18.966937038870338,-4.308010740529058
-18.968461083803483,-4.308031615879415
-18.96998511955278,-4.3080524667144395
-18.971509160621906,-4.308073310219168
-18.97303319572215,-4.308094141365941
-18.974557244950386,-4.308114933253479
-18.976081301000274,-4.308135707135745
-18.977605364932327,-4.308156470754446
-18.97912938636253,-4.308177213565148
-18.980653448611996,-4.308197935122143
-18.982177509336978,-4.308218656524632
-18.983701560899235,-4.30823933875866
-18.98522559520886,-4.3082600120505035
-18.98674965813496,-4.308280656356247
-18.9882736944711,-4.308301291795563
-18.989797757111425,-4.308321900705402
-18.99132182001592,-4.308342489607368
-18.992845869484043,-4.308363060968524
-18.994369909944407,-4.308383619646312
-18.99589398127057,-4.308404153048247
-18.997418049773174,-4.308424671986918
-18.998942081345866,-4.308445167034578
-19.00046614548322,-4.3084656534485
-19.00199022519902,-4.308486122258631
-19.003514280830768,-4.308506552075464
-19.005038333518375,-4.308526972732366
-19.006562392595853,-4.308547367335855
-19.008086459655683,-4.308567767195891
-19.009610528470702,-4.308588124901329
-19.011134568870634,-4.308608476193122
-19.012658643458266,-4.3086288059178495
-19.014182698339702,-4.3086491352953695
-19.015706760961013,-4.308669413973234
-19.017230838502133,-4.308689686047871
-19.018754902862057,-4.308709965761843
-19.02027896897584,-4.30873018612063
-19.021803049774732,-4.30875040812358
-19.02332712581236,-4.308770605377594
-19.02485119262492,-4.308790790815978
-19.026375256560662,-4.308810941032984
-19.027899331432724,-4.308831099605611
-19.029423414935273,-4.308851224272172
-19.0309474787745,-4.308871352767077
-19.032471560150846,-4.308891427329528
-19.033995650787784,-4.3089114963886335
-19.03551972271348,-4.308931543853713
-19.03704378191722,-4.308951582934113
-19.038567879971254,-4.30897160435836
-19.040091958456237,-4.308991584532499
-19.041616028560412,-4.30901157770014
-19.043140122458496,-4.309031541512453
-19.044664201217255,-4.309051465355811
-19.046188270568866,-4.30907140256291
-19.047712358617584,-4.309091299059508
-19.04923645028385,-4.309111176319192
-19.050760516535604,-4.3091310333486375
-19.05228459149176,-4.309150893496538
-19.05380868702499,-4.309170720160422
-19.055332767514702,-4.309190521593173
-19.056856839708068,-4.30921032803751
-19.058380934895638,-4.309230092084836
-19.059905023800624,-4.309249838166292
-19.061429103697133,-4.30926956522969
-19.062953170842558,-4.309289276017002
-19.064477266919514,-4.309308980683014
-19.066001371427923,-4.309328664372717
-19.067525464251432,-4.309348319172751
-19.069049552214235,-4.309367967156176
-19.070573648600902,-4.309387582889063
-19.072097729957793,-4.30940718795006
-19.073621833120995,-4.309426771530436
-19.07514591260521,-4.309446327850865
-19.07667000138537,-4.309465880808373
-19.078194121909814,-4.309485408705873
-19.079718221095682,-4.309504904727955
-19.08124229227176,-4.309524393139858
-19.082766386757548,-4.309543869063527
-19.08429049147082,-4.30956331976037
-19.085814595834226,-4.309582753675888
-19.08733869984688,-4.309602166563219
-19.088862811079366,-4.309621560417446
-19.090386891388842,-4.309640949817612
-19.091910973200523,-4.309660296492495
-19.093435094757904,-4.309679630048473
-19.094959196976635,-4.309698940583114
-19.096483296495926,-4.309718256337168
-19.09800739848326,-4.309737529043738
-19.09953149533979,-4.309756787246616
-19.10105560140487,-4.309776048414239
-19.102579730111746,-4.309795276464535
-19.104103830560366,-4.309814470902998
-19.105627935969803,-4.309833675261236
-19.10715204907518,-4.30985284068765
-19.108676140127066,-4.309872000854297
-19.110200255390488,-4.309891119979869
-19.11172437290577,-4.3099102289449345
-19.113248474082877,-4.309929337120091
-19.114772599284912,-4.309948413136316
-19.116296710632025,-4.309967466946756
-19.11782082285219,-4.309986513721283
-19.119344924389523,-4.310005547458966
-19.120869035605057,-4.3100245263444545
-19.12239316548265,-4.310043510095609
-19.123917279569483,-4.310062463312935
-19.1254413993763,-4.310081408985564
-19.126965503946575,-4.3101003369835995
-19.128489631590007,-4.310119244631235
-19.130013731862938,-4.310138141915081
-19.131537862219044,-4.310157010351204
-19.133061994079153,-4.310175866199097
-19.1345861057125,-4.310194709234967
-19.136110207727263,-4.310213526039748
-19.137634338725665,-4.310232308328315
-19.13915847748401,-4.310251077304226
-19.140682595399785,-4.310269839505738
-19.142206705088576,-4.310288594496141
-19.14373084044943,-4.3103073126448965
-19.145254974607752,-4.310326017894494
-19.146779086143187,-4.310344684983239
-19.148303223926643,-4.310363350165766
-19.149827341655907,-4.310381995571941
-19.151351481416743,-4.3104006237057115
-19.15287560723494,-4.310419228910271
-19.154399719225502,-4.3104378332725215
-19.155923856792192,-4.310456406872912
-19.15744799494729,-4.310474952461474
-19.15897213550539,-4.310493481398763
-19.16049626278584,-4.310512009197213
-19.16202041363401,-4.310530489602081
-19.163544545088445,-4.3105489534306844
-19.165068665208086,-4.310567415160575
-19.16659280201873,-4.31058586003005
-19.16811695295936,-4.3106042837219904
-19.169641072285504,-4.310622668810508
-19.171165227340623,-4.3106410482843645
-19.172689363324007,-4.310659399690607
-19.17421350732292,-4.310677763779207
-19.175737632341598,-4.310696086429926
-19.17726177455306,-4.310714382770993
-19.17878591917145,-4.3107326599686875
-19.180310072907222,-4.310750935358467
-19.181834209223805,-4.31076919070377
-19.18335834830212,-4.310787417860029
-19.184882504951894,-4.310805629615896
-19.186406661102186,-4.310823828567939
-19.187930792132505,-4.310842003613372
-19.18945494883696,-4.310860161587472
-19.19097911364654,-4.310878300866622
-19.192503255097996,-4.31089642677759
-19.19402740522737,-4.310914529028763
-19.195551554958914,-4.310932602252172
-19.19707570127721,-4.3109506811758855
-19.19859985688273,-4.310968709045664
-19.200124014740457,-4.310986729767697
-19.201648168137677,-4.311004732138018
-19.203172303222306,-4.311022723659326
-19.204696479149156,-4.311040697769431
-19.20622063200562,-4.311058631173498
-19.207744780748353,-4.31107657377099
-19.209268949939666,-4.311094481262099
-19.21079311997536,-4.311112377211421
-19.212317265932043,-4.311130242411079
-19.21384139995021,-4.311148092668696
-19.215365576652687,-4.311165926699542
-19.216889740996205,-4.311183740368887
-19.218413915948457,-4.3112015386612
-19.21993806830198,-4.311219323550302
-19.22146224218649,-4.311237073632268
-19.222986396386812,-4.311254830843993
-19.224510567880703,-4.311272541947827
-19.226034728665944,-4.311290231805815
-19.227558879409536,-4.311307908789656
-19.229083059915403,-4.311325574811954
-19.230607229543434,-4.311343238904311
-19.232131405224198,-4.31136085744291
-19.23365556686314,-4.311378471620584
-19.235179738226723,-4.311396052230466
-19.236703900779418,-4.311413613907787
-19.238228065065215,-4.311431176249219
-19.23975224325591,-4.311448710504825
-19.24127641183672,-4.311466221593891
-19.24280058252137,-4.311483716023469
-19.24432476576526,-4.311501190450288
-19.24584891927892,-4.311518657340371
-19.24737309799636,-4.311536089405449
-19.24889727720238,-4.311553497654106
-19.250421467863646,-4.311570897296268
-19.25194563797329,-4.311588291547384
-19.253469822948063,-4.3116056528984785
-19.254993985486024,-4.311622985370629
-19.256518175086885,-4.311640308299053
-19.258042358021243,-4.3116576038953776
-19.259566533322698,-4.3116749116474775
-19.261090719371104,-4.31169216570922
-19.262614902184097,-4.311709399216246
-19.26413908280296,-4.3117266311164295
-19.265663262807898,-4.3117438519649465
-19.26718744498661,-4.311761036461258
-19.26871162087221,-4.311778217505998
-19.270235785750852,-4.311795356136068
-19.271759983014956,-4.311812486543134
-19.27328416727209,-4.311829601541533
-19.274808337071153,-4.311846698284522
-19.27633253757098,-4.311863781235506
-19.27785674057176,-4.3118808270980615
-19.279380924894664,-4.311897860272937
-19.28090510181928,-4.311914895341974
-19.282429285682692,-4.311931895177763
-19.28395348739515,-4.311948870257243
-19.285477671975723,-4.311965828980771
-19.287001852465465,-4.311982783379732
-19.28852606735674,-4.311999712327709
-19.290050263966286,-4.312016615655717
-19.29157444643331,-4.312033512767018
-19.293098638987686,-4.312050380153163
-19.294622846075743,-4.312067222269348
-19.296147042291203,-4.312084050268848
-19.297671226713543,-4.312100859824126
-19.299195421813426,-4.312117658532527
-19.300719605308817,-4.312134436848569
-19.30224381280069,-4.312151180497739
-19.303768020279506,-4.312167921928404
-19.30529220978252,-4.312184638739281
-19.30681641551667,-4.312201330446122
-19.30834063234392,-4.3122180077933585
-19.309864825374483,-4.312234679370105
-19.311389026385044,-4.312251320971715
-19.312913230794784,-4.312267936889517
-19.31443742480048,-4.31228453539641
-19.3159616250322,-4.3123011310985975
-19.317485836539984,-4.312317695202861
-19.319010044207015,-4.312334238965471
-19.320534262887602,-4.312350758416703
-19.322058457473936,-4.312367262661457
-19.323582663917247,-4.3123837464922765
-19.325106868916873,-4.312400219278562
-19.326631079676496,-4.312416677198383
-19.328155284136713,-4.3124331161333345
-19.32967950247984,-4.312449519951114
-19.331203710976773,-4.312465920287215
-19.332727923983033,-4.312482294728518
-19.334252133424275,-4.312498645777133
-19.3357763513501,-4.312514987700348
-19.337300563682454,-4.312531300712675
-19.338824759322044,-4.312547610949549
-19.34034897537544,-4.312563889953168
-19.34187319899284,-4.312580158519173
-19.343397390121567,-4.312596394123007
-19.344921627931665,-4.312612609592843
-19.346445850853822,-4.312628809432281
-19.347970055073933,-4.312645006123211
-19.349494262671563,-4.3126611609682755
-19.351018503320383,-4.312677315277873
-19.352542715824644,-4.3126934437383415
-19.354066935690675,-4.312709565416103
-19.35559115226306,-4.312725639185855
-19.357115358306558,-4.312741722817972
-19.35863958315081,-4.312757780038245
-19.360163808031214,-4.312773800350018
-19.36168803817975,-4.31278980825793
-19.363212259371714,-4.312805815700469
-19.36473649227803,-4.312821778159734
-19.366260716485787,-4.312837733821601
-19.367784937624968,-4.312853684986978
-19.369309189332668,-4.312869602435537
-19.370833420054645,-4.312885496290095
-19.372357620112176,-4.31290137656642
-19.373881844631473,-4.312917245950484
-19.375406091789856,-4.3129330737924
-19.37693032034884,-4.3129488929204225
-19.378454536569187,-4.312964696349011
-19.379978764839805,-4.312980498307093
-19.381503007834883,-4.312996262436193
-19.383027239954092,-4.313012031573817
-19.384551473625425,-4.313027750056594
-19.38607571225459,-4.3130434532011375
-19.387599934949222,-4.3130591415784725
-19.389124190743996,-4.313074811560227
-19.390648415765078,-4.313090457861519
-19.39217264354327,-4.313106096543226
-19.39369690756472,-4.3131217198896445
-19.39522112457745,-4.313137316424777
-19.396745365236725,-4.313152886338858
-19.398269630882712,-4.3131684516096795
-19.399793868521016,-4.313183981216388
-19.401318106675117,-4.313199508997187
-19.402842349765955,-4.313214995957504
-19.40436658287278,-4.313230481494258
-19.405890831239635,-4.313245937732668
-19.407415074644664,-4.313261398595718
-19.408939315581502,-4.313276802150463
-19.410463554821494,-4.3132922006061465
-19.41198780144237,-4.313307594618684
-19.41351205943963,-4.31332295871535
-19.41503628787862,-4.313338302531594
-19.41656054862964,-4.313353638677334
-19.418084811767635,-4.313368949483321
-19.419609065458275,-4.31338424153192
-19.421133300193443,-4.313399503881977
-19.42265753672475,-4.31341475539983
-19.424181790354687,-4.313429983353962
-19.425706048952744,-4.313445186566893
-19.427230276874013,-4.313460386145561
-19.42875453418786,-4.313475565032441
-19.430278799087397,-4.313490708765086
-19.431803053119353,-4.313505839220488
-19.433327284689806,-4.313520955488105
-19.43485154002286,-4.313536068667069
-19.43637580217536,-4.313551131043997
-19.43790006288848,-4.313566193866398
-19.439424302060704,-4.3135812334093755
-19.440948551682826,-4.313596272431103
-19.44247281954915,-4.313611265746209
-19.443997082662126,-4.31362625267043
-19.44552132091945,-4.313641212581274
-19.447045580510583,-4.31365614739138
-19.448569849858394,-4.313671076836217
-19.450094086995804,-4.313685982265754
-19.451618339524114,-4.3137008867630735
-19.45314260807686,-4.313715748204172
-19.454666872122417,-4.313730591593938
-19.45619112093689,-4.313745413473647
-19.457715370339216,-4.313760234609245
-19.459239646965063,-4.313775026571455
-19.460763922824654,-4.313789805287349
-19.46228818206978,-4.3138045589155
-19.463812428703015,-4.313819305354132
-19.46533668838046,-4.313834003009637
-19.466860954938312,-4.313848693933901
-19.468385218608454,-4.313863371429019
-19.46990949914283,-4.313878031263163
-19.47143375621371,-4.313892677672114
-19.472958045746235,-4.3139072908574
-19.4744823126812,-4.3139218889186415
-19.476006555800957,-4.313936471853153
-19.47753082295379,-4.313951044125187
-19.479055110134112,-4.313965578788067
-19.48057938786212,-4.313980102749775
-19.482103650569044,-4.313994618847803
-19.48362793251824,-4.314009100233213
-19.485152190636555,-4.314023569777272
-19.48667647078517,-4.314038004889259
-19.488200750177594,-4.314052428262933
-19.489725031534373,-4.314066843701988
-19.491249309885408,-4.314081245982375
-19.49277357899242,-4.314095604855851
-19.49429784795756,-4.314109961757146
-19.495822133500457,-4.314124287864318
-19.497346400809626,-4.314138600885574
-19.49887068226679,-4.314152885884086
-19.500394982370867,-4.314167166635431
-19.50191926724396,-4.314181409940293
-19.503443532631692,-4.314195648172564
-19.50496783196646,-4.314209856461143
-19.50649210957166,-4.314224047888141
-19.508016383246783,-4.314238231865303
-19.509540689391226,-4.314252374895188
-19.51106498306428,-4.314266515968217
-19.51258924338552,-4.3142806399982305
-19.51411351714592,-4.314294739263961
-19.51563781895353,-4.314308815275478
-19.51716208903848,-4.314322885500918
-19.51868638701004,-4.314336929892685
-19.520210674833223,-4.314350952634709
-19.521734964159343,-4.314364950282291
-19.523259242722283,-4.314378939300271
-19.524783542223503,-4.314392913579096
-19.526307837831048,-4.314406845027803
-19.527832134240366,-4.314420766140779
-19.529356424410672,-4.314434679800529
-19.530880721505078,-4.31444855662935
-19.53240500092806,-4.314462432248746
-19.5339292920698,-4.314476290223067
-19.535453594758206,-4.314490114206759
-19.53697789403287,-4.314503931522194
-19.538502173052844,-4.31451771918707
-19.540026485460263,-4.314531484129245
-19.541550787181983,-4.3145452381578755
-19.54307506863312,-4.3145589728547575
-19.54459935952366,-4.3145726931141875
-19.546123664948674,-4.314586387972558
-19.547647974092897,-4.314600056533781
-19.549172276637872,-4.314613719030488
-19.55069655488661,-4.314627359588041
-19.55222084746761,-4.314640977216175
-19.553745157445984,-4.314654576776699
-19.55526946006393,-4.3146681514599505
-19.55679375818597,-4.314681724220669
-19.55831805793263,-4.314695248841173
-19.55984237511563,-4.31470877125054
-19.561366680774757,-4.314722270830999
-19.5628909765076,-4.314735752210335
-19.564415270055147,-4.314749221738269
-19.565939580640112,-4.314762662447166
-19.567463880792836,-4.314776079391415
-19.56898819462828,-4.314789478498056
-19.570512500160202,-4.3148028578594815
-19.572036787695403,-4.314816220116092
-19.573561101333123,-4.314829568241715
-19.57508541891909,-4.314842895069492
-19.57660973031904,-4.314856213348563
-19.578134058355815,-4.314869515528223
-19.579658356344705,-4.314882782831994
-19.58118265587997,-4.314896036875142
-19.582706972499302,-4.314909265171515
-19.584231303043495,-4.314922473013637
-19.585755621400306,-4.314935659307862
-19.587279929356754,-4.3149488431931395
-19.588804249118493,-4.314961988279274
-19.59032854566509,-4.314975130599561
-19.5918528695297,-4.314988244584848
-19.593377211233545,-4.315001349065731
-19.59490151856439,-4.315014411330841
-19.596425833263293,-4.315027471000122
-19.597950165325965,-4.315040510300236
-19.5994744803386,-4.315053529475669
-19.600998818793947,-4.315066522521443
-19.602523123730567,-4.315079511980841
-19.604047456406384,-4.315092467377439
-19.605571780880016,-4.315105407148177
-19.60709610389056,-4.315118336847949
-19.608620426915017,-4.315131227447836
-19.61014474011677,-4.315144121607272
-19.61166907788767,-4.315156983423938
-19.613193414680246,-4.3151698332635195
-19.614717733354606,-4.315182654088379
-19.616242039871747,-4.315195468077606
-19.61776636460588,-4.31520823686961
-19.619290697665985,-4.3152209934840124
-19.620815025149412,-4.315233725345155
-19.622339334431253,-4.3152464582886125
-19.623863658709702,-4.315259177175943
-19.625388008414607,-4.315271857631256
-19.626912326583746,-4.315284537818161
-19.628436662670367,-4.315297191014085
-19.629961017649325,-4.3153098206139004
-19.63148534766756,-4.315322434568054
-19.63300966825875,-4.3153350289587245
-19.634534012444977,-4.315347590341129
-19.636058344743862,-4.315360160926343
-19.63758268812356,-4.315372682790581
-19.63910702435839,-4.315385194221261
-19.640631345412146,-4.315397691364953
-19.64215570217855,-4.315410168305468
-19.643680051936222,-4.31542261876045
-19.645204382819898,-4.315435064314805
-19.646728731648594,-4.315447477117944
-19.64825305841964,-4.315459875394108
-19.649777409115753,-4.315472257128022
-19.6513017427898,-4.315484607388602
-19.65282607325299,-4.315496958086985
-19.654350409049023,-4.315509261525054
-19.655874757256374,-4.31552154785923
-19.657399078088403,-4.315533833943132
-19.658923432382615,-4.315546102481433
-19.66044778048672,-4.315558329291619
-19.66197211251518,-4.315570549590314
-19.663496458402715,-4.315582763744532
-19.66502080698936,-4.31559492891167
-19.66654513682706,-4.315607092889529
-19.66806947252052,-4.315619242167205
-19.669593827793175,-4.315631362625413
-19.67111819334295,-4.315643474632137
-19.672642551804135,-4.315655555659752
-19.674166874663396,-4.315667618709032
-19.675691231596833,-4.315679660621393
-19.67721560467289,-4.315691696617338
-19.67873996121352,-4.315703700833432
-19.680264297014332,-4.315715697722919
-19.681788657820213,-4.315727655477126
-19.683313028798384,-4.3157395990249485
-19.684837381475667,-4.315751528072737
-19.68636172378273,-4.315763433865124
-19.687886061953396,-4.315775325625695
-19.689410434004827,-4.3157872016144925
-19.6909347887791,-4.315799053108694
-19.692459153332766,-4.3158108813471525
-19.69398349368405,-4.315822695226976
-19.695507869678593,-4.3158344740497006
-19.697032239262946,-4.315846253092707
-19.698556578872598,-4.315858012930359
-19.700080938852945,-4.315869756038116
-19.701605304782856,-4.315881455828448
-19.70312965016392,-4.315893162005297
-19.704654013097084,-4.315904834232117
-19.70617839261378,-4.315916482818665
-19.70770275258627,-4.3159281158771465
-19.7092271072891,-4.315939727657988
-19.71075145933891,-4.31595134133888
-19.712275823897336,-4.315962891164356
-19.71380018345535,-4.315974451847954
-19.715324552933858,-4.315985994699032
-19.716848931261865,-4.315997502190227
-19.718373319403053,-4.316009000025141
-19.71989767707062,-4.316020491686147
-19.721422051471837,-4.316031946773332
-19.722946428134914,-4.316043383215847
-19.72447080509598,-4.316054808234044
-19.725995168214343,-4.3160662032366135
-19.727519557670398,-4.316077582438353
-19.72904393467866,-4.316088948028483
-19.730568283465228,-4.316100278382546
-19.732092676919894,-4.316111593216233
-19.733617052766604,-4.316122895450865
-19.73514139602082,-4.316134179378389
-19.736665759980745,-4.316145435316776
-19.738190151291732,-4.3161566764514205
-19.739714529624948,-4.316167908422361
-19.741238889062206,-4.316179111126644
-19.742763270315855,-4.316190285275991
-19.744287656055473,-4.3162014491612695
-19.74581201179462,-4.3162125878769215
-19.747336391402435,-4.316223723955034
-19.748860775982436,-4.316234819558508
-19.750385139387323,-4.31624591064407
-19.751909523624935,-4.316256972812607
-19.753433905864945,-4.316268011844683
-19.754958294355177,-4.316279042758016
-19.756482651250128,-4.316290049762677
-19.758007015316913,-4.316301025877401
-19.75953140549334,-4.31631198902999
-19.761055802367732,-4.3163229380726165
-19.762580180980653,-4.316333861932417
-19.764104549738924,-4.316344778002063
-19.765628928167025,-4.316355669290076
-19.767153325164266,-4.316366532481703
-19.76867769722988,-4.3163773813167
-19.770202090814582,-4.316388198503886
-19.77172646144969,-4.316398999415448
-19.773250828351642,-4.316409791894436
-19.774775206163493,-4.3164205669866
-19.77629961171542,-4.31643131037091
-19.77782400015816,-4.3164420453168715
-19.77934839480089,-4.316452759950988
-19.780872783322668,-4.316463461527714
-19.782397173136086,-4.316474132410858
-19.783921574311734,-4.316484781054177
-19.785445957746127,-4.3164954163769735
-19.786970353320505,-4.316506039646871
-19.788494744351077,-4.316516611999728
-19.79001912130323,-4.316527191163142
-19.791543523060977,-4.3165377474050555
-19.793067920006603,-4.316548291620558
-19.79459231828168,-4.3165587932344005
-19.7961166903836,-4.3165693001487435
-19.79764110751401,-4.316579778687041
-19.799165511510484,-4.316590226871378
-19.800689897234147,-4.316600684366565
-19.802214289973204,-4.316611083627163
-19.803738695153232,-4.316621480763786
-19.805263099795894,-4.31663186256383
-19.80678748919155,-4.31664222372104
-19.808311892401857,-4.316652546770234
-19.809836299469545,-4.316662867842316
-19.811360697853747,-4.316673171229631
-19.812885088463617,-4.3166834474977875
-19.814409490016654,-4.316693697616065
-19.81593391127209,-4.316703941977403
-19.817458311772018,-4.31671415830615
-19.81898270077175,-4.316724352738771
-19.82050709366724,-4.316734537716582
-19.822031511131428,-4.316744698481182
-19.823555907891368,-4.316754843919363
-19.82508032374665,-4.316764956161284
-19.82660474025977,-4.316775064674721
-19.82812913437508,-4.316785139611179
-19.829653554409568,-4.316795197130624
-19.831177963109777,-4.316805247173827
-19.832702354427116,-4.316815262945552
-19.83422676250721,-4.316825255444392
-19.835751193904084,-4.316835242719923
-19.837275604550243,-4.316845204583208
-19.8388000074886,-4.31685513882608
-19.840324414525018,-4.316865049753997
-19.841848804020298,-4.316874954224925
-19.84337320504344,-4.316884845292154
-19.844897634514417,-4.316894710376224
-19.84642202888637,-4.316904555581584
-19.84794645529414,-4.316914380621713
-19.849470880053758,-4.31692418710699
-19.850995291058283,-4.3169339678179846
-19.85251968467389,-4.316943741895425
-19.8540440955482,-4.316953478083321
-19.855568524575556,-4.316963197738465
-19.857092940081095,-4.316972919351665
-19.858617351935546,-4.316982583662855
-19.860141765124013,-4.316992251877555
-19.861666189436317,-4.317001899561234
-19.863190610711293,-4.317011525792832
-19.864715039842974,-4.317021132800887
-19.866239468373262,-4.3170307340038905
-19.867763886213385,-4.317040276310367
-19.86928829393858,-4.317049827547746
-19.870812711742786,-4.31705935671051
-19.872337142478965,-4.317068851865858
-19.873861553377303,-4.317078345105364
-19.875385982616606,-4.317087806009191
-19.87691039638591,-4.317097263093769
-19.878434826418847,-4.317106683790527
-19.87995925623024,-4.317116089170046
-19.881483686665295,-4.317125469696699
-19.883008101292805,-4.317134851347439
-19.88453252168436,-4.317144193768116
-19.886056967581116,-4.317153527383092
-19.88758139982504,-4.317162847732947
-19.88910583525279,-4.317172126177456
-19.89063025057835,-4.317181406236194
-19.89215468786503,-4.317190650719564
-19.89367912455346,-4.317199888895733
-19.895203558951742,-4.317209109600754
-19.896727998826695,-4.31721829529098
-19.898252424262605,-4.317227478383186
-19.899776856291297,-4.317236624508111
-19.901301279436296,-4.317245767446115
-19.902825715815105,-4.317254860175932
-19.90435014266416,-4.31726395032257
-19.90587458994455,-4.317273024632952
-19.907399015435715,-4.3172820776566265
-19.908923440330767,-4.317291113262387
-19.91044787666409,-4.317300114025092
-19.91197231898587,-4.317309106015873
-19.913496762590388,-4.3173180790925345
-19.915021182977522,-4.317327041101054
-19.916545604247826,-4.317335951584695
-19.918070031511675,-4.317344869606533
-19.919594478383264,-4.317353761383536
-19.921118919309425,-4.31736262911121
-19.922643344009053,-4.317371480751558
-19.92416778342408,-4.317380319766303
-19.92569223752822,-4.31738912379253
-19.927216685476044,-4.317397916649805
-19.928741135706783,-4.317406689952205
-19.930265555446802,-4.3174154409880305
-19.931789996635256,-4.317424169792087
-19.933314461092888,-4.317432888678093
-19.93483889409011,-4.317441588923675
-19.93636334024641,-4.317450255164746
-19.937887782168083,-4.317458909534192
-19.939412224751845,-4.3174675529513475
-19.94093668414075,-4.317476155948389
-19.9424611182283,-4.317484767638312
-19.943985562865205,-4.3174933414369985
-19.945510018077137,-4.317501887906245
-19.947034456391734,-4.31751041956475
-19.948558887901843,-4.317518932958474
-19.950083350947594,-4.317527433492753
-19.951607779339263,-4.317535890792828
-19.953132222696624,-4.317544348465297
-19.954656687828873,-4.317552773208453
-19.95618113243364,-4.317561198085109
-19.95770557843141,-4.317569585830017
-19.959230047445352,-4.3175779596845985
-19.96075450304327,-4.3175863116356465
-19.96227894617839,-4.317594656014871
-19.96380340914257,-4.31760296264839
-19.965327870295383,-4.317611256202583
-19.966852322618667,-4.317619530184135
-19.968376776198536,-4.31762779390845
-19.96990124823987,-4.317636021409177
-19.97142569477418,-4.317644244958864
-19.972950141588154,-4.317652436945353
-19.97447460383177,-4.317660600830692
-19.97599905543466,-4.317668765908539
-19.977523492660605,-4.317676894584979
-19.979047963647275,-4.317685008100624
-19.980572434211943,-4.317693109194805
-19.98209686379453,-4.317701178897644
-19.983621318310327,-4.317709229191304
-19.98514579296523,-4.317717256226807
-19.98667025908834,-4.31772527639679
-19.98819470729864,-4.317733271379221
-19.989719166324758,-4.317741240220821
-19.991243610704853,-4.317749200346962
-19.992768051769342,-4.317757121472198
-19.994292505575025,-4.3177650378668915
-19.995816975378567,-4.3177729316990145
-19.997341419361245,-4.31778080504752
-19.998865887994178,-4.317788656150194
-20.000390362817324,-4.317796499619929
-20.001914818897816,-4.31780431416997
-20.003439290654203,-4.317812104167474
-20.00496375517988,-4.317819876721816
-20.006488212487028,-4.317827625383415
-20.008012660615556,-4.317835367325007
-20.0095371348468,-4.3178430795946525
-20.011061601576504,-4.317850767331079
-20.01258608015905,-4.317858440280998
-20.014110546986448,-4.317866108809338
-20.015635008100368,-4.317873728400464
-20.017159486325703,-4.317881348550936
-20.018683947584815,-4.317888937622461
-20.020208424485304,-4.317896508795748
-20.02173289715872,-4.317904061365479
-20.023257370651198,-4.31791160383285
-20.02478185840271,-4.317919116249528
-20.026306305870932,-4.317926604111981
-20.027830791406423,-4.317934078118921
-20.029355266740925,-4.3179415275072515
-20.030879728868435,-4.317948963916013
-20.03240419998208,-4.317956378933793
-20.033928692894218,-4.317963765418618
-20.035453168807884,-4.317971139226191
-20.036977630879374,-4.317978490557167
-20.038502092389113,-4.317985830100747
-20.040026581087137,-4.3179931382254395
-20.041551061608356,-4.318000419435781
-20.043075527602035,-4.318007704895483
-20.04459999031273,-4.318014947391809
-20.046124478291542,-4.3180221769654334
-20.047648962395925,-4.318029388630904
-20.049173432059877,-4.318036598058716
-20.05069791167352,-4.318043761236594
-20.052222398698,-4.318050919831679
-20.053746870520946,-4.318058055754526
-20.055271357737578,-4.318065161510128
-20.056795845790397,-4.318072250578317
-20.058320299415893,-4.318079322550352
-20.05984479435718,-4.318086374126394
-20.06136927965293,-4.318093403970148
-20.062893744350355,-4.318100423751631
-20.064418213471114,-4.3181074127588595
-20.06594271239013,-4.318114383744641
-20.067467189764496,-4.318121335926047
-20.068991659069866,-4.3181282759817
-20.07051614987302,-4.3181351779486645
-20.07204064094174,-4.318142074192192
-20.073565101319733,-4.31814894395104
-20.075089598304377,-4.318155794726438
-20.07661409141108,-4.318162626197828
-20.078138572499512,-4.318169449195275
-20.079663052118068,-4.318176235352866
-20.081187548752297,-4.318183005323824
-20.08271203758336,-4.318189756876301
-20.084236516156732,-4.3181964850322325
-20.0857610056614,-4.318203191790334
-20.08728547696982,-4.31820988594536
-20.088809980103836,-4.318216564393656
-20.090334454588575,-4.318223207159522
-20.091858952932185,-4.3182298422327445
-20.093383434756916,-4.31823645489741
-20.09490793034451,-4.318243049271212
-20.09643242860962,-4.318249600435662
-20.09795692072792,-4.318256156712735
-20.099481409231284,-4.3182626847484045
-20.10100589345386,-4.318269190744343
-20.102530404834884,-4.3182756827846855
-20.10405490040657,-4.318282144033238
-20.1055793819083,-4.318288599849203
-20.107103893840574,-4.318295024458694
-20.108628406069524,-4.318301441035817
-20.1101528774967,-4.318307827921272
-20.11167736914613,-4.318314199362146
-20.113201884866093,-4.318320536122029
-20.11472637341866,-4.31832686365774
-20.116250860882346,-4.318333176640258
-20.11777535560948,-4.318339470357129
-20.119299863668545,-4.318345737161531
-20.120824358564956,-4.3183519842865605
-20.122348838126815,-4.3183582072022455
-20.123873348754437,-4.31836440893273
-20.125397841032143,-4.3183706044648105
-20.126922348415906,-4.318376770868489
-20.128446837750054,-4.31838292324003
-20.129971340994295,-4.318389046213767
-20.131495852590827,-4.31839515322017
-20.133020356322,-4.318401247082832
-20.134544855568713,-4.31840730578584
-20.136069377257765,-4.318413360130722
-20.13759385861806,-4.318419376905986
-20.139118368983745,-4.31842538297567
-20.14064287002496,-4.318431368755929
-20.142167376241137,-4.31843733059352
-20.143691881462797,-4.318443281505288
-20.1452163985489,-4.31844921288602
-20.146740905993923,-4.318455103518684
-20.14826542296247,-4.318460993343113
-20.14978991350953,-4.318466850652546
-20.151314427037846,-4.318472696404609
-20.152838950695916,-4.31847851807877
-20.154363455577812,-4.318484334065621
-20.155887979338424,-4.318490117066608
-20.157412480009796,-4.318495870223047
-20.158936986019192,-4.318501626919437
-20.16046151464472,-4.318507340235913
-20.16198603197774,-4.318513044165471
-20.16351052270965,-4.318518727417281
-20.165035032628634,-4.318524399773879
-20.16655956325672,-4.3185300342011494
-20.16808405065797,-4.318535666462125
-20.169608552020176,-4.318541264218759
-20.171133077882068,-4.318546847984799
-20.172657598346614,-4.3185524129763015
-20.174182093394656,-4.318557957857911
-20.17570660620582,-4.318563471601551
-20.17723111867828,-4.318568972177597
-20.17875561831907,-4.318574471935598
-20.180280119115597,-4.318579918924716
-20.181804629334437,-4.318585356532756
-20.183329152883562,-4.318590780268493
-20.184853645946113,-4.31859618620476
-20.186378151962607,-4.318601557161548
-20.18790267319515,-4.318606910315192
-20.18942718113381,-4.318612249549806
-20.19095168759649,-4.318617574957425
-20.192476202359533,-4.318622870536026
-20.194000719190942,-4.318628149032301
-20.19552523402038,-4.318633401037701
-20.197049738520594,-4.318638644380945
-20.198574257998448,-4.318643854136094
-20.200098766988333,-4.318649048170768
-20.201623301811185,-4.3186542284661265
-20.20314779968016,-4.318659388145425
-20.204672320725276,-4.318664523750829
-20.206196848031624,-4.318669639918811
-20.20772136307064,-4.318674738666465
-20.209245881967902,-4.318679803124222
-20.21077040729242,-4.318684857513482
-20.212294913286932,-4.318689898252105
-20.213819411927354,-4.318694902879405
-20.215343939174495,-4.318699897530953
-20.21686847739283,-4.318704866080336
-20.218393004359886,-4.318709826631652
-20.219917509239544,-4.318714755761524
-20.221442037613656,-4.318719669739155
-20.222966551843466,-4.31872457135066
-20.224491064212376,-4.318729433549631
-20.226015588336143,-4.318734284067958
-20.227540087793226,-4.318739117430584
-20.229064620551696,-4.3187439329743444
-20.230589165952274,-4.318748725465176
-20.232113690466964,-4.318753493486862
-20.23363818783763,-4.318758248140683
-20.235162717869727,-4.318762982145172
-20.23668724467533,-4.318767674905805
-20.238211768080212,-4.318772371271095
-20.239736282432972,-4.318777035578296
-20.241260822586728,-4.318781680398615
-20.24278533717777,-4.3187863133044235
-20.24430987925761,-4.318790920144441
-20.2458344223802,-4.318795506184196
-20.2473589348759,-4.318800077548356
-20.248883441768527,-4.318804629632267
-20.25040797230378,-4.318809151128756
-20.25193251096335,-4.318813657634468
-20.253457035745402,-4.318818144782763
-20.25498155875036,-4.3188226249164305
-20.256506088955994,-4.318827056175239
-20.258030616286565,-4.318831481115258
-20.2595551376182,-4.318835899709853
-20.261079654392965,-4.318840275536296
-20.26260419667018,-4.318844644426648
-20.264128711694347,-4.318848984714324
-20.265653237068,-4.318853291120344
-20.26717777535818,-4.318857592718349
-20.26870229244199,-4.31886187596417
-20.27022682544941,-4.318866129647694
-20.271751368352664,-4.318870359961606
-20.27327588032979,-4.3188745834628515
-20.274800420953337,-4.318878776861325
-20.276324965016222,-4.318882943783795
-20.27784947365909,-4.318887085740656
-20.279374000742493,-4.318891227760206
-20.28089852307615,-4.318895348815529
-20.282423048867045,-4.31889944218618
-20.28394758788115,-4.318903485159633
-20.285472111786774,-4.31890755707897
-20.28699664363732,-4.318911557352486
-20.28852119121441,-4.318915575947901
-20.290045721767537,-4.318919539535028
-20.291570243288035,-4.3189234968181855
-20.29309479808002,-4.318927418963751
-20.29461933343644,-4.318931324222881
-20.29614385944056,-4.318935240236273
-20.297668378196786,-4.318939100181863
-20.299192918275835,-4.318942969413288
-20.300717445438526,-4.318946809653922
-20.302241970880512,-4.3189505875802565
-20.3037665003241,-4.318954407159589
-20.30529102731064,-4.31895817991242
-20.306815579045324,-4.318961928809325
-20.308340099373233,-4.318965646695587
-20.30986464289793,-4.3189693365717625
-20.31138916075192,-4.318973015527936
-20.312913703457568,-4.318976693870188
-20.314438256908616,-4.318980309758463
-20.315962810165768,-4.318983924696646
-20.317487331566156,-4.31898751513974
-20.319011850822253,-4.318991131414635
-20.320536407285203,-4.318994661454596
-20.32206093330658,-4.3189981716597154
-20.32358546485329,-4.319001728655668
-20.325110015279435,-4.319005179370005
-20.32663456353371,-4.319008635283419
-20.328159098210104,-4.319012094843822
-20.329683620434622,-4.319015505603451
-20.33120817951325,-4.3190189330930995
-20.33273272582019,-4.319022292485975
-20.33425724783161,-4.319025692248017
-20.33578179405677,-4.3190289922105745
-20.337306342154466,-4.319032332088807
-20.338830870166422,-4.3190356106297205
-20.34035541268056,-4.319038859923367
-20.341879948912105,-4.319042121574809
-20.343404485054393,-4.319045344997401
-20.34492902683991,-4.319048551349456
-20.346453577959956,-4.319051736804037
-20.347978120282164,-4.3190548932634005
-20.34950264251689,-4.319058023694156
-20.3510271945494,-4.319061164617969
-20.352551705023682,-4.319064228631265
-20.354076254420534,-4.319067319454427
-20.355600814383916,-4.319070354281506
-20.357125364533267,-4.319073361486799
-20.35864989652837,-4.319076409201546
-20.36017441533747,-4.31907934640544
-20.361698963042535,-4.319082323425783
-20.363223527919537,-4.319085261191902
-20.364748064470664,-4.3190881316617995
-20.3662725973103,-4.319091061537549
-20.36779713620841,-4.3190939331076095
-20.36932168558476,-4.319096741225446
-20.370846245173308,-4.319099584230493
-20.37237078317439,-4.319102416886258
-20.37389533194967,-4.319105166027318
-20.375419883525726,-4.319107914490717
-20.37694442511215,-4.319110615981933
-20.378468962470873,-4.319113302046211
-20.37999351170091,-4.319115949139348
-20.381518046816062,-4.319118565792501
-20.3830425742506,-4.319121169640139
-20.384567131768126,-4.319123797290842
-20.386091666179315,-4.31912640048295
-20.38761621383401,-4.319128930408895
-20.389140766900322,-4.319131473088297
-20.390665311507902,-4.319133984768381
-20.392189861384093,-4.3191364414529945
-20.393714399048957,-4.319138888139824
-20.39523895003855,-4.319141358548208
-20.396763504193526,-4.319143759464564
-20.39828803710528,-4.319146121119091
-20.39981257966026,-4.319148449168892
-20.401337138077306,-4.319150822765998
-20.402861700450586,-4.319153228446073
-20.404386259924582,-4.31915548622483
-20.40591081480762,-4.31915775622051
-20.407435350664137,-4.319159974711021
-20.408959907437673,-4.319162154772382
-20.410484451326596,-4.319164316293254
-20.41200900018061,-4.31916649361429
-20.41353353425431,-4.319168635875523
-20.415058103030848,-4.319170727693297
-20.416582655232215,-4.319172767260514
-20.418107199182778,-4.319174888902836
-20.419631761662114,-4.319176927000208
-20.421156291829323,-4.319178909713799
-20.422680858121232,-4.319180910676197
-20.424205412161868,-4.319182889174075
-20.425729965602855,-4.3191849215011
-20.427254529864435,-4.31918681135746
-20.428779088948332,-4.319188691055945
-20.430303630482094,-4.31919049937261
-20.43182817195343,-4.319192313915427
-20.43335273553528,-4.319194112608216
-20.434877287210618,-4.319195844400749
-20.43640182442256,-4.319197589252723
-20.437926381598366,-4.319199239119457
-20.439450933967006,-4.319200915542828
-20.440975482411787,-4.319202625089559
-20.442500027593578,-4.319204270498836
-20.44402459234641,-4.319205822172765
-20.445549131683126,-4.319207388010247
-20.447073693815458,-4.319208901132818
-20.44859825764283,-4.31921042581407
-20.450122790323945,-4.319211902139827
-20.451647319202927,-4.319213358208954
-20.453171877103745,-4.319214752850727
-20.45469642194942,-4.319216089822166
-20.456220955287627,-4.319217453541899
-20.45774551629336,-4.319218755580801
-20.459270059725775,-4.319220050285587
-20.46079460474897,-4.319221420074806
-20.462319139314765,-4.31922271090472
-20.463843687164534,-4.319223877889212
-20.465368235259618,-4.319225072865421
-20.466892773728144,-4.319226257560827
-20.468417331000605,-4.319227364182832
-20.46994185620683,-4.319228468074566
-20.471466410654244,-4.3192295836735655
-20.472990964882957,-4.319230615204395
-20.47451549201277,-4.319231640522783
-20.47604004291085,-4.319232609246067
-20.477564576464847,-4.319233573808187
-20.47908911625639,-4.319234621413164
-20.48061366329362,-4.319235546661001
-20.48213820774449,-4.319236374841268
-20.483662766320464,-4.31923724769571
-20.485187304487688,-4.31923805113448
-20.486711822395495,-4.319238861447972
-20.488236358703872,-4.319239664800473
-20.48976091288601,-4.319240469060533
-20.491285463397567,-4.31924117672674
-20.492810008914365,-4.319241824960948
-20.49433452934636,-4.31924247727849
-20.495859056116654,-4.319243153290712
-20.497383613059196,-4.319243744119757
-20.49890814872427,-4.319244334515514
-20.500432670842475,-4.31924491437786
-20.501957215003166,-4.319245399868451
-20.50348175198735,-4.319245943262506
-20.50500628518155,-4.31924645298863
-20.506530840197254,-4.319246934783275
-20.508055376437333,-4.319247324718857
-20.50957990589264,-4.319247696157591
-20.511104449937648,-4.319248079485087
-20.512628981851545,-4.319248444148275
-20.514153519154156,-4.319248716863327
-20.515678046954203,-4.319248985493964
-20.517202573424008,-4.319249270376025
-20.5187271260885,-4.31924954276883
-20.5202516553241,-4.319249703706607
-20.52177617409318,-4.319249850966379
-20.523300701774293,-4.319250015606486
-20.52482524654875,-4.319250100725968
-20.526349798559515,-4.319250208830699
-20.527874324792407,-4.319250309336701
-20.529398855893934,-4.319250305487161
-20.530923392266445,-4.3192503319067
-20.532447932851987,-4.319250303600382
-20.53397245304027,-4.319250244450558
-20.535496999120507,-4.319250184881052
-20.537021527053685,-4.319250038915818
-20.538546043122558,-4.31924989681267
-20.540070555177156,-4.319249734519197
-20.541595092633614,-4.319249571154719
-20.54311963665086,-4.319249335203028
-20.544644147481264,-4.319249088649381
-20.546168687504508,-4.319248770982468
-20.54769321807375,-4.319248477266941
-20.5492177390219,-4.3192481784637735
-20.550742275000665,-4.3192478198753665
-20.552266796447057,-4.319247432100702
-20.553791322109515,-4.3192470119631965
-20.555315834057524,-4.319246595720598
-20.556840352330244,-4.319246156260867
-20.558364886765236,-4.31924569536928
-20.559889416043816,-4.319245141427919
-20.56141395043169,-4.319244549571595
-20.562938450366744,-4.319243957437033
-20.564462982928575,-4.3192433847035145
-20.56598751918177,-4.319242730947139
-20.56751203973565,-4.319242020045334
-20.569036551719083,-4.319241315608553
-20.570561071755268,-4.3192405712675646
-20.572085567193152,-4.319239831653781
-20.57361008504091,-4.3192391482190615
-20.57513460973206,-4.319238311808979
-20.57665911079011,-4.319237400692137
-20.578183622906074,-4.319236551066048
-20.579708153421667,-4.319235641838732
-20.58123268185449,-4.319234752355088
-20.58275718571579,-4.3192338443794025
-20.58428170352654,-4.319232877491879
-20.585806227731172,-4.319231857768847
-20.587330735976128,-4.3192308513258855
-20.5888552591091,-4.319229839774205
-20.590379778695606,-4.319228742564078
-20.59190429721555,-4.319227575130235
-20.593428798468793,-4.3192264981071915
-20.594953316284013,-4.319225337163616
-20.596477827696198,-4.3192240905450054
-20.59800233802314,-4.319222878945384
-20.599526849104357,-4.319221598738403
-20.60105135897581,-4.319220369949128
-20.602575884912874,-4.319219056803043
-20.604100401840853,-4.319217747617515
-20.605624897132596,-4.319216395812615
-20.607149411458117,-4.319215037207632
-20.60867392029742,-4.319213578687538
-20.610198419353228,-4.319212064993631
-20.611722911578784,-4.319210606573829
-20.613247430047245,-4.3192092000563616
-20.61477195497266,-4.3192076804999315
-20.616296457422255,-4.319206155764806
-20.617820954226527,-4.319204598085358
-20.619345477282902,-4.31920302369239
-20.62086998765931,-4.3192013803620934
-20.6223944769841,-4.3191997378055
-20.623919000227694,-4.319198091026267
-20.625443506033825,-4.319196361905599
-20.62696801694124,-4.319194595686193
-20.628492513087902,-4.319192825626013
-20.63001703520829,-4.3191910935185716
-20.63154155008581,-4.319189268089094
-20.63306603882201,-4.3191874391507
-20.634590537155923,-4.3191855921364946
-20.63611503519971,-4.319183689824908
-20.637639534946132,-4.3191817552334735
-20.639164020098377,-4.31917984505979
-20.64068854843383,-4.319177924906246
-20.642213041849654,-4.319175886046939
-20.64373753275526,-4.31917386098408
-20.64526206010833,-4.319171795043116
-20.646786552834747,-4.319169667813458
-20.648311033204088,-4.31916755914103
-20.649835547255154,-4.319165397261602
-20.651360024856274,-4.3191632405174385
-20.652884524205906,-4.319161024288351
-20.654409039806303,-4.319158839160513
-20.655933530563342,-4.319156575661557
-20.65745800136075,-4.319154304080196
-20.658982509425726,-4.319152037455919
-20.660507020023093,-4.319149697571674
-20.66203150574133,-4.319147311955268
-20.66355600497268,-4.3191448343286805
-20.665080479616297,-4.319142132510624
-20.66660490810077,-4.319138505852634
-20.668129224151127,-4.319131356000898
-20.669653114762102,-4.319116257581846
-20.67117646681959,-4.319096525990694
-20.672699356804596,-4.319072819215632
-20.67422152881876,-4.319040413171528
-20.675742604365475,-4.318999383311386
-20.677262969147865,-4.318959790380294
-20.678782731514428,-4.318919650922823
-20.680301902387896,-4.318879451716608
-20.681820596545798,-4.318838985437385
-20.683338836860738,-4.31879859340495
-20.684856757776544,-4.318758057756357
-20.686374327452985,-4.318717814204853
-20.687891659468807,-4.318677410688098
-20.689408700082033,-4.318637081003843
-20.690925574071283,-4.318596597915736
-20.69244226432813,-4.318556664201091
-20.693958827769162,-4.318516418109295
-20.695475222821305,-4.318476282894279
-20.696991538692227,-4.318435983829604
-20.698507708588334,-4.318396046353666
-20.700023832088657,-4.318355870969302
-20.701539840795764,-4.318315863346855
-20.703055838854414,-4.3182756888519895
-20.704571738012255,-4.31823566661082
-20.70608761537114,-4.318195465263643
-20.70760342284786,-4.318155611570912
-20.70911923909321,-4.318115542081022
-20.710634978806006,-4.318075615499035
-20.71215071726805,-4.318035541811645
-20.713666396449298,-4.317995680331701
-20.715182089756986,-4.317955642965596
-20.71669774572716,-4.317915821696453
-20.71821341156995,-4.317875821122298
-20.719729027025178,-4.317836076226299
-20.721244676048308,-4.317796145381407
-20.72276026775577,-4.3177563559594985
-20.72427586778633,-4.317716383274149
-20.725791441764994,-4.3176767868444
-20.727307059180035,-4.317636952248984
-20.72882263135931,-4.317597259973091
-20.73033823031063,-4.317557418049789
-20.731853778730137,-4.317517813027607
-20.733369357648243,-4.317478022667768
-20.73488491081234,-4.317438412974014
-20.736400482433062,-4.317398658280933
-20.737916030757624,-4.317359133058813
-20.739431589126948,-4.317319429032783
-20.74094712995397,-4.317279968232082
-20.742462709495438,-4.31724031445046
-20.743978249402396,-4.317200816989692
-20.745493793755674,-4.317161133253102
-20.74700934871857,-4.317121720910567
-20.748524889386314,-4.317082128563812
-20.75004042441227,-4.317042632354133
-20.75155599497058,-4.31700300700611
-20.7530715216234,-4.316963655204921
-20.75458706789447,-4.316924108086809
-20.756102579959276,-4.316884713423099
-20.757618132530343,-4.316845180791769
-20.759133654083538,-4.316805860412763
-20.7606491879807,-4.3167663914041325
-20.762164706041883,-4.316727034160164
-20.763680223144036,-4.3166875458234
-20.765195753433424,-4.316648335018529
-20.766711284551764,-4.316608925453239
-20.768226808756722,-4.316569684030405
-20.7697423438444,-4.316530309368732
-20.771257840997627,-4.316491120193421
-20.772773391514754,-4.316451800594815
-20.774288886355826,-4.3164125387278265
-20.775804411818875,-4.3163731298609616
-20.777319953910034,-4.316334254140869
-20.778835519446694,-4.316295074187093
-20.780351025111305,-4.3162559072529
-20.781866568185393,-4.3162165648590305
-20.783382100285063,-4.316177756754952
-20.784897682997673,-4.316138656875191
-20.786413203739876,-4.316099678091752
-20.78792876122407,-4.316060553271411
-20.789444286170475,-4.316021534000874
-20.790959854386998,-4.31598242378775
-20.79247536589989,-4.315943463512541
-20.793990892028074,-4.315904384701383
-20.795506391538375,-4.315865498836918
-20.79702192168409,-4.315826473176655
-20.798537414845946,-4.315787523426141
-20.800052957419442,-4.315748464035078
-20.80156846344139,-4.315709714890937
-20.803083998937698,-4.315670780532276
-20.804599483222034,-4.315631946546331
-20.806115011227625,-4.315593011587414
-20.80763050245003,-4.315554187723772
-20.809146044217883,-4.315515266463593
-20.81066152253494,-4.315476470356762
-20.812177039483068,-4.315437559880541
-20.81369253497848,-4.315398899300698
-20.815208041841714,-4.3153600823708125
-20.81672353758481,-4.315321289441776
-20.81823903300983,-4.315282379866912
-20.81975454210518,-4.3152439024557445
-20.821270069582322,-4.315205189687537
-20.82278556762412,-4.315166479838223
-20.824301085807715,-4.315127638906518
-20.825816600682753,-4.315089251645212
-20.827332115150696,-4.315050621935829
-20.82884760228661,-4.31501194529811
-20.83036313505639,-4.314973171480235
-20.83187866125496,-4.314934858486513
-20.833394185919115,-4.314896272892097
-20.83490969406561,-4.314857768453432
-20.83642520742654,-4.31481911597751
-20.837940728878966,-4.3147808403971375
-20.839456250492947,-4.314742346208231
-20.84097175801878,-4.314703844446306
-20.842487276179078,-4.314665221917593
-20.844002794134443,-4.314627022707924
-20.845518313988084,-4.314588602738132
-20.84703381821648,-4.314550146042734
-20.848549324415472,-4.3145115941234575
-20.850064836680012,-4.314473465913704
-20.851580363253394,-4.314435109477042
-20.853095855658548,-4.314396753103408
-20.854611372080228,-4.314358298049622
-20.856126871593172,-4.314320162974818
-20.857642369407618,-4.314281850205727
-20.859157849052945,-4.314243658054319
-20.86067336861569,-4.3142053725895835
-20.862188822513716,-4.314167047018177
-20.86370434088913,-4.314128621742684
-20.86521984451794,-4.314090753533095
-20.866735345134714,-4.314052602747379
-20.868250823735472,-4.314014380956066
-20.869766318952674,-4.313976068051208
-20.87128182335356,-4.3139382292319555
-20.872797326845635,-4.313900139786862
-20.874312803429277,-4.313861895607922
-20.87582831537456,-4.313823728527504
-20.87734381956297,-4.313785748824999
-20.878859333944636,-4.31374763128993
-20.88037483350116,-4.313709819943392
-20.88189035640995,-4.3136717440251005
-20.88340584833267,-4.313633919233617
-20.88492139162614,-4.3135959422304815
-20.886436854949178,-4.313557911657014
-20.887952343684116,-4.313519790492543
-20.889467841300682,-4.31348214200849
-20.890983346697503,-4.313444261434387
-20.892498830051117,-4.313406257130254
-20.894014319543277,-4.313368199056972
-20.89552979812822,-4.3133306089492
-20.897045299089488,-4.313292795481989
-20.898560779758395,-4.313254855253246
-20.900076255593877,-4.31321688733782
-20.901591755553653,-4.3131793674273515
-20.90310725944973,-4.313141604831757
-20.904622713080958,-4.313103716463455
-20.906138194386813,-4.313065827854578
-20.907653673435707,-4.313028448907451
-20.909169170108868,-4.312990796533435
-20.910684625459055,-4.312953064968569
-20.912200111946852,-4.312915254940054
-20.913715607612573,-4.31287784498989
-20.915231099789946,-4.3128402697809465
-20.91674654366897,-4.312802614210851
-20.918262016859167,-4.312764875534034
-20.919777501576995,-4.312727467239981
-20.92129299773174,-4.312689873133207
-20.92280845309339,-4.312652282135085
-20.924323932134893,-4.312614615136943
-20.92583940594751,-4.31257726365329
-20.92735489381415,-4.312539701113886
-20.928870395918626,-4.312502300378362
-20.930385885365116,-4.3124647372368266
-20.931901363387915,-4.312427442882561
-20.933416854191076,-4.312389958690083
-20.93493231773623,-4.312352667364366
-20.93644779578514,-4.31231525052188
-20.937963241335986,-4.312277861675167
-20.93947871147364,-4.312240387657695
-20.94099416643545,-4.3122031153761675
-20.942509641624806,-4.312165693329693
-20.94402510716148,-4.312128505324852
-20.94554058054753,-4.312091141879098
-20.94705604987323,-4.312053961039559
-20.94857151480022,-4.31201662733528
-20.950086968327394,-4.311979606457843
-20.95160246990833,-4.311942431861581
-20.953117902289822,-4.311905052451437
-20.954633375709268,-4.311867803889891
-20.956148842253942,-4.311830718895545
-20.957664304160122,-4.311793494749669
-20.959179772027756,-4.311756453702511
-20.9606952498128,-4.311719207762449
-20.96221071991854,-4.311682454811503
-20.963726213605042,-4.311645447550727
-20.965241660824628,-4.311608271867339
-20.966757143556883,-4.311571043370822
-20.96827260275505,-4.311534308289854
-20.969788075308777,-4.31149735495551
-20.97130352889588,-4.31146017873478
-20.972818982677097,-4.311423081874142
-20.97433444585606,-4.311386262818468
-20.975849916682918,-4.311349201389874
-20.97736534131735,-4.311312511283868
-20.97888080942673,-4.311275669052234
-20.980396257238446,-4.311238627539639
-20.981911704215875,-4.311201579588284
-20.98342715233476,-4.311165028613416
-20.98494260908996,-4.3111282670948965
-20.98645801641898,-4.3110912677428095
-20.987973470210303,-4.311054401057428
-20.989488912881527,-4.311017674148459
-20.991004368996425,-4.310980894034514
-20.99251982287783,-4.310944128757352
-20.99403527933663,-4.310907510242658
-20.995550737041302,-4.310870631424959
-20.99706620721518,-4.310834250644536
-20.99858170631229,-4.310797656395034
-21.000097133015977,-4.31076087247727
-21.00161258096586,-4.31072411005946
-21.003128024206685,-4.310687634606721
-21.004643477369058,-4.310651046642647
-21.006158910037463,-4.310614364224586
-21.007674355429124,-4.310577662066809
-21.009189761328887,-4.310541335243573
-21.01070521007761,-4.310504854116273
-21.012220611922487,-4.3104680751230005
-21.013736031861598,-4.310431550289612
-21.015251439862787,-4.310395007925995
-21.016766885453883,-4.31035867339164
-21.01828233638005,-4.310322117711813
-21.01979774845508,-4.31028590729597
-21.021313210287193,-4.310249556071013
-21.022828623439384,-4.3102130237168605
-21.024344036212458,-4.310176473151464
-21.02585945804452,-4.31014034317038
-21.027374906268996,-4.310104060166169
-21.02889029812681,-4.310067449735789
-21.03040571235142,-4.31003115907608
-21.03192112522833,-4.309994726582834
-21.033436543121127,-4.309958727387018
-21.034951994038323,-4.309922543162691
-21.036467395405474,-4.309886168098699
-21.03798282414427,-4.309849817502189
-21.039498237642498,-4.3098137219803805
-21.041013641027263,-4.309777542635754
-21.042529018407535,-4.309741228332653
-21.044044444884985,-4.3097049120818305
-21.045559856859303,-4.309669016274137
-21.04707527170211,-4.309632968590934
-21.04859065766779,-4.309596699934282
-21.050106062846616,-4.309560445441429
-21.051621456021266,-4.309524586730726
-21.053136860466005,-4.309488585678017
-21.05465224244016,-4.309452306651406
-21.056167635681543,-4.3094162989411045
-21.05768302539785,-4.309380164283866
-21.05919843460055,-4.309344458223448
-21.060713861348002,-4.309308576513229
-21.062229259297567,-4.309272444915138
-21.06374465593603,-4.309236357283083
-21.065260056446377,-4.309200588560429
-21.066775454100423,-4.309164682089757
-21.068290827533914,-4.309128681745995
-21.069806237968933,-4.309092688475062
-21.071321631164437,-4.309057062630936
-21.072837050878835,-4.30902130837582
-21.074352431426423,-4.308985316237751
-21.07586783715801,-4.308949374206965
-21.07738321120254,-4.308913821215886
-21.07889863397135,-4.308878133788133
-21.08041398504328,-4.308842131958224
-21.081929352892292,-4.3088063529716045
-21.083444759229412,-4.308770658861545
-21.084960159541343,-4.308735002764558
-21.086475564233925,-4.308699221350151
-21.087990947026977,-4.308663781759206
-21.089506386082014,-4.308628166776924
-21.091021773480385,-4.308592497984757
-21.092537181667122,-4.3085568508151075
-21.094052571318315,-4.308521240433822
-21.095567967525206,-4.308485609938847
-21.097083327955957,-4.308450069449277
-21.09859873530003,-4.3084144239884585
-21.1001141168412,-4.308379078475799
-21.101629509475718,-4.308343609355134
-21.103144876295676,-4.308308025661599
-21.10466027712945,-4.308272412815243
-21.106175666076943,-4.308237177892293
-21.107691070135385,-4.3082017803762405
-21.109206452283996,-4.308166240526318
-21.110721836800437,-4.308130705456346
-21.1122372135442,-4.308095549092517
-21.113752620100595,-4.308060271770792
-21.115267970318286,-4.30802473201124
-21.116783326195957,-4.307989229395818
-21.118298692300783,-4.3079540774075475
-21.11981409429446,-4.307918769049024
-21.1213294684631,-4.307883471457909
-21.122844832463034,-4.307848137507684
-21.124360213438145,-4.307812981349636
-21.125875603418855,-4.307777684268857
-21.127390990607402,-4.307742673148169
-21.128906389834377,-4.307707576182587
-21.130421741047343,-4.307672183875568
-21.131937100541993,-4.307636875674136
-21.133452475913572,-4.307601898984025
-21.134967861086867,-4.307566812236129
-21.13648320841573,-4.307531618680009
-21.137998589896544,-4.307496425457037
-21.139513937794693,-4.3074614722847455
-21.141029324554744,-4.3074264732745355
-21.142544664289737,-4.307391302847259
-21.144060019514658,-4.307356161670553
-21.145575409406437,-4.307321291304963
-21.14709077896912,-4.307286240307175
-21.148606126182003,-4.3072513562876
-21.150121516466324,-4.307216344451883
-21.151636906317055,-4.3071815131400175
-21.15315229155087,-4.307146573916785
-21.15466767198781,-4.3071116832402545
-21.156183034435763,-4.30707670084733
-21.15769843383844,-4.3070419952991825
-21.159213814508952,-4.307007162200792
-21.1607292021574,-4.306972258965376
-21.162244572093574,-4.306937355924871
-21.163759948506364,-4.306902754689126
-21.165275319889346,-4.306868068526153
-21.166790661863775,-4.306833033790346
-21.168306025225565,-4.306798349480313
-21.16982139915227,-4.3067635507566235
-21.171336777080842,-4.306728939580379
-21.172852133785675,-4.306694209752712
-21.174367488943183,-4.306659548235953
-21.175882871018075,-4.306624794233396
-21.17739823042516,-4.306590333439032
-21.17891360809962,-4.306555745920733
-21.180428950346013,-4.3065211526578935
-21.181944351048724,-4.306486537147839
-21.183459680878293,-4.306451894059304
-21.184975071102773,-4.3064172398086855
-21.18649041934944,-4.306382941657858
-21.188005791501553,-4.306348544090009
-21.1895211145554,-4.306313641810141
-21.191036439229244,-4.306279387009151
-21.192551814279852,-4.3062450539699
-21.19406711770138,-4.306210244952185
-21.19558243042504,-4.306175927157113
-21.197097794770194,-4.306141527459086
-21.198613092359125,-4.306107116582939
-21.20012843352364,-4.306072683607461
-21.201643765694193,-4.306038264511484
-21.20315912614637,-4.306003887233332
-21.20467445809724,-4.305969601291691
-21.206189804736635,-4.305935324679351
-21.207705167093636,-4.305901018867783
-21.20922051795519,-4.305866903114092
-21.210735889125875,-4.305832616637835
-21.212251253158385,-4.305798446344722
-21.213766621714925,-4.3057642391269875
-21.21528196135802,-4.305729980096898
-21.21679730401731,-4.305695755165826
-21.218312651689743,-4.305661548667657
-21.21982800335831,-4.305627300135708
-21.221343370375074,-4.3055933366850905
-21.222858698920803,-4.30555925493978
-21.224374050223094,-4.30552513407198
-21.225889414197393,-4.305490981057386
-21.227404763904815,-4.305456935687874
-21.22892011262091,-4.305422840089002
-21.230435467536058,-4.305388756288989
-21.23195080644907,-4.305354671944652
-21.23346614056027,-4.305320812698076
-21.234981506778873,-4.305286874176582
-21.236496841742348,-4.305252848799206
-21.23801218889478,-4.305218816839195
-21.23952752299457,-4.3051849952828585
-21.241042888326422,-4.305151082815046
-21.242558227050623,-4.305117157601471
-21.244073564840004,-4.305083232094548
-21.245588897049977,-4.3050493881940985
-21.24710425622188,-4.305015532493072
-21.248619555130226,-4.304981581807539
-21.25013488230677,-4.30494774472594
-21.251650220432296,-4.304914058838112
-21.253165585879525,-4.3048802715836745
-21.2546809095382,-4.304846451394359
-21.25619623571246,-4.304812607319148
-21.25771157634033,-4.304778994843775
-21.259226936338457,-4.304745314958588
-21.26074226006881,-4.3047114723491235
-21.262257584082192,-4.304677778348693
-21.263772899690917,-4.30464411190757
-21.265288244708202,-4.304610427566872
-21.26680359504276,-4.3045767721828865
-21.268318948874718,-4.304543209975712
-21.26983427542879,-4.304509573457487
-21.271349624356517,-4.304476069088124
-21.27286499530856,-4.3044425092378615
-21.274380323054885,-4.30440895431114
-21.27589569031243,-4.304375387243516
-21.277411016023805,-4.304341864563154
-21.278926331127565,-4.304308320078073
-21.280441682564277,-4.304274944603161
-21.281957056115058,-4.304241477379002
-21.283472360220237,-4.3042080093267225
-21.284987730589805,-4.304174515196417
-21.28650304651924,-4.304141199641967
-21.28801838832508,-4.304107780282265
-21.289533734078944,-4.304074473930993
-21.291049094255726,-4.304041118795854
-21.29256440015359,-4.304007724109999
-21.294079739093338,-4.303974333865246
-21.295595088846326,-4.3039411502640545
-21.29711044353811,-4.30390787504968
-21.298625740929612,-4.303874583871962
-21.300141070575094,-4.303841277440503
-21.301656416022162,-4.303808135007684
-21.303171767897393,-4.303774937584237
-21.304687099805907,-4.303741696678344
-21.30620239773976,-4.303708484574864
-21.3077177304431,-4.303675337539663
-21.30923306683269,-4.303642146138869
-21.31074839243466,-4.303609088460118
-21.312263708685048,-4.303576029569188
-21.313779018262178,-4.303542764290816
-21.315294349327175,-4.303509781578199
-21.31680966447924,-4.303476760234267
-21.318324979737508,-4.303443541594599
-21.319840288172774,-4.30341050065227
-21.32135558995118,-4.303377481849031
-21.322870926839002,-4.303344442313713
-21.324386268102813,-4.3033115052958
-21.325901563426406,-4.303278517188933
-21.32741688073698,-4.303245681005836
-21.328932237292378,-4.303212784838823
-21.33044755201368,-4.303179790191829
-21.33196285943083,-4.303146826429987
-21.333478171090487,-4.3031139976811765
-21.33499351362826,-4.30308109520262
-21.336508806208972,-4.303048262368337
-21.338024132931334,-4.303015391357599
-21.33953944999637,-4.302982602711382
-21.3410548016324,-4.3029497801752195
-21.342570104960195,-4.302917005115038
-21.344085436783594,-4.302884183570071
-21.34560076054246,-4.3028514889382325
-21.34711607680493,-4.302818774609616
-21.348631396359714,-4.302786084216819
-21.350146744569408,-4.302753367365382
-21.35166206814063,-4.302720719878699
-21.353177370465772,-4.302688059470248
-21.354692693887362,-4.30265543323409
-21.356208010666624,-4.302622808294368
-21.357723326716133,-4.302590192254787
-21.359238613388314,-4.302557623524659
-21.360753915227463,-4.302525062232756
-21.36226925304423,-4.302492472178786
-21.36378454422045,-4.302460018082198
-21.365299847119896,-4.302427527065149
-21.36681512535802,-4.302394984168568
-21.368330429640373,-4.302362448582848
-21.36984575777322,-4.302330094199634
-21.371361084298446,-4.302297673631769
-21.37287637218673,-4.302265209242794
-21.37439166748775,-4.30223278553931
-21.375906974948624,-4.30220039407933
-21.37742225996486,-4.302168003171902
-21.378937516586408,-4.3021356704314355
-21.380452828697074,-4.302103292676642
-21.381968146921835,-4.302071029693552
-21.383483453957165,-4.302038711984713
-21.38499874542526,-4.302006488526386
-21.386514062017667,-4.301974229910698
-21.38802933335388,-4.301941935865816
-21.389544653429923,-4.301909677323173
-21.391059952204095,-4.301877416735837
-21.392575258650226,-4.301845339589121
-21.394090555027162,-4.3018131968875855
-21.395605838784014,-4.301780933321842
-21.397121144043666,-4.30174881259914
-21.398636463088085,-4.301716636453576
-21.40015177464546,-4.301684616975259
-21.401667069007274,-4.301652573800817
-21.403182364766405,-4.301620472089553
-21.40469766329528,-4.301588410546012
-21.406212934966245,-4.301556311443138
-21.40772823813477,-4.301524324673311
-21.40924354570005,-4.301492310646208
-21.410758826631046,-4.301460353056272
-21.412274145540056,-4.301428412898994
-21.41378942851009,-4.301396464051247
-21.415304708037244,-4.301364572375679
-21.416820012454583,-4.3013326427070115
-21.418335343291364,-4.301300880041538
-21.41985063514902,-4.301269075031177
-21.421365919167812,-4.301237130379096
-21.422881227292176,-4.30120534364121
-21.42439653157181,-4.3011734921290214
-21.425911809796812,-4.3011417251278345
-21.427427093320304,-4.3011099615396855
-21.42894239620511,-4.301078265123628
-21.43045771526409,-4.301046521675045
-21.431972983024274,-4.301014770947903
-21.433488280399516,-4.3009830307886645
-21.435003540560576,-4.300951402559512
-21.436518832807955,-4.300919738824753
-21.438034134061546,-4.300888080787535
-21.439549402764047,-4.300856463179149
-21.44106468074381,-4.300824850821201
-21.442579984129985,-4.300793199189045
-21.444095265402208,-4.300761712830365
-21.445610539174655,-4.300730165533294
-21.44712579632471,-4.300698594685462
-21.44864108240655,-4.300667077308415
-21.450156384521637,-4.300635595698638
-21.451671656379812,-4.300604084298328
-21.453186946727783,-4.300572690841816
-21.45470220814201,-4.300541289470686
-21.456217488742215,-4.300509796260518
-21.4577327468099,-4.300478367432705
-21.45924799840908,-4.300446907598839
-21.46076328829829,-4.300415534367643
-21.462278538542154,-4.300384131336869
-21.463793829838202,-4.300352887990542
-21.465309092021833,-4.30032162822323
-21.466824363416382,-4.300290194727051
-21.468339615792242,-4.300258877788599
-21.469854859983048,-4.300227616732153
-21.47137014008423,-4.3001963877842595
-21.472885423398147,-4.300165136102175
-21.474400694090814,-4.300133945777248
-21.475915951065755,-4.300102749040393
-21.477431231252744,-4.300071699418795
-21.47894653334498,-4.300040549909311
-21.480461778015307,-4.3000093619179784
-21.481977048049313,-4.299978229338968
-21.483492299504373,-4.29994713661668
-21.485007578526048,-4.2999160727686885
-21.48652284804932,-4.299884980062415
-21.488038113504516,-4.29985402127401
-21.48955338192648,-4.299822952630898
-21.491068666424333,-4.299792036993414
-21.492583957209273,-4.299761046748864
-21.494099214443075,-4.299730013705107
-21.495614474258232,-4.299699035881979
-21.497129751486632,-4.299668197834274
-21.498645039863366,-4.2996372587101535
-21.500160296577402,-4.299606292801279
-21.50167554441359,-4.299575350038618
-21.503190822919198,-4.299544625705538
-21.50470607849089,-4.299513880099628
-21.506221321894625,-4.2994828279875446
-21.507736548939953,-4.299451993009642
-21.509251805849132,-4.299421190601574
-21.51076704522151,-4.299390401045718
-21.512282306550333,-4.2993597125714
-21.513797556666113,-4.299328920404963
-21.515312795064684,-4.299298277180375
-21.51682806024252,-4.299267537942513
-21.518343292801106,-4.2992368624537285
-21.519858560428524,-4.299206165018362
-21.52137382891076,-4.299175605749657
-21.522889070278413,-4.29914498780869
-21.524404340303757,-4.299114384437693
-21.525919593112217,-4.29908380744056
-21.527434833364566,-4.29905322037162
-21.528950106252367,-4.2990226323109635
-21.530465335821265,-4.298992186008395
-21.53198060931249,-4.298961619787861
-21.533495845518445,-4.298931243061897
-21.535011085216176,-4.298900761081466
-21.536526346775865,-4.298870323986696
-21.538041612518075,-4.298839861193822
-21.539556837976107,-4.298809432100112
-21.54107206741733,-4.29877901583706
-21.54258730988178,-4.298748653150139
-21.54410254687276,-4.2987182831738915
-21.54561775267677,-4.298687870907822
-21.54713298452642,-4.298657541173502
-21.548648235379027,-4.298627259388669
-21.550163484936558,-4.298596948839537
-21.551678710177022,-4.298566719894677
-21.553193941037094,-4.298536392860633
-21.554709204660725,-4.29850631413643
-21.556224450773524,-4.298476180517162
-21.557739647931054,-4.298445760472031
-21.559254896748126,-4.2984156037011685
-21.560770123271457,-4.298385409768329
-21.56228531832272,-4.298355265856743
-21.563800535248955,-4.298325150796703
-21.56531575115568,-4.298294985470555
-21.566830995464187,-4.298264804961377
-21.56834622072518,-4.2982348264054275
-21.569861436840068,-4.298204783525136
-21.57137665375182,-4.298174715810004
-21.572891874937156,-4.298144653360852
-21.5744070709541,-4.298114681004225
-21.575922294602314,-4.298084637323406
-21.577437502420864,-4.298054760818744
-21.578952744773286,-4.298024797568189
-21.580467985258004,-4.29799487818002
-21.581983196487542,-4.29796492911951
-21.58349838977867,-4.2979350467619675
-21.585013610490094,-4.297905146595288
-21.586528805794078,-4.297875308396977
-21.58804402055719,-4.297845399801067
-21.58955926099476,-4.297815684703021
-21.591074464472605,-4.297785952053039
-21.592589670568767,-4.297756056216325
-21.59410490150798,-4.297726237050682
-21.5956200972979,-4.2976965527267605
-21.597135316961428,-4.297666789156918
-21.59865054853843,-4.297637197173921
-21.600165762285965,-4.297607502240321
-21.601680954562383,-4.297577733695194
-21.603196190300284,-4.297548048324537
-21.604711423600563,-4.2975183827823145
-21.606226624712754,-4.297488758408166
-21.607741861577125,-4.297459199296737
-21.60925710978008,-4.297429543230516
-21.610772315526173,-4.29740009112916
-21.612287549549972,-4.297370525057976
-21.61380278584997,-4.297341030784476
-21.61531800088406,-4.297311523062376
-21.616833178847628,-4.297281960878625
-21.618348398019844,-4.297252435109733
-21.619863626639866,-4.297223050092025
-21.621378833151706,-4.297193605023227
-21.62289401975169,-4.297164086260098
-21.624409220793453,-4.297134634898317
-21.625924433708718,-4.2971053395983265
-21.627439672728432,-4.297075949695564
-21.628954861036544,-4.297046530143765
-21.630470051576808,-4.297017130870915
-21.6319852631422,-4.2969879233115025
-21.633500484796482,-4.296958644730892
-21.63501566357193,-4.296929217588413
-21.636530877800013,-4.296899984278378
-21.63804606999953,-4.2968707525336445
-21.639561267999493,-4.296841494605366
-21.641076453741505,-4.296812282318186
-21.642591643303305,-4.296783072810947
-21.644106860738088,-4.296753829578247
-21.645622028732447,-4.296724732379383
-21.647137229259222,-4.2966955674648375
-21.648652450345082,-4.296666484734882
-21.650167639281836,-4.296637413259846
-21.651682819674367,-4.29660826607252
-21.65319803854377,-4.296579142849032
-21.65471321257834,-4.296550071845104
-21.65622838391597,-4.296520976295
-21.657743587404664,-4.2964920412774745
-21.659258778707457,-4.296463083155561
-21.660773934152044,-4.296433902419906
-21.66228912389447,-4.296405010821378
-21.66380430843924,-4.296376150439441
-21.665319472905832,-4.2963469837320645
-21.666834631194643,-4.296318054613609
-21.66834981408896,-4.296289160619787
-21.669864957477717,-4.2962602591077514
-21.67138014678162,-4.296231495936556
-21.672895374456008,-4.296202657552088
-21.674410536603755,-4.296173771583466
-21.675925727108716,-4.296144971479784
-21.677440933172306,-4.2961161870039195
-21.678956101388096,-4.296087370819011
-21.68047128332023,-4.296058632987801
-21.6819864531888,-4.2960298525314125
-21.683501639353306,-4.296001147915176
-21.68501685060408,-4.295972431575626
-21.68653203258158,-4.295943745171238
-21.688047221450947,-4.295915019193695
-21.68956240075385,-4.295886450411423
-21.691077621436726,-4.295857798060889
-21.69259280405661,-4.295829198356425
-21.694107999051475,-4.295800605817958
-21.695623221895193,-4.295772075924812
-21.69713840437923,-4.295743531089928
-21.69865360137791,-4.295714943263104
-21.70016878770793,-4.29568639275147
-21.70168393512195,-4.295657855357998
-21.703199134304263,-4.295629346385235
-21.70471430130881,-4.295600895282557
-21.706229497887534,-4.295572447192385
-21.707744675049224,-4.295544013465625
-21.709259884710345,-4.295515669731574
-21.71077509131504,-4.29548723642601
-21.712290260494843,-4.295458881404299
-21.713805461386094,-4.295430479166883
-21.715320661050104,-4.295402199296668
-21.716835840309436,-4.295373897178271
-21.718350992584817,-4.295345462041286
-21.71986614255519,-4.295317123938366
-21.72138133092,-4.295288884533633
-21.722896492414996,-4.2952606475627615
-21.724411668419435,-4.295232355270021
-21.725926833007126,-4.295204115397886
-21.727441999450374,-4.29517591648262
-21.728957159428354,-4.295147708031202
-21.730472295719906,-4.295119503030471
-21.731987447825464,-4.295091304696239
-21.733502631564356,-4.295063242110455
-21.735017797993834,-4.295035166324075
-21.73653293672339,-4.295006949790243
-21.73804811806662,-4.294978894809233
-21.739563263174837,-4.2949508181640725
-21.741078403537447,-4.294922719317805
-21.742593573156682,-4.294894679029266
-21.744108719267256,-4.29486671054236
-21.745623900175737,-4.294838730557074
-21.747139060910136,-4.294810742832211
-21.748654227574413,-4.294782797447711
-21.750169399927575,-4.294754870988249
-21.751684588432013,-4.294727007472691
-21.753199780129542,-4.294699074300868
-21.754714933614228,-4.294671228066154
-21.75623008966918,-4.294643357523987
-21.75774523938772,-4.294615491217917
-21.75926042532098,-4.294587616005299
-21.760775611239925,-4.294559842827616
-21.762290757912254,-4.29453207338554
-21.763805918267334,-4.2945042837151375
-21.76532106763747,-4.294476558251545
-21.76683623382939,-4.294448798925229
-21.76835141259008,-4.294421029106069
-21.7698665466821,-4.294393377987227
-21.771381725590036,-4.294365681380486
-21.772896891035632,-4.2943380103327655
-21.774412038473,-4.29431035027481
-21.775927171765343,-4.294282631052945
-21.77744230382149,-4.294254980049043
-21.778957476438514,-4.294227437625467
-21.780472610617704,-4.294199930256719
-21.78198776354892,-4.294172272458006
-21.783502897358062,-4.294144729462279
-21.78501804781705,-4.294117213840366
-21.786533212452397,-4.2940897361901085
-21.788048346149257,-4.294062215047198
-21.789563505278075,-4.294034830943603
-21.7910786577861,-4.294007420192568
-21.792593783910583,-4.293979830244999
-21.7941089152143,-4.293952458696454
-21.795624094247195,-4.293925063635703
-21.79713924226034,-4.293897626167425
-21.79865436281722,-4.293870277315171
-21.80016952815448,-4.2938429269299805
-21.8016846918248,-4.293815561406993
-21.80319981017755,-4.293788285328823
-21.804714966671558,-4.293761039237925
-21.806230139827775,-4.293733755407298
-21.807745269731186,-4.293706476195873
-21.809260386074122,-4.293679249772333
-21.810775553355214,-4.29365206142728
-21.812290726234092,-4.293624848044311
-21.813805888270885,-4.293597724303325
-21.815321026064627,-4.2935705607568195
-21.81683614767617,-4.293543331220901
-21.818351281075387,-4.293516170985983
-21.81986643041087,-4.293489110673454
-21.821381621404388,-4.293462006686073
-21.822896741878992,-4.29343493575973
-21.824411875788954,-4.293407872952547
-21.825927034284323,-4.293380865209322
-21.82744215496881,-4.293353835614961
-21.828957293785237,-4.293326911180774
-21.830472467834223,-4.2932999285852995
-21.831987598133342,-4.293272892607504
-21.833502712782675,-4.293245935655087
-21.835017850098378,-4.293219036181252
-21.836533024968354,-4.293192125548236
-21.83804817593615,-4.293165234599422
-21.839563290291803,-4.293138323496845
-21.841078440744568,-4.293111526598899
-21.842593572709937,-4.293084738519902
-21.844108669730208,-4.293057754519682
-21.84562378410562,-4.29303092220471
-21.84713892581897,-4.293004095797597
-21.848654029310715,-4.292977343315368
-21.850169147932274,-4.292950602800726
-21.851684291777282,-4.292923820748025
-21.85319940199266,-4.292897065873685
-21.85471450631488,-4.29287030525174
-21.856229616688143,-4.29284359280935
-21.857744722786045,-4.29281690558887
-21.859259832343902,-4.292790243134693
-21.86077498268534,-4.2927636208117566
-21.86229009502317,-4.2927370076080935
-21.863805199292564,-4.292710348811324
-21.86532030630667,-4.292683742901696
-21.86683545800573,-4.292657228068004
-21.8683505682231,-4.292630746902607
-21.869865696501503,-4.292604199867248
-21.871380843686293,-4.292577665057418
-21.87289593711952,-4.292551175977189
-21.87441106309075,-4.29252471037314
-21.875926173812193,-4.292498273935558
-21.877441252267232,-4.292471729131684
-21.878956376337545,-4.292445374073639
-21.880471483982834,-4.2924190644730915
-21.881986594364644,-4.292392556181486
-21.883501696834113,-4.29236621326933
-21.88501678927835,-4.292339871316122
-21.886531869583024,-4.292313476109486
-21.888046972362872,-4.292287199419517
-21.88956206773834,-4.2922608965833025
-21.89107716780432,-4.2922346021313755
-21.892592305431425,-4.292208377253955
-21.894107403772335,-4.292182179416127
-21.895622506577382,-4.292155905213492
-21.897137602107918,-4.292129683088546
-21.8986527206391,-4.292103542161587
-21.900167813131063,-4.292077437530642
-21.901682893147317,-4.292051179092835
-21.903197982594822,-4.29202500748946
-21.904713104616377,-4.291998932673192
-21.9062281899748,-4.291972901132129
-21.90774328996969,-4.291946731160284
-21.909258377471243,-4.291920642663488
-21.910773450115332,-4.291894589581282
-21.912288572145748,-4.291868578956489
-21.91380368358864,-4.291842557668514
-21.915318766953547,-4.291816555895592
-21.916833859892275,-4.291790628345259
-21.918348961817784,-4.291764739840059
-21.919864061585837,-4.2917386875515415
-21.921379131393934,-4.291712737049536
-21.922894230888726,-4.291686876740571
-21.924409323624975,-4.291661032655661
-21.925924407274618,-4.291635124061848
-21.927439497884148,-4.291609235544978
-21.92895458414707,-4.29158340223888
-21.93046963804986,-4.291557551721355
-21.9319847241133,-4.291531784280221
-21.933499805940095,-4.291506003032907
-21.935014879150682,-4.291480218502219
-21.936529981318326,-4.291454522643478
-21.938045067576745,-4.291428868754909
-21.939560175383637,-4.291403067754422
-21.941075237024858,-4.291377383109784
-21.94259033933541,-4.291351710787906
-21.944105416035352,-4.2913260815865035
-21.945620478906754,-4.2913004324412345
-21.94713555893915,-4.291274815970945
-21.948650671790404,-4.291249226999136
-21.95016575117107,-4.291223632705423
-21.951680834845178,-4.291198064633647
-21.95319589944598,-4.291172530460907
-21.954711005836653,-4.291147040177117
-21.95622610290304,-4.291121548498282
-21.957741189148976,-4.291096037583238
-21.95925627852475,-4.291070565870436
-21.960771365489276,-4.291045090083381
-21.96228643175112,-4.291019667387543
-21.96380151443297,-4.290994266763443
-21.96531662775104,-4.290968874631977
-21.9668317134934,-4.290943505704928
-21.96834680842479,-4.290918149423705
-21.96986189175445,-4.290892821689028
-21.97137696643653,-4.290867438527524
-21.972892026556583,-4.290842146752893
-21.974407128696143,-4.290816891530119
-21.975922235479114,-4.290791640851229
-21.97743732379524,-4.290766374862466
-21.978952371153472,-4.290741151925953
-21.980467465163763,-4.290715980029832
-21.981982574619643,-4.290690807399196
-21.983497641530118,-4.290665593218668
-21.985012709948382,-4.2906403999913865
-21.98652776810962,-4.29061529042649
-21.98804286863239,-4.290590151987787
-21.989557933403205,-4.290565055258227
-21.991073003980635,-4.290539949830514
-21.992588101425454,-4.290514893834795
-21.99410316346734,-4.290489903967341
-21.995618245611457,-4.2904647731301715
-21.997133292732755,-4.290439721744071
-21.998648335803896,-4.290414721191369
-22.000163406443868,-4.290389708400897
-22.001678459329636,-4.290364749602896
-22.00319352356982,-4.290339854033481
-22.004708606402364,-4.29031493063349
-22.006223671527287,-4.29028999481213
-22.007738723170544,-4.290265115577717
-22.009253784989195,-4.2902402494024185
-22.010768845406545,-4.290215394057416
-22.012283918026984,-4.290190534121171
-22.01379896427856,-4.290165742569897
-22.015314031997836,-4.290140911401398
-22.01682909318656,-4.290116108566671
-22.01834413924854,-4.290091352359659
-22.019859202575727,-4.2900665858519815
-22.02137424212813,-4.290041864991945
-22.022889320988522,-4.29001712074128
-22.02440436809732,-4.289992453847649
-22.02591943514758,-4.289967741724168
-22.0274344698865,-4.289943107484961
-22.028949540271913,-4.289918461772719
-22.030464612684142,-4.289893871348052
-22.031979652365322,-4.289869324028773
-22.03349470770889,-4.289844692303043
-22.035009746343835,-4.289820095522022
-22.036524791586046,-4.289795545820046
-22.0380398290586,-4.28977101864025
-22.039554874003347,-4.289746470715841
-22.041069905919326,-4.289721993060388
-22.042584966208043,-4.28969751936504
-22.04410003752666,-4.2896730766634565
-22.04561508794071,-4.289648659999228
-22.04713010612112,-4.289624241977535
-22.048645160583828,-4.289599774295971
-22.050160189117417,-4.289575408025971
-22.051675251991607,-4.2895510193926105
-22.053190274883747,-4.289526702610272
-22.05470533573715,-4.2895023171378535
-22.05622035653843,-4.289478011580555
-22.057735375171955,-4.289453685344609
-22.059250417700635,-4.289429430057638
-22.060765474005134,-4.289405159602909
-22.06228051279563,-4.2893808585596185
-22.0637955368431,-4.289356653223242
-22.06531058041967,-4.289332408531388
-22.066825592681308,-4.289308235438223
-22.068340620851504,-4.289284038875221
-22.069855660206365,-4.289259847300123
-22.071370668556654,-4.289235747808689
-22.07288569048023,-4.289211594034175
-22.074400686343026,-4.289187464373894
-22.075915694556755,-4.289163338551373
-22.07743069595707,-4.289139249789326
-22.078945710431604,-4.289115191853019
-22.080460711161404,-4.289091189414348
-22.081975733379664,-4.289067145633228
-22.08349073650152,-4.289043167524649
-22.08500576838377,-4.289019199396671
-22.08652079491242,-4.288995204036651
-22.08803577935668,-4.2889712957115025
-22.08955080143199,-4.2889473308247394
-22.091065788904242,-4.288923404045766
-22.092580797737465,-4.28889951719573
-22.09409581969465,-4.288875592860011
-22.095610807032134,-4.28885176325663
-22.09712579728725,-4.288827897147298
-22.098640776101576,-4.288804090033683
-22.100155787519885,-4.288780273249581
-22.101670801545488,-4.288756477729771
-22.10318578831628,-4.288732728930912
-22.104700759685432,-4.288708989625406
-22.10621577648154,-4.288685214755384
-22.10773074919478,-4.288661510247199
-22.109245719557535,-4.2886378135588155
-22.110760702022123,-4.288614127615267
-22.11227570416328,-4.288590411356755
-22.113790669705317,-4.288566800905365
-22.11530564405787,-4.2885431761318475
-22.1168206432541,-4.288519527785043
-22.11833559875576,-4.288495953088218
-22.119850553149792,-4.288472352329441
-22.12136550278286,-4.288448836600558
-22.122880494789026,-4.2884252539575565
-22.124395435971966,-4.288401757385905
-22.125910406310137,-4.288378208257045
-22.127425338035803,-4.288354733895196
-22.128940309344635,-4.28833125308027
-22.130455263316964,-4.28830777092746
-22.131970180737667,-4.288284354540544
-22.13348514471873,-4.288260923265643
-22.13500007147184,-4.2882375273076825
-22.136515005352827,-4.288214110230555
-22.13802993602616,-4.288190744490829
-22.139544876516243,-4.288167363363926
-22.141059785464012,-4.288144010690034
-22.142574701055914,-4.2881206969676535
-22.144089605341293,-4.288097407442562
-22.145604518508037,-4.288074120159923
-22.147119458127566,-4.2880508452557535
-22.14863434827402,-4.28802760133949
-22.150149279044488,-4.288004383727357
-22.15166419087387,-4.28798115948078
-22.153179090055698,-4.2879579694992485
-22.15469400881749,-4.287934771030907
-22.156208913030937,-4.287911596265288
-22.15772380229844,-4.287888487762963
-22.159238706658808,-4.287865356055255
-22.160753627992623,-4.287842248273117
-22.162268524542036,-4.287819183081296
-22.163783445489916,-4.287796105148599
-22.16529834123854,-4.287773073988514
-22.166813253298358,-4.287750026472589
-22.168328156167647,-4.287726992511624
-22.169843037489322,-4.287704038973064
-22.1713579693393,-4.287681055885554
-22.172872876342485,-4.287658081360917
-22.174387776067427,-4.287635138648791
-22.17590265573853,-4.287612236924163
-22.17741756757108,-4.287589331741093
-22.178932484673336,-4.28756642476478
-22.180447370198404,-4.287543610188544
-22.181962276858084,-4.287520729191143
-22.18347715486744,-4.287497909549135
-22.18499205394277,-4.287475083721768
-22.186506919736328,-4.287452297062272
-22.1880218077487,-4.287429483230553
-22.18953668894086,-4.28740673607576
-22.191051538675886,-4.287384016932345
-22.192566440013895,-4.2873612598555875
-22.19408132279187,-4.287338519170849
-22.19559617293274,-4.287315841936608
-22.197111022109425,-4.287293166185253
-22.198625896579298,-4.287270472984284
-22.200140720434874,-4.287247825665492
-22.20165558397685,-4.287225186827
-22.203170442235088,-4.287202565834838
-22.20468527910202,-4.287179970099481
-22.206200108028053,-4.2871574484401895
-22.207714971613004,-4.287134880016562
-22.209229808867676,-4.2871123524359245
-22.21074467223302,-4.287089832871447
-22.212259522209692,-4.287067314892322
-22.21377434403941,-4.287044830644583
-22.215289197738155,-4.287022379312745
-22.216804022419527,-4.286999968488507
-22.21831887966513,-4.2869775418338225
-22.219833719408836,-4.286955132324957
-22.22134856263218,-4.286932752906729
-22.22286341328188,-4.286910405548061
-22.224378266946456,-4.286888038311817
-22.225893092746965,-4.286865704511367
-22.22740793662643,-4.286843446514956
-22.228922793426484,-4.286821117818657
-22.230437625045415,-4.286798860377444
-22.231952483302685,-4.28677658710601
-22.233467305071294,-4.286754370526941
-22.23498215313344,-4.286732135175926
-22.236497008760356,-4.286709906866523
-22.23801182243973,-4.28668775603353
-22.2395266714172,-4.286665542325862
-22.241041475142687,-4.286643418376476
-22.24255631870735,-4.286621259252737
-22.244071135632815,-4.286599151876963
-22.245585955239722,-4.286577056179974
-22.247100791592004,-4.286554957217558
-22.248615596078707,-4.286532922464662
-22.250130420014315,-4.28651084411371
-22.25164523284598,-4.28648878848022
-22.253160009040982,-4.286466776268034
-22.254674810740156,-4.286444770584579
-22.256189618245493,-4.286422777543426
-22.257704429606356,-4.286400798962632
-22.25921922036277,-4.2863788631009685
-22.26073400177904,-4.286356945985235
-22.262248785900905,-4.286335062373931
-22.263763601580404,-4.2863131320832455
-22.26527839910725,-4.286291230661359
-22.26679316633916,-4.286269402229247
-22.26830794852783,-4.286247578222144
-22.26982275832441,-4.2862257589587145
-22.271337543843316,-4.286203923517169
-22.2728523004835,-4.286182143574524
-22.274367092705077,-4.286160393411751
-22.275881886554824,-4.286138624976811
-22.27739665323496,-4.2861169301076885
-22.278911432900667,-4.2860951886556
-22.280426187626926,-4.28607352066993
-22.281940967159976,-4.286051814941507
-22.283455724446398,-4.286030152494425
-22.28497051348354,-4.286008500865991
-22.286485264685933,-4.285986886339977
-22.28800000213703,-4.285965284160092
-22.28951478644049,-4.285943658741411
-22.291029532365933,-4.2859221146591
-22.292544305635797,-4.285900547845605
-22.29405905936817,-4.285879040136157
-22.295573834788307,-4.285857502382912
-22.297088590893413,-4.285836015643095
-22.298603323320936,-4.285814549890141
-22.300118106007826,-4.285793074648109
-22.301632851872107,-4.285771633732832
-22.303147608564583,-4.285750217744591
-22.304662380542165,-4.28572880543244
-22.306177132706694,-4.285707444900958
-22.30769187491335,-4.285686093885723
-22.309206650235456,-4.285664719745257
-22.310721406967367,-4.2856433627259065
-22.312236145212626,-4.285622068094407
-22.313750894964492,-4.2856007712394755
-22.315265654774585,-4.285579459364616
-22.316780398156265,-4.285558184195521
-22.318295126988268,-4.285536959344324
-22.3198098751209,-4.285515702680997
-22.321324609649846,-4.285494509064001
-22.32283935620548,-4.285473283874118
-22.324354070169843,-4.285452137524224
-22.32586880643841,-4.285430947773816
-22.327383531422797,-4.285409814228509
-22.3288982599746,-4.28538871697821
-22.330413008633936,-4.285367598848117
-22.331927729093078,-4.28534654218607
-22.333442453383668,-4.285325501966349
-22.334957210803033,-4.285304457105226
-22.33647194628576,-4.285283409561959
-22.33798665927408,-4.28526242027041
-22.339501395817486,-4.285241405323668
-22.34101610391296,-4.285220441350774
-22.342530816542162,-4.285199471973605
-22.344045550054723,-4.285178539861875
-22.345560262405293,-4.285157586094606
-22.34707497402318,-4.285136668411758
-22.3485896754405,-4.285115828657829
-22.350104412849088,-4.2850949521475545
-22.351619107957255,-4.285074104828782
-22.353133823909538,-4.285053244690189
-22.35464851857443,-4.285032446010089
-22.35616321525686,-4.28501165485164
-22.35767792317716,-4.284990882786649
-22.359192633069,-4.284970097353101
-22.360707306044468,-4.2849493938040215
-22.362222024291658,-4.284928666428977
-22.36373674494996,-4.284907937013018
-22.365251423169827,-4.284887278796139
-22.366766106292314,-4.284866648350083
-22.368280826775486,-4.284845973392509
-22.369795513164394,-4.284825350471821
-22.3713102160836,-4.28480474633899
-22.37282492628974,-4.2847841467718935
-22.374339610376826,-4.284763606551278
-22.37585432043987,-4.2847430216649
-22.37736900579275,-4.284722499897382
-22.378883686520865,-4.284702003596676
-22.38039839954839,-4.284681469276742
-22.38191307847555,-4.284661007538416
-22.383427788259624,-4.284640561474905
-22.384942498370535,-4.284620093997864
-22.38645718033347,-4.284599694600648
-22.38797187608673,-4.284579256515106
-22.389486549237166,-4.284558894486666
-22.391001237470125,-4.2845384756931715
-22.392515915697825,-4.28451812169482
-22.3940306085384,-4.284497769465794
-22.395545281372844,-4.28447743435035
-22.397059952591828,-4.284457150458456
-22.398574644194515,-4.284436841814612
-22.400089315762717,-4.284416570433815
-22.401603988773285,-4.2843963611026465
-22.40311867590753,-4.284376142673419
-22.40463336919714,-4.284355914886829
-22.406148024451603,-4.284335749053367
-22.407662717718036,-4.284315603475499
-22.4091774151828,-4.284295440607276
-22.410692080277087,-4.284275346527374
-22.41220678659589,-4.284255214274963
-22.41372143812087,-4.284235135701452
-22.41523612585202,-4.284215017955597
-22.416750780926158,-4.284194987229373
-22.418265460435677,-4.284174931725237
-22.419780137866475,-4.284154924842676
-22.42129482784806,-4.284134889443731
-22.422809471661843,-4.2841149091536055
-22.424324129715643,-4.2840949545549005
-22.425838811292653,-4.284074950770851
-22.42735344972348,-4.284055029252257
-22.428868111334943,-4.2840351143377084
-22.430382783083363,-4.284015206970665
-22.43189742697006,-4.283995379158242
-22.433412104357643,-4.2839754971571
-22.434926769132744,-4.283955640209154
-22.436441413474387,-4.283935839727115
-22.437956085006153,-4.283915999587233
-22.439470713110737,-4.283896242365894
-22.44098536895423,-4.2838764408777985
-22.442500003679537,-4.283856644218907
-22.44401464485001,-4.283836924672339
-22.445529275332284,-4.283817235253249
-22.447043929423593,-4.283797495585663
-22.448558553658714,-4.28377781124201
-22.45007319672392,-4.283758157597685
-22.45158784911959,-4.283738489521076
-22.453102469448226,-4.283718908123679
-22.454617123074296,-4.283699280799678
-22.45613175961927,-4.283679680222231
-22.45764639068091,-4.283660108136456
-22.45916099343094,-4.283640550415144
-22.460675640830832,-4.28362097399404
-22.462190264403212,-4.2836014213799904
-22.463704866980663,-4.283581936533067
-22.465219490990037,-4.2835623980352855
-22.466734106487213,-4.2835429172170425
-22.46824869455211,-4.283523438302216
-22.46976328852181,-4.283504008686892
-22.471277904211163,-4.283484577366866
-22.47279253128204,-4.283465174955441
-22.474307131766032,-4.283445802879373
-22.475821735957172,-4.283426455456704
-22.477336333802995,-4.283407153179871
-22.478850952709177,-4.283387813602003
-22.48036559436856,-4.283368490270711
-22.48188019379204,-4.283349236618199
-22.483394820182294,-4.283329950716912
-22.48490941649478,-4.283310734767254
-22.48642404667642,-4.2832914791403764
-22.487938650796167,-4.283272292693698
-22.489453275856942,-4.283253079133219
-22.49096786991201,-4.283233921302291
-22.492482479554788,-4.283214731394207
-22.493997093468188,-4.2831955849246475
-22.495511698633983,-4.283176473260572
-22.497026282883553,-4.283157405056326
-22.49854090039375,-4.283138277658216
-22.500055495703347,-4.28311919399773
-22.501570090414344,-4.283100150748096
-22.503084702192396,-4.2830811474613455
-22.504599310323293,-4.283062146141261
-22.50611389545543,-4.2830431624589815
-22.50762852544929,-4.2830241787618055
-22.509143124413225,-4.283005261682288
-22.510657746604448,-4.282986348856866
-22.512172367721547,-4.282967412145549
-22.5136869444219,-4.28294856365903
-22.515201571353465,-4.28292966438386
-22.516716162014195,-4.282910830782511
-22.518230787845255,-4.282892003594077
-22.519745401242357,-4.28287317917602
-22.521260008021,-4.282854383018584
-22.522774624213945,-4.282835572940227
-22.524289226239922,-4.2828168169655285
-22.525803822276025,-4.282798082016401
-22.52731842654969,-4.2827793208041705
-22.528833039447733,-4.282760598559257
-22.530347642361654,-4.282741904540369
-22.53186224741475,-4.282723225869267
-22.533376832991685,-4.282704578431982
-22.534891411765052,-4.282685947233777
-22.536406011701498,-4.282667275852682
-22.537920576337683,-4.282648675739733
-22.539435167092943,-4.282630092794121
-22.54094974380062,-4.282611547260082
-22.542464334487004,-4.282593008124364
-22.543978950369986,-4.282574465677212
-22.54549351691816,-4.282556011704313
-22.54700811217101,-4.2825374868466355
-22.548522705485738,-4.282518997082884
-22.550037280595895,-4.282500528422565
-22.5515518531257,-4.282482133549909
-22.553066459202395,-4.28246369637598
-22.554581016477876,-4.28244530522548
-22.55609561726341,-4.282426910966921
-22.557610221088343,-4.28240851550869
-22.559124775357525,-4.282390218825415
-22.560639366026628,-4.282371863559397
-22.56215391818103,-4.282353573542717
-22.56366850251202,-4.2823352635274645
-22.56518308338008,-4.282316954995371
-22.566697650916964,-4.28229871991833
-22.568212194034768,-4.282280501270421
-22.569726786210698,-4.282262262835659
-22.571241344935572,-4.282244075975303
-22.572755920240244,-4.282225895635432
-22.574270501946273,-4.282207709850207
-22.575785045620464,-4.282189601608166
-22.577299612621335,-4.282171484023951
-22.578814210813498,-4.2821533615281675
-22.580328758736258,-4.282135315344139
-22.5818433345382,-4.282117217213784
-22.583357913578237,-4.282099176689138
-22.584872476432164,-4.282081151440785
-22.586387061807862,-4.28206312254229
-22.587901602697716,-4.282045141103877
-22.58941617720949,-4.282027148210758
-22.59093074154595,-4.2820091696889895
-22.592445289862102,-4.2819912229113655
-22.593959839138172,-4.281973321591189
-22.59547441998371,-4.281955389877567
-22.59698897039856,-4.281937530785707
-22.598503547618716,-4.28191963189496
-22.600018092148932,-4.281901766826929
-22.60153260841754,-4.281883949269932
-22.60304717401388,-4.281866095583355
-22.60456170605358,-4.281848318206541
-22.606076259767228,-4.281830502675634
-22.60759078971356,-4.281812781739801
-22.609105337336718,-4.2817949978831535
-22.61061985007539,-4.281777283215961
-22.612134399189944,-4.2817595627519704
-22.613648954835977,-4.281741851027902
-22.615163476710215,-4.281724223283527
-22.61667803236375,-4.281706541882191
-22.61819257258032,-4.281688909011987
-22.619707099527613,-4.281671307700107
-22.621221663440412,-4.281653681654091
-22.62273617190894,-4.28163612821305
-22.624250706119682,-4.281618562095666
-22.62576525869303,-4.2816010012251375
-22.62727979087202,-4.281583515403803
-22.628794340442884,-4.281566026453512
-22.630308902027128,-4.2815485372791615
-22.63182341450405,-4.281531094163171
-22.63333797264163,-4.281513622689795
-22.63485251300561,-4.28149619120408
-22.636367046559336,-4.281478771055453
-22.637881562550366,-4.281461399116842
-22.63939610486547,-4.2814439732594005
-22.640910604213335,-4.281426632374583
-22.642425132539017,-4.281409270664999
-22.643939661765046,-4.281391914222547
-22.645454171837187,-4.281374627288656
-22.64696867782364,-4.281357360434171
-22.648483213965175,-4.281340063418008
-22.649997712393873,-4.2813228375425885
-22.65151224579692,-4.2813055818445225
-22.65302676760463,-4.281288348381739
-22.65454126854242,-4.28127117034459
-22.6560557780608,-4.281254023831596
-22.657570307488367,-4.281236815857232
-22.65908478942091,-4.281219722049338
-22.660599325036316,-4.281202585825402
-22.66211383788138,-4.281185447824836
-22.66362832054516,-4.281168401968493
-22.665142847379432,-4.281151336928186
-22.666657368263188,-4.281134259466203
-22.668171845497923,-4.281117274018248
-22.66968638128264,-4.281100249983257
-22.671200887312786,-4.2810832355531705
-22.672715387072657,-4.28106626302264
-22.67422990350901,-4.281049331002722
-22.675744409139234,-4.28103234747104
-22.677258894288386,-4.281015437980393
-22.678773377726067,-4.280998570809845
-22.680287908160295,-4.280981681927391
-22.68180243300072,-4.280964792283185
-22.683316915291872,-4.280947999638097
-22.68483142039928,-4.280931134597486
-22.6863458959793,-4.280914335918916
-22.687860406092693,-4.280897527192144
-22.689374898106024,-4.280880753848355
-22.690889378341204,-4.280864021533575
-22.69240388985145,-4.2808472670671165
-22.693918384821476,-4.280830524633255
-22.69543285105858,-4.280813853058726
-22.69694733907821,-4.280797166535017
-22.69846184881135,-4.280780499496926
-22.699976330186914,-4.280763891360699
-22.701490825826088,-4.280747270504776
-22.70300534137892,-4.2807306610791365
-22.704519831553284,-4.280714104944799
-22.706034303518887,-4.2806975641143215
-22.707548824544926,-4.280680985729735
-22.709063311127714,-4.280664485403105
-22.71057781985682,-4.280647953856607
-22.712092298746906,-4.280631481455147
-22.713606798669996,-4.280614991536445
-22.71512126995759,-4.280598552118677
-22.71663576796669,-4.280582134830208
-22.71815028160738,-4.280565712094911
-22.719664757770488,-4.280549358637332
-22.721179276904444,-4.280533008798779
-22.722693780137735,-4.280516617060899
-22.724208253488634,-4.280500324146159
-22.725722762294254,-4.280484004916058
-22.727237290450596,-4.280467704089609
-22.72875179157213,-4.280451436636749
-22.730266278287,-4.2804351894339
-22.73178079841962,-4.280418931781081
-22.73329530291572,-4.280402674372419
-22.734809759539523,-4.280386478751635
-22.736324257485997,-4.280370241335826
-22.737838711392335,-4.28035409234869
-22.739353192042078,-4.280337911248511
-22.740867695528774,-4.280321765029454
-22.742382169729897,-4.280305653485939
-22.743896635653993,-4.280289560776069
-22.74541113299242,-4.280273443213832
-22.746925576479818,-4.280257375519161
-22.748440057634852,-4.280241298836943
-22.74995451313855,-4.28022529508369
-22.751468994436,-4.2802092401078555
-22.752983439021772,-4.280193282160344
-22.754497916847953,-4.280177265465554
-22.75601235886096,-4.280161354177419
-22.757526841059292,-4.280145411054092
-22.75904130405813,-4.280129464254734
-22.760555768046117,-4.280113567190013
-22.76207023022224,-4.2800977334405665
-22.763584713004086,-4.280081848202776
-22.76509918088064,-4.280065977230254
-22.766613643876546,-4.280050173417211
-22.768128087979793,-4.280034383452186
-22.7696425714541,-4.280018562740868
-22.771157034657993,-4.280002771390148
-22.77267146082979,-4.279987037540206
-22.774185936092458,-4.27997128722394
-22.775700394050663,-4.279955590710365
-22.7772148696798,-4.279939871194693
-22.778729323593424,-4.279924214672277
-22.78024375868884,-4.279908519786724
-22.781758182301306,-4.279892881710237
-22.783272643605972,-4.279877218099874
-22.784787070207383,-4.2798616436641055
-22.78630152768172,-4.2798460335798145
-22.787815973441493,-4.279830420176609
-22.789330389576328,-4.279814899731848
-22.790844812153484,-4.27979937057052
-22.792359262671244,-4.279783814545248
-22.79387369585603,-4.279768349194375
-22.795388138883045,-4.279752838392796
-22.796902555963698,-4.279737403389061
-22.79841700513143,-4.279721925888975
-22.799931416631146,-4.279706543709824
-22.801445860463478,-4.279691113642889
-22.802960284668522,-4.2796757372646015
-22.804474719320773,-4.279660362073018
-22.80598916021982,-4.279645078244999
-22.807503618071415,-4.279629743780769
-22.809018079626856,-4.279614418815886
-22.810532508033603,-4.2795991578930614
-22.81204693891428,-4.279583922284652
-22.81356139506107,-4.2795686218979165
-22.815075805099614,-4.2795534194784155
-22.816590253956917,-4.279538186092185
-22.818104702410544,-4.27952298101876
-22.819619133364426,-4.2795078462600635
-22.821133576385026,-4.279492659709671
-22.822648024275356,-4.27947750806636
-22.824162468318043,-4.279462389595883
-22.82567689895473,-4.279447314073395
-22.82719135248189,-4.279432198366456
-22.828705781394255,-4.279417137112778
-22.830220228201892,-4.279402065879809
-22.831734656693186,-4.279387063465098
-22.83324907228194,-4.279372077258641
-22.834763534250374,-4.279357072751686
-22.83627796462175,-4.279342086121309
-22.837792392390117,-4.2793271403255515
-22.83930681858591,-4.279312220602772
-22.840821274428965,-4.279297306574811
-22.84233571086121,-4.279282387888572
-22.843850147267236,-4.279267512238337
-22.84536458707293,-4.279252702315897
-22.8468790268448,-4.279237809718168
-22.848393430440627,-4.279222998888989
-22.849907858705897,-4.279208161124922
-22.85142226769321,-4.279193389347946
-22.85293669878847,-4.27917858759431
-22.854451120270156,-4.2791638599420985
-22.855965521177573,-4.279149132155105
-22.857479947661496,-4.279134376706726
-22.858994347897877,-4.279119697373682
-22.86050872863699,-4.279105020698335
-22.862023142491356,-4.279090363782618
-22.86353756634952,-4.279075703264371
-22.865051950302274,-4.279061118582628
-22.86656637473316,-4.279046543832952
-22.868080809316858,-4.279031972658438
-22.86959523637177,-4.279017460512462
-22.871109684264844,-4.279002894948644
-22.872624105892054,-4.278988403440941
-22.874138541382962,-4.278973874567177
-22.875652946633735,-4.278959416223854
-22.87716739696959,-4.278944918832769
-22.878681797322592,-4.278930507777464
-22.880196229814175,-4.278916059599722
-22.881710638572503,-4.27890165552432
-22.883225062522968,-4.278887265817525
-22.884739507523395,-4.278872867715338
-22.886253910068753,-4.278858553128897
-22.887768330551577,-4.278844171234494
-22.889282715506482,-4.27882987106275
-22.890797141961833,-4.278815553434303
-22.892311536980234,-4.278801312025802
-22.893825965847267,-4.278787055982171
-22.89534038913561,-4.2787728105530425
-22.896854808623317,-4.278758624139016
-22.898369201666988,-4.278744437589955
-22.899883654045315,-4.27873025395132
-22.901398079876923,-4.2787160724314734
-22.902912477436985,-4.278701978099793
-22.90442692270187,-4.278687834379196
-22.90594134549364,-4.278673710210044
-22.907455761496852,-4.278659665079889
-22.90897020342933,-4.278645557530565
-22.910484605065662,-4.27863151419275
-22.911998991904255,-4.27861750115472
-22.913513425644652,-4.278603455158598
-22.915027810931456,-4.278589482238452
-22.91654224311294,-4.278575489750468
-22.918056662928485,-4.278561517905767
-22.91957105121944,-4.278547604424387
-22.921085458766502,-4.27853367263328
-22.922599851265858,-4.278519759693781
-22.92411425935295,-4.2785058622775
-22.925628679942577,-4.278491968798335
-22.927143068042543,-4.2784781605732
-22.928657485406575,-4.278464289034415
-22.930171870267245,-4.27845048561689
-22.93168624989625,-4.278436720470075
-22.933200656858144,-4.278422909743335
-22.934715041401546,-4.2784091759889105
-22.93622945823247,-4.278395428120486
-22.9377438497173,-4.27838169270663
-22.939258234816066,-4.278368021448773
-22.94077263141298,-4.278354374993246
-22.942287020526646,-4.278340661763007
-22.94380141394285,-4.278326989227223
-22.945315800087453,-4.278313382310822
-22.946830208822206,-4.278299743730563
-22.94834456840541,-4.278286153304009
-22.949858937240517,-4.278272594973897
-22.951373338092903,-4.278258996289233
-22.952887690105708,-4.278245493806527
-22.954402081246258,-4.278231954449197
-22.955916439383355,-4.278218495713731
-22.95743082316186,-4.278204998489828
-22.958945216155797,-4.278191520622134
-22.960459582909994,-4.278178116225575
-22.96197397976201,-4.278164689805556
-22.963488359094132,-4.2781512974134985
-22.96500272742616,-4.278137939801909
-22.966517135835204,-4.278124570058672
-22.96803152725645,-4.278111217292187
-22.969545905577817,-4.278097885361999
-22.9710602857301,-4.278084601612026
-22.972574680559767,-4.278071302581063
-22.974089074325917,-4.278057996643436
-22.97560343471903,-4.2780447679647065
-22.977117796686983,-4.2780315611046
-22.97863218089173,-4.278018314846719
-22.980146562871838,-4.278005083358307
-22.981660918518635,-4.277991941271033
-22.983175305934626,-4.27797875556473
-22.984689662745854,-4.277965629857552
-22.986204036697096,-4.277952484002428
-22.987718387319372,-4.277939373544489
-22.989232745490217,-4.277926329343217
-22.990747132750357,-4.277913275188969
-22.992261525198366,-4.277900230389088
-22.993775903340172,-4.277887263720365
-22.995290290111782,-4.277874237692684
-22.996804662674382,-4.277861288475554
-22.998319062205155,-4.277848344209403
-22.99983346041152,-4.277835385197606
-23.00134785109811,-4.2778224837478485
-23.002862242800905,-4.277809602185924
-23.004376621888127,-4.2777967128533
-23.005891019593413,-4.277783814528209
-23.007405404762622,-4.277770944618163
-23.008919792576958,-4.277758108398869
-23.010434164035917,-4.277745319273604
-23.011948557008882,-4.277732482399427
-23.01346291200626,-4.277719731867643
-23.014977291289238,-4.2777069160386985
-23.016491630054116,-4.277694174601289
-23.018005991600155,-4.277681442707244
-23.019520367460917,-4.277668721109096
-23.021034708166294,-4.2776560676042825
-23.022549075329795,-4.277643402985811
-23.024063414313666,-4.277630757142909
-23.025577799926367,-4.277618135189381
-23.027092183222415,-4.2776055074532655
-23.02860653515062,-4.277592948118384
-23.03012088110515,-4.277580402789024
-23.0316352682231,-4.277567826931487
-23.03314963616298,-4.277555265439038
-23.034663996973634,-4.277542761747113
-23.036178352818013,-4.277530299058641
-23.037692729058342,-4.277517781484085
-23.03920707798762,-4.2775053252762305
-23.04072143828889,-4.277492852517884
-23.042235772771786,-4.277480467073395
-23.043750152067755,-4.277468043680454
-23.045264487401738,-4.27745571214131
-23.046778855684877,-4.277443334777528
-23.048293238817543,-4.277430978476994
-23.04980758977187,-4.277418711217133
-23.051321982553898,-4.27740638556758
-23.05283634077238,-4.277394103783989
-23.05435070093636,-4.277381855636552
-23.05586506332553,-4.277369645273155
-23.05737944171618,-4.277357394016069
-23.05889381828721,-4.277345173862092
-23.060408185215184,-4.2773330325475305
-23.061922581223936,-4.27732085117562
-23.063436937044948,-4.277308729384596
-23.064951322448337,-4.2772965719254055
-23.06646568866736,-4.277284492211234
-23.067980075989542,-4.277272367522688
-23.069494420675916,-4.277260312659255
-23.071008809868456,-4.27724824890004
-23.072523176778724,-4.277236260065801
-23.074037560470313,-4.277224196210994
-23.07555191749777,-4.277212204401941
-23.077066252680126,-4.2772002346677525
-23.078580622356295,-4.277188266823811
-23.080094998959524,-4.277176308602622
-23.081609365982235,-4.2771643807185304
-23.083123714444636,-4.277152495923302
-23.08463806748645,-4.277140618390162
-23.08615243163802,-4.2771287308589905
-23.087666799364506,-4.2771168621291995
-23.08918115850858,-4.277105052200836
-23.090695532011086,-4.277093203455157
-23.092209864232565,-4.277081402821331
-23.093724206136656,-4.277069650654618
-23.095238549867645,-4.277057820203571
-23.096752870552606,-4.277046105406975
-23.098267218488754,-4.277034338338658
-23.099781539521626,-4.277022671155214
-23.101295867758573,-4.277010941021124
-23.102810222752915,-4.276999261315709
-23.10432451933131,-4.276987674114841
-23.105838866713967,-4.276976017383902
-23.107353213484902,-4.276964373959746
-23.10886754599481,-4.27695281727611
-23.110381902185537,-4.2769412539956795
-23.11189623327877,-4.276929735199689
-23.113410599327796,-4.276918203158437
-23.114924944279938,-4.27690666009939
-23.116439269369295,-4.276895182895313
-23.117953600782144,-4.276883722052705
-23.11946795545091,-4.276872244443088
-23.12098228949408,-4.276860803737182
-23.12249661841588,-4.276849402824775
-23.12401097033939,-4.276837964798329
-23.12552529663265,-4.276826600332328
-23.12703961435537,-4.276815236552502
-23.12855396657796,-4.27680389595919
-23.130068315281573,-4.276792547467859
-23.13158262296614,-4.276781297028118
-23.133096976675553,-4.276769991794655
-23.13461130005484,-4.276758696752747
-23.136125640129357,-4.276747465206947
-23.1376399935289,-4.276736262705185
-23.139154326390067,-4.27672503542688
-23.140668649943944,-4.276713886636111
-23.142183003679783,-4.27670267825281
-23.143697341169933,-4.27669149976948
-23.14521167223102,-4.276680383927413
-23.14672601715866,-4.276669244272531
-23.14824034542094,-4.276658148133498
-23.149754650391813,-4.276647097709327
-23.151268997682642,-4.2766359905541895
-23.152783318625122,-4.276624942394412
-23.15429763778634,-4.276613904720747
-23.155811952643003,-4.276602944635318
-23.15732630960952,-4.276591927932584
-23.1588406003861,-4.276580974687312
-23.160354938227,-4.276569992343292
-23.16186923831531,-4.2765590620473075
-23.16338355739132,-4.276548145207308
-23.1648978904361,-4.276537237565936
-23.166412181835476,-4.276526413006415
-23.16792653553187,-4.276515557464246
-23.169440871674293,-4.276504692286027
-23.170955172951476,-4.276493914746664
-23.172469482200725,-4.276483126754268
-23.173983826664518,-4.276472314569112
-23.175498118325084,-4.276461590344503
-23.17701245229086,-4.2764508372702075
-23.17852678348326,-4.2764400978156445
-23.180041096654204,-4.276429432651322
-23.18155545146574,-4.276418729851739
-23.18306978219954,-4.2764080978200205
-23.18458407771518,-4.2763974559991675
-23.186098408846554,-4.276386788135355
-23.18761272460303,-4.276376200601042
-23.189127065732666,-4.2763655782391385
-23.190641367050393,-4.276355018732728
-23.19215568404474,-4.276344440838354
-23.193670008781442,-4.276333899991479
-23.19518432662243,-4.27632340535974
-23.19669864818371,-4.276312900602136
-23.198212968069292,-4.276302404910923
-23.19972727408635,-4.276291959789298
-23.201241568040327,-4.276281541591392
-23.202755906068248,-4.276271100119537
-23.204270193956567,-4.2762607284063066
-23.20578450454681,-4.27625032407189
-23.20729883350345,-4.276239954840004
-23.20881312856541,-4.276229652637116
-23.210327447607284,-4.276219289077532
-23.211841757375044,-4.276209007966147
-23.213356073565105,-4.276198709887635
-23.214870410009144,-4.276188466396514
-23.216384725622866,-4.276178246548996
-23.217899053364434,-4.276168018099758
-23.219413399523436,-4.276157790751418
-23.22092769497548,-4.276147624445433
-23.222442018473945,-4.276137441882815
-23.223956342770727,-4.276127276193984
-23.225470644097022,-4.2761171751657505
-23.226984943431816,-4.27610707780256
-23.228499286483142,-4.276096972254422
-23.230013594329638,-4.276086867596867
-23.231527893070766,-4.276076848083304
-23.23304222067176,-4.276066776100119
-23.234556513165586,-4.2760567921023425
-23.236070825381724,-4.276046760386681
-23.237585120581944,-4.276036812452962
-23.23909944650512,-4.27602682333989
-23.240613744270274,-4.276016923326698
-23.242128075590934,-4.276006989943985
-23.243642390288006,-4.275997062714606
-23.245156664839527,-4.275987213222016
-23.246671004711864,-4.27597732749377
-23.24818529643156,-4.275967509162267
-23.24969961619829,-4.275957671457586
-23.25121392864463,-4.275947847672808
-23.252728250019544,-4.2759380569259555
-23.254242551228835,-4.2759283165874304
-23.25575686472877,-4.275918515732749
-23.25727114483958,-4.275908789580904
-23.25878546303547,-4.275899038385969
-23.26029973232758,-4.275889344596652
-23.261814039479,-4.275879628598596
-23.26332831408892,-4.275869991935003
-23.264842615441324,-4.275860313950053
-23.266356887618016,-4.275850715653671
-23.26787120218556,-4.275841096457626
-23.269385485997283,-4.275831509026127
-23.270899779945967,-4.2758219784340294
-23.27241408171803,-4.275812428135326
-23.273928387739527,-4.275802872021665
-23.275442673595126,-4.27579338998197
-23.276956947488536,-4.27578393247608
-23.278471251816896,-4.275774446011958
-23.27998555874925,-4.275764984453138
-23.28149985000889,-4.275755593242582
-23.283014169858614,-4.275746200196981
-23.284528492408437,-4.275736784448312
-23.28604278293862,-4.2757274345926914
-23.287557069830775,-4.275718063934664
-23.289071349527976,-4.275708754736342
-23.290585646906862,-4.27569939932479
-23.292099934729382,-4.275690058324584
-23.293614205548355,-4.275680804000832
-23.29512847308748,-4.275671543153566
-23.296642772646845,-4.275662300801467
-23.29815706843095,-4.275653055704159
-23.299671361158637,-4.275643879519737
-23.30118565904891,-4.27563469496724
-23.302699920626807,-4.275625558041316
-23.30421423264209,-4.275616385675577
-23.305728518182164,-4.275607227699989
-23.307242778170203,-4.275598159415375
-23.308757080149693,-4.275589037435687
-23.310271341527045,-4.2755799702978345
-23.31178562412327,-4.2755709190192315
-23.313299921207665,-4.275561864075039
-23.314814184019742,-4.275552893951183
-23.316328492637822,-4.275543882709509
-23.317842768351642,-4.275534943117406
-23.319357080574353,-4.275525975972039
-23.320871359081526,-4.275517071114085
-23.322385664189145,-4.275508137915977
-23.323899965134704,-4.275499265612625
-23.325414282955155,-4.275490350818432
-23.326928564897507,-4.275481515500816
-23.32844285254205,-4.275472695455324
-23.32995716090158,-4.27546382002902
-23.331471427894165,-4.275455037011467
-23.332985725928108,-4.275446254557219
-23.33450000108613,-4.2754375008692875
-23.336014282176677,-4.275428705946659
-23.337528557355025,-4.275420004619625
-23.339042850513092,-4.275411275873934
-23.340557144676676,-4.27540258313069
-23.342071420295298,-4.275393933301661
-23.343585719602594,-4.2753852852782215
-23.34510001078703,-4.275376620283767
-23.346614281906692,-4.27536804587851
-23.348128572000956,-4.275359416595801
-23.349642847325,-4.275350838186643
-23.351157128608975,-4.2753423001928414
-23.35267141974859,-4.275333751535598
-23.35418568709809,-4.275325229186629
-23.35569996261536,-4.2753167758877595
-23.357214265806448,-4.275308273887087
-23.35872855891696,-4.275299801705255
-23.360242842155923,-4.275291391447812
-23.36175712649728,-4.275283001784216
-23.36327143121677,-4.275274602718818
-23.364785737822135,-4.275266196052645
-23.366300005893315,-4.275257891784711
-23.3678143099527,-4.275249512910358
-23.369328574757866,-4.275241224883489
-23.37084286987352,-4.275232894993577
-23.372357134181545,-4.275224627622961
-23.37387142470112,-4.275216361276606
-23.375385724736645,-4.27520809975338
-23.376899987125967,-4.275199905727407
-23.37841428655416,-4.275191699264933
-23.37992858673712,-4.2751835024584315
-23.381442879806507,-4.275175356417539
-23.382957163567063,-4.2751672397637535
-23.384471477059922,-4.275159060339081
-23.3859857424484,-4.275150942158846
-23.38750002588406,-4.275142829219042
-23.38901428058689,-4.275134787725909
-23.390528561509804,-4.275126686562777
-23.39204284905604,-4.275118626366626
-23.393557100256693,-4.2751106344283825
-23.395071365155186,-4.2751026241293415
-23.396585649433987,-4.275094625528797
-23.39809991882569,-4.275086648650734
-23.399614190103225,-4.275078732372286
-23.40112849123629,-4.2750707791553015
-23.402642752022107,-4.275062886777296
-23.404157004303574,-4.275055016311065
-23.405671302386157,-4.275047113105462
-23.40718555435377,-4.275039290007798
-23.408699829034166,-4.275031413134393
-23.41021407203363,-4.275023628656322
-23.411728346706823,-4.275015801080592
-23.41324259309717,-4.275008073252168
-23.414756868080175,-4.275000299868532
-23.41627113097455,-4.2749925566198215
-23.41778540539723,-4.274984862944053
-23.419299678919067,-4.2749772156882715
-23.420813977732806,-4.274969511439071
-23.422328231462146,-4.2749618641157605
-23.4238425105282,-4.274954222610291
-23.425356796455482,-4.274946581240748
-23.42687105440867,-4.274939018198098
-23.428385315306084,-4.274931437497916
-23.429899611790024,-4.274923842198984
-23.43141386712534,-4.2749163275652355
-23.432928139532514,-4.2749088022349815
-23.43444239965631,-4.274901319204947
-23.43595669097332,-4.274893842670019
-23.437470979621082,-4.2748863696640225
-23.438985246083433,-4.274878983833258
-23.440499556768874,-4.274871538826285
-23.44201382146174,-4.274864183701164
-23.44352812675283,-4.274856782763997
-23.445042409033718,-4.274849417885096
-23.446556688335367,-4.274842115741753
-23.44807101066707,-4.2748347811575735
-23.44958529332486,-4.274827454155471
-23.451099564599062,-4.274820201433089
-23.45261386753546,-4.2748129029408
-23.454128132155436,-4.274805681327441
-23.455642438865986,-4.274798418633134
-23.457156690538003,-4.2747912315758265
-23.458670980148973,-4.274784005375908
-23.46018524296902,-4.274776841568091
-23.461699538373868,-4.2747696915048765
-23.463213801685338,-4.274762570597531
-23.464728086793855,-4.274755449561188
-23.466242370082387,-4.274748386407509
-23.467756642254106,-4.274741330250082
-23.469270929929486,-4.274734261077927
-23.470785218139746,-4.274727247400641
-23.472299506845133,-4.274720271584316
-23.473813823202953,-4.274713279837342
-23.475328123484847,-4.274706272830113
-23.476842402853443,-4.274699369171001
-23.47835669898963,-4.274692392756964
-23.479870972250218,-4.274685489076578
-23.481385272675,-4.274678547606111
-23.48289953643427,-4.274671676301644
-23.48441380698049,-4.274664833102411
-23.485928105321026,-4.274657944201665
-23.487442364668112,-4.274651144706864
-23.488956647475813,-4.274644337280024
-23.490470946382608,-4.27463754752619
-23.491985236790036,-4.274630817400856
-23.493499545542715,-4.274624039029077
-23.49501381296145,-4.274617325032738
-23.496528106240575,-4.27461058612294
-23.498042380736653,-4.2746038757291664
-23.499556650049165,-4.274597221185999
-23.501070944634115,-4.274590562739721
-23.502585234933573,-4.27458391478461
-23.504099494823272,-4.274577328955739
-23.505613766580762,-4.274570761255718
-23.507128053695943,-4.274564159689932
-23.508642325764765,-4.274557577070245
-23.510156602561924,-4.27455103481462
-23.511670862807254,-4.274544511829009
-23.513185123399797,-4.274537967254845
-23.514699351355375,-4.274531468836552
-23.516213586267728,-4.274524947608735
-23.517727819033443,-4.2745184228056345
-23.519242012548357,-4.274511928346626
-23.520756187284892,-4.274505458254803
-23.522270328249665,-4.274498978873866
-23.52378449655556,-4.274492472104095
-23.525298606184368,-4.274486042758563
-23.526812741394597,-4.274479602492276
-23.528326846684422,-4.274473144737188
-23.529840915203174,-4.2744668896628655
-23.531355015364007,-4.274460636074789
-23.5328690729973,-4.274454276587413
-23.534383139729343,-4.274448052644364
-23.53589717810283,-4.274441717883337
-23.53741121652904,-4.274435566222871
-23.53892529644811,-4.2744292755723095
-23.540439303544645,-4.27442315684711
-23.541953362162626,-4.274416907396205
-23.54346737334584,-4.274410855845197
-23.54498141248509,-4.274404616145841
-23.546495449736682,-4.274398589306848
-23.548009463495056,-4.274392409039379
-23.549523504589462,-4.2743863512703335
-23.551037502904972,-4.2743802151785975
-23.55255151031875,-4.274374217076408
-23.5540655521479,-4.274368135799163
-23.555579538798433,-4.274362183011321
-23.557093569948716,-4.274356145738368
-23.558607562601463,-4.2743502626390475
-23.560121602285008,-4.274344246439405
-23.561635620127714,-4.274338366054935
-23.563149622590597,-4.2743323995500475
-23.56466363371381,-4.274326536157527
-23.566177653401184,-4.274320659662722
-23.567691687171177,-4.274314761614963
-23.56920565149655,-4.2743089781629555
-23.570719688258936,-4.274303145062723
-23.572233702818156,-4.274297315046166
-23.573747694050212,-4.274291574387647
-23.57526169449305,-4.2742858473967384
-23.576775707377006,-4.274280078579837
-23.578289692094362,-4.274274396402627
-23.579803724383037,-4.274268688641991
-23.581317692559477,-4.274263063860516
-23.582831710681806,-4.274257395267978
-23.584345700009045,-4.274251813834203
-23.58585972186493,-4.274246203224592
-23.587373718669397,-4.274240639403361
-23.588887728540787,-4.274235053024991
-23.590401712402453,-4.274229522149043
-23.591915699149705,-4.274224064558866
-23.59342972351105,-4.274218574823363
-23.594943736476367,-4.274213088954422
-23.596457729517468,-4.274207664783069
-23.597971745467326,-4.274202223256933
-23.599485753038987,-4.274196782189113
-23.600999739328337,-4.274191394064511
-23.60251374315935,-4.274186022805804
-23.604027723027688,-4.274180683742765
-23.605541709334297,-4.274175412952841
-23.60705572724662,-4.274170098077901
-23.608569719146235,-4.2741648725671375
-23.610083742272653,-4.274159576525369
-23.611597748495186,-4.274154293073808
-23.613111728031896,-4.274149065085908
-23.61462571085511,-4.274143910994575
-23.61613973019284,-4.2741386947687365
-23.617653706692195,-4.2741335898497645
-23.619167716464062,-4.274128414062174
-23.620681693074122,-4.274123356234655
-23.622195694663848,-4.274118229771863
-23.623709702344005,-4.27411316495492
-23.625223689708033,-4.274108085508705
-23.626737679747976,-4.274103096557229
-23.62825168350778,-4.274098065496837
-23.62976569358823,-4.274093042203994
-23.6312796694114,-4.274088090170788
-23.6327936653287,-4.274083105613714
-23.634307647240714,-4.27407815892412
-23.635821630846568,-4.27407329501574
-23.63733564388525,-4.274068385127449
-23.638849640818542,-4.274063496884413
-23.640363622670467,-4.274058619368695
-23.64187761055927,-4.274053828807882
-23.643391621559875,-4.274048988844781
-23.644905597115752,-4.274044225924534
-23.646419600247352,-4.274039411881438
-23.647933577721453,-4.274034695778845
-23.649447591569576,-4.274029927899548
-23.650961564188805,-4.274025253460883
-23.652475570140005,-4.274020525899579
-23.653989553465504,-4.274015860505993
-23.655503522043066,-4.274011253830952
-23.657017522888463,-4.27400661047259
-23.65853153110489,-4.274002004602446
-23.660045513800494,-4.273997432718363
-23.66155952288597,-4.273992821837234
-23.66307350195915,-4.273988315111961
-23.664587521263595,-4.273983747668515
-23.66610151447112,-4.273979218405542
-23.667615484830254,-4.2739747493323
-23.669129494483194,-4.27397024337599
-23.670643465334834,-4.27396580707663
-23.672157471742985,-4.273961347654449
-23.67367144550449,-4.273956945514053
-23.67518541780734,-4.273952606320701
-23.67669944410978,-4.273948214617128
-23.678213439046118,-4.273943860381076
-23.67972740435294,-4.273939507034056
-23.68124138476965,-4.273935250855143
-23.68275539768816,-4.273930935094594
-23.684269374556678,-4.273926730224045
-23.68578336529476,-4.273922465092353
-23.687297379532414,-4.273918229862903
-23.688811341030252,-4.273914094150566
-23.690325354253496,-4.273909878583988
-23.69183933505427,-4.273905760391278
-23.69335332590365,-4.273901598358518
-23.69486730220822,-4.27389751543773
-23.696381305610583,-4.27389339737679
-23.697895294417087,-4.273889308860909
-23.699409260536044,-4.273885267675276
-23.700923273321397,-4.2738812039035725
-23.7024372440689,-4.273877211097126
-23.703951248807073,-4.273873189563847
-23.70546521025863,-4.273869266031985
-23.70697921683287,-4.273865298358837
-23.708493213281873,-4.2738613546337945
-23.7100071998827,-4.273857424507321
-23.711521179702224,-4.273853566351149
-23.713035180484436,-4.273849684173809
-23.71454917681158,-4.2738458018356855
-23.716063142415653,-4.27384198653427
-23.717577145217064,-4.273838138718114
-23.71909111414833,-4.273834356668082
-23.720605087818463,-4.273830633141732
-23.72211907628523,-4.273826865539295
-23.723633075341713,-4.273823111327962
-23.725147034872062,-4.273819443821044
-23.726661034411087,-4.273815719044636
-23.728174994937635,-4.273812095068899
-23.729688993504226,-4.273808430808036
-23.731202987358984,-4.273804783337449
-23.732716955174062,-4.273801172135985
-23.734230923760997,-4.273797615009102
-23.7357449272662,-4.273794020395125
-23.737258882347454,-4.273790491337574
-23.738772887828116,-4.2737869301284555
-23.740286845988916,-4.273783508592453
-23.741800853237475,-4.2737800261035535
-23.743314841450385,-4.273776557072058
-23.744828827695578,-4.273773085154567
-23.74634280517933,-4.273769708109206
-23.74785681853162,-4.273766307722755
-23.749370811348832,-4.273762890340958
-23.750884771895077,-4.273759544856915
-23.75239878522002,-4.273756170932816
-23.75391274037948,-4.273752877473066
-23.755426740265914,-4.273749561309703
-23.756940707500668,-4.273746293097702
-23.758454701615513,-4.273743014888506
-23.759968660310573,-4.273739787013969
-23.76148266214259,-4.273736540565845
-23.762996624883694,-4.273733398036196
-23.764510621039125,-4.273730243174276
-23.76602460136877,-4.273727106952898
-23.767538604055844,-4.273723955564354
-23.769052573198064,-4.273720853683121
-23.770566574009262,-4.273717749322024
-23.772080534997695,-4.273714753696699
-23.773594547767217,-4.273711794005712
-23.775108551842784,-4.2737087689044975
-23.77662252572767,-4.273705794757329
-23.778136549994723,-4.273702821901234
-23.779650517233552,-4.273699922328609
-23.78116453063532,-4.273697051290356
-23.782678545541415,-4.273694174248991
-23.78419255226665,-4.273691327436891
-23.785706557826348,-4.273688539788258
-23.787220601123437,-4.273685798912204
-23.788734627738165,-4.2736829920905715
-23.790248622498506,-4.273680206505376
-23.791762631037777,-4.273677532762257
-23.793276676174603,-4.273674882579649
-23.794790712485362,-4.273672193106443
-23.79630473362573,-4.273669562995268
-23.797818777959467,-4.2736669411071535
-23.799332798790008,-4.27366433397679
-23.800846821625786,-4.273661831193551
-23.80236089553142,-4.273659323582871
-23.803874946911872,-4.2736567580864495
-23.805388964767044,-4.2736542810620435
-23.806903037995767,-4.273651838013204
-23.808417093739045,-4.273649399967171
-23.80993115511548,-4.273646964209733
-23.811445204518645,-4.273644568007682
-23.81295929943545,-4.273642203666186
-23.814473343019767,-4.273639896450101
-23.81598742058738,-4.273637611235156
-23.817501497329005,-4.273635277586786
-23.819015555568708,-4.273632959843085
-23.820529612532457,-4.2736307362256785
-23.822043716078102,-4.273628548920328
-23.8235577851059,-4.273626380304679
-23.825071871664615,-4.273624233802685
-23.826585972735778,-4.273622081692008
-23.828100065083802,-4.2736199554714425
-23.829614159075234,-4.273617859119981
-23.831128238757408,-4.273615848106893
-23.83264235210235,-4.273613863294057
-23.834156474578098,-4.273611818762709
-23.83567056589712,-4.273609799092613
-23.837184657759735,-4.273607840491487
-23.838698798280017,-4.273605891131987
-23.840212893994217,-4.273603980024267
-23.841727037598154,-4.273602074130446
-23.843241147628202,-4.273600194462163
-23.844755249122137,-4.273598396199609
-23.846269402626568,-4.273596630059859
-23.847783544725495,-4.27359484222237
-23.849297675657528,-4.273593078455622
-23.85081181744292,-4.273591374832992
-23.85232598155726,-4.273589673160785
-23.853840104077115,-4.273587999979041
-23.85535427098074,-4.273586332800421
-23.85686840792483,-4.273584706281078
-23.858382582511734,-4.273583083021573
-23.859896715972884,-4.273581534750344
-23.861410893902573,-4.273579993106819
-23.862925035195193,-4.273578487640857
-23.864439223547294,-4.273577001561244
-23.865953418878238,-4.273575496062444
-23.867467581850786,-4.273574010416588
-23.868981751074983,-4.273572621164113
-23.870495948376707,-4.273571271423663
-23.872010153597216,-4.273569865445275
-23.873524320358715,-4.273568496341636
-23.875038529442715,-4.2735671331552085
-23.876552706365665,-4.273565809849499
-23.878066915604943,-4.273564526153068
-23.879581077958143,-4.273563309623585
-23.881095301479625,-4.27356209763132
-23.882609510889836,-4.273560918138835
-23.884123722027475,-4.273559741125365
-23.885637921388494,-4.273558594607119
-23.8871521654879,-4.273557444535174
-23.888666363315437,-4.273556358650603
-23.890180605061964,-4.273555292191691
-23.891694839569954,-4.273554230962361
-23.893209068713556,-4.273553165299491
-23.89472329867485,-4.273552113266731
-23.896237523908923,-4.273551142831073
-23.89775178282961,-4.27355017329104
-23.899265991877755,-4.27354927204634
-23.900780261554505,-4.27354840045241
-23.902294517667634,-4.273547513849266
-23.903808759184074,-4.273546650426308
-23.905323036213037,-4.273545780039716
-23.9068372847815,-4.2735449379573245
-23.90835152300519,-4.273544178475035
-23.90986580276884,-4.273543469598622
-23.91138008469487,-4.273542709666311
-23.9128943300668,-4.273541952192917
-23.914408579652694,-4.273541281615482
-23.91592286939081,-4.273540648104805
-23.917437148456365,-4.273539992236014
-23.918951419175865,-4.273539334523503
-23.920465697390277,-4.273538702159978
-23.92197996904563,-4.273538188629485
-23.923494275317935,-4.2735376875688535
-23.92500856778329,-4.273537127236876
-23.926522832260876,-4.273536622398331
-23.928037152775012,-4.27353614373375
-23.92955144001788,-4.273535687902946
-23.9310657163512,-4.273535290346593
-23.932580053122816,-4.273534898149355
-23.93409432796169,-4.273534607739439
-23.93560868154767,-4.273534365274531
-23.93712304067369,-4.2735340284531205
-23.938637324255403,-4.2735337343196855
-23.940151684859703,-4.2735334726934395
-23.941666006277902,-4.273533223349192
-23.94318032360107,-4.273532984599487
-23.9446946573688,-4.273532767899785
-23.946208977229425,-4.273532638938153
-23.947723324044198,-4.273532555797742
-23.949237682138033,-4.273532421886387
-23.950752002669883,-4.273532332040701
-23.95226637274317,-4.273532242846799
-23.953780699324025,-4.273532234705507
-23.955295067760154,-4.2735322738091694
-23.956809441437937,-4.273532271190113
-23.958323804967172,-4.273532271013548
-23.959838152659735,-4.273532326670703
-23.96135253930709,-4.273532404701075
-23.962866890924523,-4.273532564168654
-23.964381287040787,-4.27353272404605
-23.965895665516815,-4.273532820314918
-23.96741002414721,-4.273532982456077
-23.96892442583024,-4.273533154863193
-23.97043877918686,-4.27353334593543
-23.97195316634671,-4.273533557519804
-23.973467537730144,-4.2735338069841236
-23.97498190552924,-4.273534153762218
-23.976496313377993,-4.273534524500727
-23.978010721434735,-4.273534879237704
-23.979525115420312,-4.2735352488217195
-23.981039518435608,-4.273535682391772
-23.982553942723545,-4.2735361574069595
-23.984068374594873,-4.273536579670134
-23.98558276378355,-4.273537075503712
-23.98709719842664,-4.273537586698285
-23.98861161922806,-4.273538071171212
-23.9901260266584,-4.273538581686317
-23.99164042970999,-4.273539174725037
-23.993154882172846,-4.2735398000227445
-23.994669313505888,-4.273540407460054
-23.99618374110437,-4.273541032332534
-23.997698155251438,-4.273541710342645
-23.999212619955447,-4.273542406727232
-24.000727037558516,-4.27354315561142
-24.002241496347505,-4.2735439252615945
-24.003755934104703,-4.2735447479996616
-24.005270400182066,-4.273545608163379
-24.00678488064273,-4.273546409046472
-24.008299321322312,-4.273547279095675
-24.00981380505609,-4.273548197456663
-24.01132829404562,-4.273549060531061
-24.012842733669366,-4.273549997145225
-24.01435723540751,-4.273550960378777
-24.015871723317307,-4.273551896708692
-24.01738618186436,-4.273552856850888
-24.01890065848083,-4.273553843217307
-24.020415138135228,-4.273554915231789
-24.021929645007898,-4.273556010780414
-24.023444111025885,-4.273557159025535
-24.024958639051135,-4.273558289332343
-24.026473144085752,-4.273559366118937
-24.02798762067535,-4.273560498356003
-24.029502142038485,-4.273561633630712
-24.031016629026823,-4.273562820367343
-24.03253112833336,-4.273564072458189
-24.034045661031644,-4.273565312851469
-24.035560145144913,-4.273566628384662
-24.037074680249827,-4.273567977713549
-24.038589199020258,-4.27356932809551
-24.040103714626657,-4.273570707642878
-24.04161826067234,-4.273572074521834
-24.043132796937737,-4.273573454795245
-24.044647305159156,-4.273574904786868
-24.046161863689978,-4.273576348871824
-24.04767637821825,-4.273577853423066
-24.049190927809175,-4.273579408098152
-24.050705495218292,-4.273580914807414
-24.052220024869904,-4.273582465131775
-24.053734591853246,-4.273584014405714
-24.055249127697707,-4.273585590517205
-24.0567636927997,-4.273587163592585
-24.05827822846303,-4.273588767532193
-24.059792764017743,-4.273590466082161
-24.061307337481377,-4.273592201688528
-24.062821915590288,-4.273593912165072
-24.064336463314085,-4.273595652466679
-24.065851047883758,-4.273597369782456
-24.06736561346596,-4.273599117530546
-24.068880171690175,-4.273600887063348
-24.07039473821352,-4.273602690659341
-24.071909313536484,-4.273604511767464
-24.073423869260402,-4.273606414526722
-24.074938455700625,-4.273608317865215
-24.0764530207268,-4.273610257533797
-24.077967629255806,-4.2736121899374915
-24.079482193807998,-4.273614177730116
-24.08099681267344,-4.2736161842804945
-24.082511374751693,-4.273618272866867
-24.08402600739264,-4.273620404938905
-24.085540635105385,-4.273622432670446
-24.08705522866972,-4.273624493478041
-24.088569846287914,-4.273626565314298
-24.09008443794434,-4.273628672762607
-24.091599030010045,-4.273630874810118
-24.093113658983047,-4.273633118253049
-24.09462829232084,-4.273635316799342
-24.0961429088713,-4.27363752686647
-24.09765752712609,-4.273639773383561
-24.099172172569894,-4.273642017439341
-24.10068678130536,-4.273644297794341
-24.102201392062366,-4.2736466739589485
-24.103716039755007,-4.273649098747999
-24.105230694883513,-4.273651465005787
-24.106745311284026,-4.2736538777272655
-24.108259969511565,-4.273656284937118
-24.10977460502671,-4.273658725133191
-24.111289255907153,-4.273661221501843
-24.112803911682782,-4.273663733662433
-24.114318572284784,-4.273666242855743
-24.115833218896626,-4.27366880127619
-24.117347901483082,-4.273671360826758
-24.118862550965044,-4.27367394256038
-24.120377228278187,-4.2736765437047035
-24.121891886832113,-4.273679168414114
-24.123406536151396,-4.273681873206635
-24.124921232255065,-4.273684605013762
-24.126435910948743,-4.273687335471555
-24.127950594155912,-4.2736901008709784
-24.12946529156408,-4.27369286263504
-24.13097998537721,-4.2736956136331345
-24.13249465677501,-4.273698464043756
-24.134009365858056,-4.273701357144177
-24.135524076188382,-4.27370418656992
-24.137038764921623,-4.273707059325831
-24.138553478663958,-4.273709940289146
-24.140068171818882,-4.27371283951844
-24.14158286434366,-4.273715765734794
-24.14309755731658,-4.273718784685118
-24.14461229493903,-4.2737218292101025
-24.146127022569868,-4.273724843759268
-24.14764173181248,-4.273727883154308
-24.14915644987699,-4.273730989741291
-24.150671197263858,-4.273734099607113
-24.152185916443255,-4.273737211205152
-24.153700620872815,-4.2737404130624554
-24.155215370967376,-4.273743648112567
-24.15673012804427,-4.273746828317234
-24.15824484523654,-4.273750077914824
-24.15975960646037,-4.273753380380688
-24.16127438170082,-4.2737566276724825
-24.16278910282607,-4.27375995531769
-24.164303872346885,-4.273763330979855
-24.16581865906524,-4.273766661658751
-24.16733340197283,-4.2737700656320925
-24.168848194512094,-4.273773469530876
-24.170362967333517,-4.2737768246432974
-24.17187773134793,-4.273780212272391
-24.173392489176948,-4.273783699260994
-24.174907283143163,-4.27378724708493
-24.176422079376408,-4.273790727613572
-24.177936829331315,-4.273794244922107
-24.179451621986427,-4.273797768134697
-24.18096639743372,-4.2738013480029755
-24.182481192138045,-4.273804931070261
-24.183995954613543,-4.273808560076498
-24.18551077034203,-4.273812192567046
-24.187025541015014,-4.273815907368074
-24.18854034473592,-4.2738196562528525
-24.190055161910337,-4.273823366182094
-24.191569963040944,-4.273827112106968
-24.193084789438146,-4.273830822917735
-24.19459958304836,-4.2738345757087135
-24.19611439345969,-4.273838351295293
-24.19762919614537,-4.273842159392264
-24.199143988042046,-4.2738460514983965
-24.200658830662576,-4.273849984435392
-24.20217366032858,-4.273853861685578
-24.203688455259716,-4.273857800441137
-24.205203299659576,-4.273861737309608
-24.206718098831306,-4.2738657238842
-24.208232950124568,-4.273869719306281
-24.20974775705156,-4.273873793983182
-24.21126262140705,-4.273877888497012
-24.21277747478277,-4.273881942463744
-24.21429230571303,-4.273886045136831
-24.21580716129905,-4.273890139983808
-24.217321996167133,-4.273894264113817
-24.218836845662814,-4.273898403031121
-24.220351704447268,-4.273902565373198
-24.221866543381783,-4.273906787833679
-24.22338142541373,-4.2739110386820505
-24.224896276292114,-4.273915306301449
-24.226411131385515,-4.273919615261802
-24.227926022556463,-4.273923899600309
-24.229440870294436,-4.2739282519189805
-24.23095575979584,-4.273932646030248
-24.23247064307306,-4.273936977538146
-24.233985505303227,-4.273941327546676
-24.235500367230237,-4.273945734023102
-24.23701526486167,-4.2739501595728555
-24.238530140191788,-4.273954649976146
-24.24004504481908,-4.273959134123979
-24.24155990902307,-4.273963684533317
-24.24307481334051,-4.273968278674877
-24.244589734777183,-4.273972820348096
-24.246104616239815,-4.2739774352181135
-24.247619538931815,-4.273982071443516
-24.249134454766498,-4.273986684968037
-24.250649360636334,-4.273991302680117
-24.252164259056727,-4.273996015354137
-24.25367919987403,-4.274000745012459
-24.255194134802267,-4.274005423914685
-24.256709019778057,-4.274010150155464
-24.25822396338843,-4.274014885983806
-24.25973887999018,-4.274019647340354
-24.26125378229266,-4.274024508708142
-24.262768722749286,-4.274029425051848
-24.264283682818903,-4.274034276547506
-24.265798593020474,-4.274039187180895
-24.267313545621057,-4.274044146160147
-24.26882851039117,-4.274049046209731
-24.270343427392813,-4.274054002032269
-24.271858390400933,-4.274058968686825
-24.27337331486565,-4.2740639747096925
-24.27488829532541,-4.274068981292981
-24.276403217318123,-4.274074041853236
-24.277918186890727,-4.274079117979506
-24.279433139708882,-4.274084223273965
-24.280948106476387,-4.274089353116741
-24.28246307198591,-4.274094505370475
-24.283978063250075,-4.2740996324381735
-24.285493009436898,-4.2741048020415064
-24.287007997672703,-4.274109976319984
-24.288522950670764,-4.274115173423703
-24.29003789742723,-4.274120446682864
-24.291552890432595,-4.274125735306026
-24.293067851805127,-4.274131099706902
-24.294582864895666,-4.274136456255232
-24.29609784836383,-4.274141753914539
-24.297612829212667,-4.27414711686566
-24.29912783495775,-4.274152473965788
-24.30064281278032,-4.274157877752713
-24.302157816045746,-4.274163302792458
-24.303672802155468,-4.274168747656147
-24.305187780140947,-4.274174263006216
-24.306702795304705,-4.2741798112436475
-24.30821781340392,-4.274185342120943
-24.309732824810574,-4.2741908736005545
-24.311247829810448,-4.27419646913333
-24.31276286228538,-4.274202121029342
-24.31427788337076,-4.274207716482222
-24.315792898727462,-4.274213326523901
-24.31730789916444,-4.274219015350246
-24.318822943726396,-4.274224755308381
-24.320337984967118,-4.274230456286856
-24.321853000483507,-4.274236242970091
-24.323368059461473,-4.2742420203918
-24.324883105739172,-4.274247760522402
-24.326398128056727,-4.274253519138096
-24.327913159926908,-4.274259378347819
-24.329428215179284,-4.274265291214797
-24.330943280475456,-4.27427114132033
-24.332458313884917,-4.274276995402257
-24.333973339737952,-4.274282929108924
-24.33548841537829,-4.274288899325569
-24.337003458690532,-4.274294902087964
-24.33851852815213,-4.274300893551194
-24.340033565117018,-4.274306929728307
-24.341548646136435,-4.274312999629809
-24.343063726935437,-4.274319042924417
-24.344578774403217,-4.274325130833486
-24.346093871619185,-4.2743312165402605
-24.347608939228632,-4.274337310693676
-24.349123995837843,-4.2743434470535115
-24.35063907353399,-4.274349635594765
-24.35215415953185,-4.2743558305313085
-24.353669221456958,-4.274362053205444
-24.355184330096257,-4.274368278582584
-24.356699399298556,-4.274374585008596
-24.358214500871703,-4.274380923617456
-24.35972961375562,-4.274387220427378
-24.36124470679512,-4.274393528761562
-24.362759797695013,-4.2743999257288925
-24.364274932473794,-4.274406337403174
-24.365790044016016,-4.274412690027101
-24.367305126694994,-4.274419100865531
-24.368820261942084,-4.274425527479778
-24.37033535417566,-4.274432039754007
-24.37185047950399,-4.274438590741123
-24.373365620930144,-4.2744450802988325
-24.37488071409436,-4.274451629484149
-24.37639585123205,-4.274458190533555
-24.377910960958538,-4.274464796505709
-24.379426099064055,-4.274471425775938
-24.380941245371346,-4.274478030808388
-24.382456354817986,-4.274484733282917
-24.383971515612576,-4.274491463402867
-24.385486680734864,-4.274498127931246
-24.387001806847522,-4.274504762627297
-24.388516916415686,-4.274511501628853
-24.390032089436115,-4.274518278088478
-24.391547203663418,-4.2745251029586715
-24.393062365341283,-4.274531939449848
-24.394577541286438,-4.274538739616995
-24.396092677928102,-4.274545562119917
-24.397607809101963,-4.274552459947351
-24.399122988759043,-4.274559406429384
-24.400638163880508,-4.274566310243839
-24.40215329610792,-4.274573272840115
-24.40366848327463,-4.274580251780512
-24.405183639570296,-4.274587281887408
-24.406698826570818,-4.274594321711228
-24.40821399734592,-4.2746013791509485
-24.409729183351534,-4.2746084232910295
-24.411244369071728,-4.2746154676262265
-24.41275952940731,-4.274622588856086
-24.414274747046154,-4.27462975464841
-24.415789935644572,-4.274636884879159
-24.417305120860554,-4.274644062130088
-24.41882033975882,-4.2746512310935785
-24.42033551824718,-4.274658439497215
-24.421850731805527,-4.274665643998249
-24.42336591322833,-4.274672903053725
-24.424881131017898,-4.274680163754419
-24.42639631255259,-4.274687477670779
-24.427911536524565,-4.274694803046278
-24.4294267288872,-4.274702186804392
-24.430941976418126,-4.274709594461917
-24.432457193415697,-4.27471694160611
-24.433972393971178,-4.274724311641246
-24.43548758783853,-4.274731763920898
-24.437002826135462,-4.274739233669387
-24.438518019521755,-4.274746752026237
-24.44003326226697,-4.274754299628167
-24.441548505551093,-4.274761822067625
-24.44306373174648,-4.274769373506618
-24.444578982403662,-4.274776886972113
-24.446094204120723,-4.274784427710161
-24.44760942383739,-4.274792031766577
-24.44912467715107,-4.274799666239758
-24.450639896515018,-4.274807396561927
-24.452155165757272,-4.274815148429278
-24.45367043334264,-4.274822838011505
-24.45518567874356,-4.274830544124033
-24.456700924291674,-4.274838295001982
-24.458216182706163,-4.274846059539338
-24.459731428169047,-4.274853913017404
-24.46124670413962,-4.274861805184082
-24.462761990495803,-4.274869631164109
-24.464277237130823,-4.27487752846303
-24.465792525527636,-4.274885482948474
-24.467307821976373,-4.274893382467965
-24.468823089845387,-4.274901274917059
-24.470338344332347,-4.274909245605371
-24.471853659862866,-4.274917249503651
-24.473368941773337,-4.274925220595231
-24.474884230110547,-4.2749331998664175
-24.476399513099196,-4.27494118266168
-24.477914782043058,-4.274949264330694
-24.479430093208965,-4.274957352322574
-24.48094537678888,-4.274965429412185
-24.482460650818478,-4.274973611976757
-24.483975977660492,-4.274981841580817
-24.485491303936364,-4.274990008367534
-24.487006583734672,-4.2749982077443995
-24.48852190111665,-4.275006407521001
-24.490037195559392,-4.275014664652279
-24.491552531267605,-4.275022931723492
-24.493067844114623,-4.275031191755533
-24.494583145421498,-4.275039486374467
-24.496098457160198,-4.275047805645542
-24.497613766838782,-4.2750561820317285
-24.499129111560514,-4.27506455977807
-24.500644414796014,-4.275073002237026
-24.502159757990707,-4.275081487268089
-24.503675110145235,-4.27508991625719
-24.50519043170262,-4.275098397830669
-24.50670579058054,-4.275106881708115
-24.50822111273447,-4.275115414597155
-24.50973646732702,-4.27512399220423
-24.51125182805072,-4.275132506715011
-24.512767160845126,-4.275141036781456
-24.51428248250564,-4.275149659943082
-24.51579786231761,-4.2751583285380645
-24.51731322573926,-4.275166959093842
-24.518828564653568,-4.275175606300009
-24.520343942184756,-4.275184261196497
-24.52185929645968,-4.275192952891331
-24.523374640818858,-4.275201724712962
-24.52489002553896,-4.275210548307495
-24.52640541513079,-4.27521931041085
-24.52792076809973,-4.275228089975567
-24.529436159685268,-4.275236869226479
-24.530951519057297,-4.275245692239309
-24.5324669135361,-4.275254510439088
-24.53398227231641,-4.275263355846999
-24.535497627720975,-4.275272298832892
-24.537013029216073,-4.275281263372257
-24.53852842446497,-4.275290189381525
-24.54004380467329,-4.275299122785006
-24.541559176388525,-4.275308132112297
-24.54307459247889,-4.275317167384885
-24.544589967930243,-4.275326258169915
-24.546105373571834,-4.275335379967117
-24.54762079719804,-4.2753444440522
-24.54913617665463,-4.275353576956833
-24.550651607558674,-4.275362721772678
-24.552167027841442,-4.275371822558596
-24.553682415343935,-4.275380966193024
-24.555197840628324,-4.275390133468518
-24.556713253320975,-4.275399324954353
-24.55822865707496,-4.275408606160764
-24.559744091410742,-4.275417943377639
-24.561259539855882,-4.275427210558889
-24.5627749591971,-4.275436472394631
-24.564290362557927,-4.2754457772473975
-24.56580580524423,-4.275455097052183
-24.567321236485334,-4.275464440682794
-24.568836656420515,-4.275473864939972
-24.57035212752662,-4.275483300782256
-24.571867558879056,-4.27549270276127
-24.573382998704865,-4.2755021280076315
-24.574898428053125,-4.275511621021789
-24.57641388997788,-4.275521177994917
-24.577929353037746,-4.275530672291618
-24.57944478817061,-4.275540170846476
-24.580960228087115,-4.2755497723102
-24.58247570288614,-4.275559424015878
-24.583991185251868,-4.275569024506145
-24.585506634714275,-4.27557860815088
-24.587022076917467,-4.2755882514799515
-24.58853755940998,-4.275597891729667
-24.59005300519065,-4.275607599924119
-24.591568495059363,-4.275617308182206
-24.5930839526059,-4.275627036566791
-24.594599418976564,-4.275636811231912
-24.596114915354185,-4.275646577906879
-24.597630388518546,-4.275656366689208
-24.59914585948012,-4.275666247065587
-24.60066136496358,-4.275676174143269
-24.60217687518003,-4.27568603313388
-24.60369234132884,-4.275695939832516
-24.605207861951236,-4.275705868310644
-24.60672337379347,-4.275715741670184
-24.60823884879756,-4.27572565551281
-24.609754352420428,-4.275735604815995
-24.611269856139813,-4.275745581352621
-24.61278534260509,-4.275755615660806
-24.61430086778884,-4.275765659987706
-24.615816355202075,-4.275775753910523
-24.61733187906206,-4.275785900554152
-24.618847419225954,-4.275795992398346
-24.620362904317883,-4.2758061320659335
-24.621878446114113,-4.275816293336344
-24.623393971447605,-4.275826420781618
-24.624909480510464,-4.275836566429565
-24.626424982997072,-4.275846781193538
-24.62794052424228,-4.275857028901305
-24.629456051416582,-4.275867263283893
-24.63097155351104,-4.275877578376741
-24.632487108992947,-4.275887922512925
-24.634002658729454,-4.275898233916271
-24.635518192250778,-4.27590858652874
-24.637033745263885,-4.275918895483064
-24.638549271056522,-4.2759292451573625
-24.64006479441476,-4.275939712541017
-24.641580381137658,-4.275950198426936
-24.643095934366897,-4.275960590284655
-24.644611474010226,-4.275971013029759
-24.64612702240086,-4.275981565591966
-24.647642607939318,-4.275992135947488
-24.64915818839366,-4.276002639524271
-24.650673726638537,-4.2760131965321
-24.652189309648197,-4.276023827526552
-24.653704897431233,-4.276034412142629
-24.655220446613818,-4.276045053546772
-24.656736036778003,-4.276055717141167
-24.65825161243061,-4.276066325385
-24.659767183012644,-4.276076965158275
-24.661282751467482,-4.276087693021729
-24.66279834197169,-4.276098420699929
-24.664313919383805,-4.276109173905976
-24.665829513871767,-4.2761199379911
-24.667345098146654,-4.276130712922997
-24.668860671410638,-4.276141566602097
-24.67037627935112,-4.276152481238768
-24.671891899529626,-4.276163339048584
-24.673407483065944,-4.2761742703035015
-24.67492311250472,-4.276185205699195
-24.67643872888737,-4.276196065947497
-24.677954324754808,-4.276206995465376
-24.67946995842627,-4.276217943325229
-24.680985543372778,-4.276228943966671
-24.68250118635344,-4.276239957961703
-24.684016781584702,-4.276251027485109
-24.685532408417714,-4.276262135932835
-24.687048062508207,-4.276273205279653
-24.688563678618213,-4.276284308188966
-24.69007930347781,-4.276295450105787
-24.69159497016885,-4.276306576429288
-24.69311058154318,-4.276317775741023
-24.694626235534763,-4.2763290252771275
-24.696141904457217,-4.276340210959765
-24.697657521521144,-4.27635146537
-24.69917318683587,-4.276362771956045
-24.700688865585867,-4.276374016437115
-24.70220448754273,-4.2763852997729686
-24.703720156249283,-4.276396598314515
-24.705235793271452,-4.276407946924806
-24.706751470266727,-4.276419311401204
-24.70826713549063,-4.276430647398623
-24.70978277923247,-4.276442001650291
-24.71129842922874,-4.276453419525737
-24.71281411401441,-4.276464843002102
-24.714329755568823,-4.276476343666888
-24.71584543569515,-4.2764878969727915
-24.717361129289447,-4.27649939135782
-24.718876777919437,-4.276510937111705
-24.72039247272613,-4.276522535882817
-24.721908175656864,-4.2765340695824525
-24.723423834115255,-4.276545663490401
-24.72493953679472,-4.276557261548433
-24.726455199557137,-4.276568914731344
-24.727970903413325,-4.2765805983850385
-24.729486602918282,-4.276592225616418
-24.73100228134111,-4.276603861701018
-24.732517957888785,-4.276615563206181
-24.734033670352343,-4.276627283269735
-24.7355493534139,-4.276639065108005
-24.737065077832163,-4.276650834269972
-24.73858076072523,-4.27666266203458
-24.740096469432103,-4.276674530452752
-24.741612205577827,-4.276686353427875
-24.743127893660066,-4.276698192676972
-24.744643634757928,-4.2767100264447535
-24.746159328023527,-4.276721889749897
-24.747675026802277,-4.2767338779022905
-24.749190779052345,-4.2767458789470965
-24.750706512155507,-4.276757795238255
-24.752222228825932,-4.2767697260670685
-24.753737932637105,-4.276781771168563
-24.755253673275064,-4.276793868662065
-24.75676942688226,-4.276805903979245
-24.758285143032836,-4.276817983512621
-24.759800892368673,-4.276830115135196
-24.76131664756428,-4.2768421805697265
-24.76283237911358,-4.27685427288534
-24.764348128869663,-4.276866381191255
-24.765863860977447,-4.27687852682664
-24.767379589679667,-4.276890771430796
-24.76889535400974,-4.276903052391938
-24.770411129473462,-4.276915286347663
-24.77192686564431,-4.27692754253344
-24.773442637922038,-4.2769397945454015
-24.774958377286886,-4.276952082033324
-24.776474158157928,-4.276964376587012
-24.77798989830458,-4.276976716828305
-24.77950567741667,-4.27698905750497
-24.78102143721638,-4.277001416312791
-24.782537192080856,-4.277013877535328
-24.784052986225337,-4.27702636774402
-24.785568771462064,-4.277038807227759
-24.78708455934987,-4.27705123841339
-24.788600340197853,-4.277063693918507
-24.790116111076554,-4.277076246216929
-24.791631913912397,-4.27708885418678
-24.793147730895377,-4.277101385152285
-24.794663499511923,-4.277113937179194
-24.796179299950794,-4.277126511944952
-24.797695077276266,-4.277139130606033
-24.799210889746202,-4.277151738208397
-24.800726660580416,-4.2771643962760955
-24.80224248505462,-4.277177082023783
-24.8037582648802,-4.277189793564296
-24.80527408836053,-4.277202506556632
-24.806789884566157,-4.277215190259375
-24.808305661491453,-4.277227963314088
-24.809821493212297,-4.277240781379557
-24.81133730900912,-4.277253553114777
-24.812853115931624,-4.277266336581097
-24.814368912581052,-4.277279206099511
-24.81588475202126,-4.2772921195257405
-24.817400587532486,-4.27730498870877
-24.818916405185515,-4.277317892118714
-24.820432252908574,-4.277330782042127
-24.821948057265196,-4.2773437624272175
-24.82346391686751,-4.277356780587822
-24.824979772376555,-4.277369730851241
-24.826495579498296,-4.277382774689341
-24.828011455663717,-4.277395842406906
-24.829527295949703,-4.2774088218105
-24.831043129995447,-4.2774218322757225
-24.83255896734635,-4.27743495614056
-24.8340748298585,-4.277448141683698
-24.835590704435003,-4.2774612596021715
-24.837106533970765,-4.277474424249431
-24.83862240894958,-4.277487608490744
-24.840138276608087,-4.277500766496806
-24.841654112706898,-4.277513968849032
-24.843169992952234,-4.27752716343969
-24.844685843633822,-4.277540363873562
-24.846201686690716,-4.277553652078865
-24.847717570159517,-4.2775669668028
-24.849233431255474,-4.277580239366056
-24.850749286264826,-4.277593529028299
-24.85226514075103,-4.277606933992005
-24.853781035287785,-4.277620389103828
-24.855296939147234,-4.2776337999623
-24.85681281125336,-4.277647165367916
-24.858328674203754,-4.277660582271705
-24.859844571535977,-4.27767400433658
-24.8613604461619,-4.2776874585938
-24.862876317572223,-4.277701000252617
-24.86439223915512,-4.277714571468749
-24.86590814391096,-4.2777280796057475
-24.867424028245356,-4.277741592931174
-24.868939920219663,-4.277755189049886
-24.87045585481401,-4.277768802727543
-24.87197174843794,-4.277782397421637
-24.873487645327934,-4.277796020223976
-24.875003546371396,-4.277809754679952
-24.876519496361666,-4.277823514281572
-24.878035414087435,-4.277837175786238
-24.879551324743296,-4.277850840799501
-24.881067237421906,-4.27786449195913
-24.88258312201147,-4.277878265183005
-24.884099079406713,-4.277892102114737
-24.88561498547167,-4.277905992071374
-24.88713094097378,-4.2779198783467445
-24.888646884228553,-4.277933672330231
-24.890162793421812,-4.277947519918842
-24.891678743551317,-4.277961384404964
-24.89319466064699,-4.277975331018028
-24.894710616503932,-4.277989316702212
-24.896226565628517,-4.278003196072908
-24.897742482993323,-4.278017080887747
-24.899258427245673,-4.278031041985116
-24.900774356230865,-4.2780450753785635
-24.902290329581707,-4.278059122958288
-24.903806266242146,-4.27807322418327
-24.905322247029808,-4.278087337257254
-24.906838184709997,-4.278101498030371
-24.908354181486217,-4.278115666743099
-24.90987015657348,-4.278129708877562
-24.911386088622958,-4.278143852994053
-24.912902092869317,-4.2781580599305835
-24.914418049207637,-4.27817230783251
-24.9159340309703,-4.278186580530608
-24.917450024370375,-4.278200768238719
-24.918965971958148,-4.278214995969264
-24.920481973083017,-4.278229245510228
-24.921997937378126,-4.2782435520444935
-24.923513932123164,-4.278257856548393
-24.925029897082506,-4.278272206374056
-24.926545907433173,-4.278286564666822
-24.92806186943245,-4.278300982176044
-24.929577885030778,-4.278315419208814
-24.931093894452236,-4.278329762371524
-24.932609845487217,-4.278344224205093
-24.93412587243254,-4.278358785107776
-24.935641903107122,-4.278373271388544
-24.937157886528507,-4.278387826495966
-24.938673919296857,-4.278402387011214
-24.940189944042203,-4.2784168461103205
-24.941705924726097,-4.278431407348581
-24.943221965706737,-4.278446035616432
-24.944737991302297,-4.27846061307826
-24.946253993466332,-4.278475183790975
-24.947770003562056,-4.278489820934837
-24.94928604197094,-4.278504472693502
-24.950802051657703,-4.278519146537321
-24.9523180830261,-4.278533820122515
-24.953834097854052,-4.278548509859775
-24.95535010319977,-4.278563294191425
-24.956866153083357,-4.278578122519342
-24.958382208021373,-4.278592894062911
-24.959898216824243,-4.2786077117848285
-24.961414286148678,-4.27862254227095
-24.962930302071754,-4.278637414672113
-24.964446373160595,-4.278652310642131
-24.965962415589598,-4.278667280863096
-24.96747849991101,-4.27868224773452
-24.968994578583807,-4.278697128633303
-24.970510605139594,-4.278712058359912
-24.972026684607233,-4.278727007969291
-24.973542738636873,-4.278741960509731
-24.975058790869777,-4.278756963376944
-24.97657486472919,-4.27877198271821
-24.978090909502175,-4.2787869814001445
-24.97960696221607,-4.278802086133064
-24.981123052218475,-4.278817265301841
-24.98263914147786,-4.278832329839447
-24.98415518393488,-4.278847431343008
-24.985671280799014,-4.278862567015477
-24.987187337898,-4.278877644839102
-24.98870338624081,-4.278892750841242
-24.990219468099973,-4.2789079353744235
-24.99173552842078,-4.278923216584839
-24.99325163086687,-4.278938539916127
-24.99476773686068,-4.278953791712059
-24.996283801576705,-4.278969109338198
-24.997799915952395,-4.278984477495779
-24.999316022717668,-4.27899978847199
-25.000832122746026,-4.279015069442368
-25.00234820547746,-4.279030394244517
-25.003864294381177,-4.279045846109799
-25.005380411779587,-4.279061351580885
-25.006896538169123,-4.279076731358271
-25.008412616701392,-4.279092153643097
-25.009928757377295,-4.279107625165129
-25.011444856391787,-4.279123170691574
-25.012961003064945,-4.27913873000752
-25.014477123995295,-4.279154149759093
-25.015993213128716,-4.279169586880141
-25.01750932438513,-4.279185109324539
-25.019025434483062,-4.279200680219773
-25.020541559061126,-4.2792163092139255
-25.0220576935438,-4.279231945139613
-25.023573809245285,-4.279247602847197
-25.025089943447732,-4.27926323175621
-25.026606066986965,-4.279278882371146
-25.028122170917378,-4.279294621554731
-25.02963834066669,-4.279310419155495
-25.031154507246793,-4.2793261594427126
-25.03267062211533,-4.279341943471343
-25.0341867881576,-4.279357704789399
-25.035702909794416,-4.279373530767085
-25.03721909645108,-4.279389403761128
-25.038735231221754,-4.279405306432666
-25.04025141488343,-4.279421199303327
-25.04176758085069,-4.279437018919357
-25.043283725017112,-4.279452863626817
-25.044799871030378,-4.279468797221315
-25.046316053857172,-4.279484738372222
-25.0478322105315,-4.279500727945433
-25.04934839067799,-4.279516665463283
-25.050864519314114,-4.2795326759600725
-25.05238071739254,-4.279548762089046
-25.05389690395659,-4.279564772169284
-25.05541305413289,-4.279580762602521
-25.056929208612697,-4.279596881297994
-25.058445421836474,-4.279613057669082
-25.05996163075137,-4.279629172805272
-25.061477791489487,-4.279645314246153
-25.062993998399897,-4.279661416741507
-25.064510157503225,-4.279677587068508
-25.06602637203127,-4.279693798244746
-25.067542555700147,-4.279710050232555
-25.06905877835495,-4.2797262791413075
-25.07057495583116,-4.279742583836054
-25.07209118227376,-4.279758934101246
-25.073607410118143,-4.279775206487247
-25.075123594077,-4.279791493691337
-25.076639812153296,-4.279807779258432
-25.07815599815315,-4.279824086256239
-25.079672189031502,-4.279840532745019
-25.081188444651932,-4.2798570151471536
-25.082704681118116,-4.279873392843884
-25.08422088453697,-4.27988979973898
-25.085737106519876,-4.279906171637179
-25.0872532951458,-4.279922598619572
-25.0887695071428,-4.279939129531081
-25.09028575157895,-4.279955631308951
-25.09180196154759,-4.279972135839279
-25.09331819412048,-4.279988665983482
-25.09483439678632,-4.280005303039902
-25.096350664803467,-4.280021982449721
-25.09786691723355,-4.280038559215595
-25.09938313361762,-4.2800551341673
-25.100899358524877,-4.280071855910367
-25.1024156392325,-4.280088652915127
-25.103931921027748,-4.280105331342574
-25.105448121773343,-4.280122008469064
-25.10696439224063,-4.280138717606709
-25.108480628563807,-4.280155511421802
-25.10999690296942,-4.2801723451380225
-25.11151318677222,-4.2801891190743575
-25.11302941838317,-4.28020594563189
-25.114545714563207,-4.2802227965833275
-25.116061959711395,-4.280239673929404
-25.117578232472432,-4.280256610295675
-25.119094540984563,-4.280273524109518
-25.12061079714984,-4.280290491518136
-25.122127102591776,-4.2803074577535085
-25.123643402764085,-4.280324329193503
-25.12515965735766,-4.280341260361653
-25.126675958913168,-4.2803582056123215
-25.128192219168326,-4.280375289015582
-25.129708543883414,-4.280392420875901
-25.131224847598585,-4.280409377930024
-25.132741111289487,-4.280426378919661
-25.134257401137408,-4.280443489473196
-25.135773687076654,-4.28046068669797
-25.137290020507724,-4.280477893862499
-25.13880634181163,-4.280495011622278
-25.14032264040776,-4.280512047434258
-25.141838913330226,-4.280529161047743
-25.14335518559898,-4.280546431572327
-25.144871527465504,-4.2805637480417
-25.14638785828714,-4.280580958859138
-25.147904141537712,-4.280598149942503
-25.149420443962526,-4.280615424447687
-25.150936776481824,-4.280632672831425
-25.152453054893776,-4.280649996650848
-25.1539694040001,-4.280667367089222
-25.155485701389313,-4.280684756187653
-25.157002039416533,-4.280702198944505
-25.158518395075518,-4.280719582746698
-25.16003469331341,-4.28073705602003
-25.16155106472862,-4.2807545731847805
-25.16306742035738,-4.280771975764051
-25.164583733989097,-4.2807893857300074
-25.16610004386094,-4.2808068855309385
-25.16761641157028,-4.280824374572048
-25.169132713388503,-4.280841939928607
-25.170649080555936,-4.280859558561705
-25.17216544089797,-4.280877076646678
-25.173681751075573,-4.280894613337947
-25.175198097790208,-4.280912246187553
-25.176714462850818,-4.28092984483031
-25.178230795013555,-4.280947494243988
-25.179747150487096,-4.280965272738342
-25.18126355002436,-4.280983046595445
-25.182779930626364,-4.281000690924537
-25.18429625763658,-4.281018414008629
-25.18581265645263,-4.281036191733826
-25.187329043728887,-4.2810538930464395
-25.188845378272134,-4.2810717270152505
-25.190361773505266,-4.281089648532479
-25.191878179040764,-4.281107456427752
-25.19339452234091,-4.281125334806136
-25.194910929307973,-4.281143223684836
-25.19642733443847,-4.2811610401684685
